{"type":"FeatureCollection","features":[{"type":"Feature","properties":{"tipo":"Curvas de nível (Vila)","intervalo_exibicao_m":5,"metodo":"cadência 1:5 da base CAD de 1 m, após deduplicação"},"geometry":{"type":"MultiLineString","coordinates":[[[-46.30548,-23.781677,0.0],[-46.305493,-23.78169,0.0]],[[-46.30605,-23.781658,0.0],[-46.306041,-23.781688,0.0]],[[-46.306441,-23.781632,0.0],[-46.30644,-23.781687,0.0]],[[-46.306112,-23.781617,0.0],[-46.306141,-23.78169,0.0]],[[-46.30628,-23.781615,0.0],[-46.306291,-23.781687,0.0]],[[-46.305767,-23.781629,0.0],[-46.305821,-23.781689,0.0]],[[-46.305099,-23.781674,0.0],[-46.305058,-23.78169,0.0]],[[-46.306397,-23.781606,0.0],[-46.306395,-23.781687,0.0]],[[-46.305411,-23.781592,0.0],[-46.305509,-23.78169,0.0]],[[-46.306313,-23.781584,0.0],[-46.306321,-23.781688,0.0]],[[-46.305175,-23.781572,0.0],[-46.305278,-23.781693,0.0]],[[-46.30539,-23.78155,0.0],[-46.30553,-23.78169,0.0]],[[-46.305529,-23.781526,0.0],[-46.305647,-23.781651,0.0]],[[-46.305199,-23.781449,0.0],[-46.305444,-23.78169,0.0]],[[-46.304768,-23.781586,0.0],[-46.304777,-23.781691,0.0]],[[-46.305755,-23.781427,0.0],[-46.305647,-23.781485,0.0],[-46.30573,-23.781572,0.0]],[[-46.30534,-23.78169,0.0],[-46.304904,-23.781352,0.0]],[[-46.305229,-23.781157,0.0],[-46.30579,-23.781689,0.0]],[[-46.305055,-23.781043,0.0],[-46.305764,-23.78169,0.0]],[[-46.306412,-23.781571,0.0],[-46.306407,-23.781686,0.0]],[[-46.307523,-23.781663,0.0],[-46.307484,-23.781686,0.0]],[[-46.307576,-23.781637,0.0],[-46.307523,-23.781663,0.0]],[[-46.30655,-23.781612,0.0],[-46.306524,-23.781687,0.0]],[[-46.308251,-23.781685,0.0],[-46.308141,-23.781532,0.0]],[[-46.310056,-23.781682,0.0],[-46.309635,-23.781364,0.0],[-46.308497,-23.781453,0.0],[-46.308325,-23.78125,0.0],[-46.307976,-23.781138,0.0],[-46.307432,-23.781272,0.0],[-46.306998,-23.781609,0.0],[-46.306583,-23.781623,0.0]],[[-46.307967,-23.781104,0.0],[-46.307367,-23.781261,0.0],[-46.306997,-23.781579,0.0],[-46.306528,-23.781596,0.0]],[[-46.310139,-23.781681,0.0],[-46.309969,-23.781468,0.0],[-46.309609,-23.781266,0.0],[-46.308934,-23.781353,0.0],[-46.307992,-23.781051,0.0],[-46.3073,-23.781218,0.0],[-46.306936,-23.78156,0.0],[-46.306524,-23.781525,0.0],[-46.30646,-23.78161,0.0]],[[-46.308011,-23.780997,0.0],[-46.307201,-23.781149,0.0],[-46.306943,-23.781523,0.0],[-46.306454,-23.781474,0.0],[-46.306412,-23.781571,0.0]],[[-46.308157,-23.78095,0.0],[-46.307359,-23.781016,0.0],[-46.307064,-23.781133,0.0],[-46.306845,-23.781425,0.0],[-46.306345,-23.78143,0.0],[-46.306313,-23.781584,0.0]],[[-46.308277,-23.781281,0.0],[-46.30817,-23.781232,0.0]],[[-46.306528,-23.781596,0.0],[-46.306502,-23.781688,0.0]],[[-46.308021,-23.780811,0.0],[-46.30714,-23.780826,0.0],[-46.306632,-23.781247,0.0],[-46.306118,-23.781294,0.0],[-46.306067,-23.781594,0.0]],[[-46.30554,-23.781227,0.0],[-46.305385,-23.781254,0.0],[-46.305467,-23.781356,0.0]],[[-46.304819,-23.781291,0.0],[-46.304599,-23.781207,0.0]],[[-46.304609,-23.781182,0.0],[-46.304816,-23.781259,0.0]],[[-46.305027,-23.781059,0.0],[-46.30523,-23.78124,0.0]],[[-46.305608,-23.781037,0.0],[-46.3055,-23.781012,0.0]],[[-46.304899,-23.780947,0.0],[-46.305047,-23.78106,0.0]],[[-46.305573,-23.780968,0.0],[-46.305355,-23.78089,0.0]],[[-46.304726,-23.780787,0.0],[-46.304895,-23.780953,0.0]],[[-46.306301,-23.780935,0.0],[-46.305612,-23.780933,0.0],[-46.305338,-23.780834,0.0]],[[-46.305269,-23.780894,0.0],[-46.305234,-23.780833,0.0]],[[-46.309781,-23.781678,0.0],[-46.309503,-23.781683,0.0]],[[-46.308754,-23.781604,0.0],[-46.308659,-23.781685,0.0]],[[-46.309914,-23.781682,0.0],[-46.30972,-23.781523,0.0],[-46.30943,-23.781538,0.0]],[[-46.31009,-23.781678,0.0],[-46.309614,-23.781311,0.0],[-46.308739,-23.781397,0.0],[-46.30824,-23.781161,0.0]],[[-46.310273,-23.781681,0.0],[-46.310072,-23.7814,0.0],[-46.309624,-23.781171,0.0],[-46.30901,-23.781282,0.0],[-46.308373,-23.781002,0.0]],[[-46.310346,-23.781682,0.0],[-46.310083,-23.781319,0.0],[-46.309654,-23.781115,0.0],[-46.309372,-23.781073,0.0],[-46.309068,-23.781233,0.0],[-46.308271,-23.780932,0.0]],[[-46.310428,-23.781681,0.0],[-46.31017,-23.781265,0.0],[-46.309675,-23.781028,0.0],[-46.30934,-23.780973,0.0],[-46.309082,-23.781135,0.0],[-46.308482,-23.780909,0.0]],[[-46.310561,-23.78168,0.0],[-46.310494,-23.781376,0.0],[-46.310178,-23.781122,0.0],[-46.309339,-23.780804,0.0],[-46.309028,-23.780963,0.0],[-46.30843,-23.780764,0.0]],[[-46.311496,-23.781029,0.0],[-46.31146,-23.781256,0.0],[-46.311269,-23.781469,0.0],[-46.310708,-23.781603,0.0],[-46.310588,-23.781315,0.0],[-46.310297,-23.781069,0.0],[-46.309356,-23.780649,0.0],[-46.308949,-23.780776,0.0],[-46.308283,-23.780606,0.0]],[[-46.310311,-23.781681,0.0],[-46.310061,-23.781341,0.0],[-46.309638,-23.781133,0.0],[-46.309409,-23.781102,0.0],[-46.309057,-23.781253,0.0],[-46.308313,-23.780953,0.0],[-46.307804,-23.780925,0.0],[-46.307082,-23.781098,0.0],[-46.306839,-23.781398,0.0],[-46.306358,-23.781404,0.0],[-46.306299,-23.781607,0.0]],[[-46.310643,-23.781678,0.0],[-46.31049,-23.781277,0.0],[-46.30983,-23.780887,0.0],[-46.309344,-23.780721,0.0],[-46.308941,-23.780863,0.0],[-46.308241,-23.780672,0.0]],[[-46.310574,-23.781679,0.0],[-46.310465,-23.781324,0.0],[-46.30971,-23.780907,0.0],[-46.309334,-23.78079,0.0],[-46.309042,-23.78095,0.0],[-46.308455,-23.780751,0.0],[-46.307668,-23.780695,0.0],[-46.307022,-23.780786,0.0],[-46.306559,-23.781184,0.0],[-46.306021,-23.781221,0.0],[-46.305902,-23.781558,0.0]],[[-46.308196,-23.780747,0.0],[-46.307088,-23.780776,0.0],[-46.306797,-23.780941,0.0],[-46.306607,-23.781189,0.0],[-46.306007,-23.781248,0.0],[-46.305975,-23.78163,0.0]],[[-46.308234,-23.780629,0.0],[-46.307181,-23.780611,0.0],[-46.306896,-23.780697,0.0],[-46.306451,-23.781101,0.0],[-46.305397,-23.781118,0.0]],[[-46.30811,-23.780991,0.0],[-46.307963,-23.780983,0.0]],[[-46.308271,-23.780932,0.0],[-46.308007,-23.780915,0.0]],[[-46.308195,-23.780876,0.0],[-46.30749,-23.780837,0.0],[-46.307111,-23.780925,0.0],[-46.306737,-23.781277,0.0],[-46.306196,-23.781341,0.0],[-46.306145,-23.781549,0.0]],[[-46.310901,-23.780831,0.0],[-46.311019,-23.781114,0.0],[-46.310907,-23.781299,0.0],[-46.310424,-23.780957,0.0],[-46.309278,-23.780419,0.0],[-46.308897,-23.780594,0.0],[-46.308298,-23.780405,0.0],[-46.308048,-23.780473,0.0],[-46.307198,-23.780382,0.0],[-46.306819,-23.780427,0.0],[-46.306303,-23.780651,0.0],[-46.306194,-23.780818,0.0],[-46.305555,-23.780794,0.0]],[[-46.308122,-23.780623,0.0],[-46.306948,-23.780634,0.0],[-46.306468,-23.781035,0.0],[-46.306234,-23.781114,0.0],[-46.305314,-23.781045,0.0]],[[-46.30822,-23.780696,0.0],[-46.308,-23.780704,0.0]],[[-46.308087,-23.780604,0.0],[-46.307949,-23.780607,0.0]],[[-46.307965,-23.780428,0.0],[-46.306776,-23.78035,0.0],[-46.305872,-23.780665,0.0],[-46.305299,-23.78055,0.0]],[[-46.308229,-23.780573,0.0],[-46.308189,-23.7806,0.0]],[[-46.311076,-23.780923,0.0],[-46.311109,-23.781299,0.0],[-46.310898,-23.781401,0.0],[-46.310316,-23.780958,0.0],[-46.309294,-23.780466,0.0],[-46.308933,-23.780644,0.0],[-46.308257,-23.78046,0.0],[-46.308048,-23.780523,0.0],[-46.30724,-23.780441,0.0],[-46.306463,-23.780708,0.0],[-46.306345,-23.780909,0.0]],[[-46.311233,-23.781,0.0],[-46.311202,-23.78138,0.0],[-46.310886,-23.781499,0.0],[-46.310402,-23.78106,0.0],[-46.309328,-23.780529,0.0],[-46.308954,-23.780687,0.0],[-46.308298,-23.780521,0.0]],[[-46.31083,-23.780647,0.0],[-46.310758,-23.780762,0.0],[-46.310952,-23.781142,0.0],[-46.310854,-23.781217,0.0],[-46.309315,-23.780392,0.0],[-46.308806,-23.780558,0.0],[-46.308164,-23.780369,0.0]],[[-46.308413,-23.780779,0.0],[-46.308194,-23.780756,0.0]],[[-46.308456,-23.780649,0.0],[-46.308239,-23.78062,0.0]],[[-46.309984,-23.780388,0.0],[-46.309517,-23.780153,0.0],[-46.309121,-23.780189,0.0]],[[-46.309074,-23.780319,0.0],[-46.308862,-23.780424,0.0],[-46.308302,-23.780217,0.0],[-46.308084,-23.780238,0.0]],[[-46.310182,-23.780458,0.0],[-46.309984,-23.780388,0.0]],[[-46.310689,-23.7799,0.0],[-46.310658,-23.780412,0.0],[-46.310291,-23.780622,0.0],[-46.30938,-23.780224,0.0],[-46.308838,-23.780372,0.0],[-46.308364,-23.780196,0.0]],[[-46.310387,-23.780005,0.0],[-46.310399,-23.780225,0.0],[-46.310275,-23.780336,0.0],[-46.3098,-23.780115,0.0]],[[-46.309948,-23.779899,0.0],[-46.310309,-23.779965,0.0],[-46.310355,-23.780139,0.0],[-46.310256,-23.780292,0.0]],[[-46.310041,-23.780036,0.0],[-46.310128,-23.779964,0.0],[-46.310217,-23.780106,0.0],[-46.310166,-23.780186,0.0],[-46.310029,-23.780129,0.0]],[[-46.304894,-23.780779,0.0],[-46.304816,-23.780746,0.0],[-46.304849,-23.780878,0.0]],[[-46.305408,-23.780857,0.0],[-46.305307,-23.78077,0.0]],[[-46.305307,-23.78077,0.0],[-46.305284,-23.780713,0.0]],[[-46.30524,-23.780816,0.0],[-46.304732,-23.780647,0.0]],[[-46.305268,-23.780748,0.0],[-46.304765,-23.780598,0.0]],[[-46.304831,-23.780649,0.0],[-46.304516,-23.780456,0.0]],[[-46.307966,-23.780439,0.0],[-46.306812,-23.780369,0.0],[-46.30615,-23.780686,0.0],[-46.305514,-23.780687,0.0],[-46.304848,-23.780448,0.0],[-46.304415,-23.780145,0.0]],[[-46.305526,-23.78043,0.0],[-46.305323,-23.780367,0.0]],[[-46.306357,-23.780327,0.0],[-46.305917,-23.78048,0.0],[-46.305416,-23.780348,0.0]],[[-46.306411,-23.780279,0.0],[-46.306357,-23.780327,0.0]],[[-46.305886,-23.780318,0.0],[-46.305775,-23.780354,0.0],[-46.305593,-23.780241,0.0]],[[-46.308155,-23.780472,0.0],[-46.307941,-23.780491,0.0]],[[-46.308127,-23.780377,0.0],[-46.307967,-23.780418,0.0]],[[-46.308111,-23.780304,0.0],[-46.307929,-23.780367,0.0]],[[-46.309856,-23.780718,0.0],[-46.309283,-23.780407,0.0],[-46.308823,-23.780581,0.0],[-46.308319,-23.78039,0.0],[-46.308016,-23.780458,0.0],[-46.3072,-23.780371,0.0],[-46.306825,-23.780395,0.0],[-46.306185,-23.780729,0.0],[-46.305505,-23.780732,0.0],[-46.304586,-23.78034,0.0],[-46.303919,-23.779784,0.0]],[[-46.308084,-23.780238,0.0],[-46.307957,-23.780298,0.0]],[[-46.307926,-23.780324,0.0],[-46.307003,-23.780211,0.0],[-46.306385,-23.780282,0.0]],[[-46.308525,-23.780311,0.0],[-46.308477,-23.780293,0.0]],[[-46.308369,-23.780215,0.0],[-46.308292,-23.780199,0.0]],[[-46.308198,-23.780146,0.0],[-46.307984,-23.780199,0.0]],[[-46.307847,-23.780127,0.0],[-46.307704,-23.780109,0.0]],[[-46.307968,-23.780137,0.0],[-46.306975,-23.780031,0.0],[-46.30584,-23.780193,0.0]],[[-46.306299,-23.780274,0.0],[-46.306149,-23.780323,0.0]],[[-46.305846,-23.780321,0.0],[-46.305552,-23.780201,0.0]],[[-46.306004,-23.780251,0.0],[-46.305906,-23.780318,0.0]],[[-46.305593,-23.780241,0.0],[-46.305357,-23.780208,0.0]],[[-46.30584,-23.780193,0.0],[-46.305832,-23.780076,0.0]],[[-46.306144,-23.780078,0.0],[-46.306108,-23.780046,0.0]],[[-46.305862,-23.780063,0.0],[-46.305684,-23.78007,0.0]],[[-46.307534,-23.780369,0.0],[-46.306526,-23.78031,0.0],[-46.306179,-23.780478,0.0],[-46.305736,-23.780527,0.0],[-46.304686,-23.780217,0.0],[-46.303797,-23.779463,0.0]],[[-46.306137,-23.780041,0.0],[-46.306151,-23.779992,0.0]],[[-46.305649,-23.780422,0.0],[-46.304802,-23.780181,0.0],[-46.303941,-23.77941,0.0]],[[-46.306322,-23.779937,0.0],[-46.306274,-23.77994,0.0]],[[-46.296919,-23.781672,0.0],[-46.297043,-23.781706,0.0]],[[-46.297229,-23.78164,0.0],[-46.297278,-23.781707,0.0]],[[-46.299649,-23.781678,0.0],[-46.299782,-23.781701,0.0]],[[-46.299791,-23.781648,0.0],[-46.299912,-23.781702,0.0]],[[-46.297896,-23.781629,0.0],[-46.298019,-23.781705,0.0]],[[-46.298162,-23.781625,0.0],[-46.29822,-23.781705,0.0]],[[-46.297225,-23.781604,0.0],[-46.297309,-23.781706,0.0]],[[-46.297312,-23.781584,0.0],[-46.297363,-23.781706,0.0]],[[-46.300048,-23.781701,0.0],[-46.299776,-23.781596,0.0]],[[-46.298723,-23.781588,0.0],[-46.298728,-23.781701,0.0]],[[-46.298541,-23.781576,0.0],[-46.298542,-23.781703,0.0]],[[-46.298445,-23.781573,0.0],[-46.298469,-23.781701,0.0]],[[-46.298733,-23.781548,0.0],[-46.298737,-23.781701,0.0]],[[-46.299663,-23.781477,0.0],[-46.299369,-23.781502,0.0],[-46.298936,-23.781704,0.0]],[[-46.297166,-23.781584,0.0],[-46.297229,-23.78164,0.0]],[[-46.297332,-23.781396,0.0],[-46.297459,-23.781707,0.0]],[[-46.298857,-23.781704,0.0],[-46.299481,-23.781437,0.0],[-46.299966,-23.781471,0.0],[-46.300206,-23.78158,0.0]],[[-46.299669,-23.781468,0.0],[-46.300158,-23.78159,0.0]],[[-46.298608,-23.781487,0.0],[-46.298619,-23.781513,0.0]],[[-46.299122,-23.781525,0.0],[-46.29941,-23.781385,0.0]],[[-46.304465,-23.781691,0.0],[-46.304306,-23.781677,0.0]],[[-46.303375,-23.781651,0.0],[-46.303297,-23.781694,0.0]],[[-46.303159,-23.78162,0.0],[-46.303146,-23.781694,0.0]],[[-46.304152,-23.781629,0.0],[-46.304055,-23.781692,0.0]],[[-46.303842,-23.781665,0.0],[-46.303674,-23.781693,0.0]],[[-46.304133,-23.781625,0.0],[-46.304025,-23.781693,0.0]],[[-46.30315,-23.781602,0.0],[-46.303133,-23.781696,0.0]],[[-46.302794,-23.781576,0.0],[-46.302786,-23.781697,0.0]],[[-46.304075,-23.781694,0.0],[-46.304214,-23.7816,0.0]],[[-46.30311,-23.781572,0.0],[-46.303084,-23.781694,0.0]],[[-46.30338,-23.781615,0.0],[-46.303326,-23.781632,0.0]],[[-46.304481,-23.781552,0.0],[-46.304579,-23.781634,0.0]],[[-46.304723,-23.781691,0.0],[-46.304667,-23.781518,0.0],[-46.30437,-23.781407,0.0],[-46.303966,-23.781653,0.0]],[[-46.302828,-23.781368,0.0],[-46.302877,-23.781695,0.0]],[[-46.302892,-23.781437,0.0],[-46.302918,-23.781512,0.0]],[[-46.304799,-23.781692,0.0],[-46.304759,-23.781488,0.0],[-46.304337,-23.781336,0.0],[-46.304171,-23.781373,0.0],[-46.303937,-23.781608,0.0],[-46.303665,-23.781648,0.0]],[[-46.301023,-23.781699,0.0],[-46.301021,-23.781699,0.0]],[[-46.300439,-23.7817,0.0],[-46.300438,-23.781649,0.0]],[[-46.300478,-23.781603,0.0],[-46.300481,-23.7817,0.0]],[[-46.300722,-23.78159,0.0],[-46.300679,-23.7817,0.0]],[[-46.301248,-23.781679,0.0],[-46.301201,-23.781699,0.0]],[[-46.301476,-23.781608,0.0],[-46.301445,-23.781698,0.0]],[[-46.302416,-23.781697,0.0],[-46.302351,-23.78168,0.0]],[[-46.302614,-23.781571,0.0],[-46.302611,-23.781696,0.0]],[[-46.300565,-23.781587,0.0],[-46.300528,-23.781698,0.0]],[[-46.300655,-23.781574,0.0],[-46.300586,-23.7817,0.0]],[[-46.302468,-23.781589,0.0],[-46.302349,-23.78155,0.0]],[[-46.30235,-23.781379,0.0],[-46.301847,-23.781622,0.0]],[[-46.302142,-23.781443,0.0],[-46.301716,-23.781698,0.0]],[[-46.301668,-23.78154,0.0],[-46.301992,-23.781297,0.0]],[[-46.30235,-23.781169,0.0],[-46.302512,-23.78116,0.0],[-46.302667,-23.781282,0.0],[-46.302666,-23.781574,0.0]],[[-46.30256,-23.781384,0.0],[-46.302461,-23.781253,0.0],[-46.302352,-23.781301,0.0]],[[-46.301603,-23.78141,0.0],[-46.301901,-23.781337,0.0],[-46.302223,-23.78103,0.0]],[[-46.301426,-23.781104,0.0],[-46.301525,-23.781183,0.0]],[[-46.301992,-23.781297,0.0],[-46.302155,-23.781106,0.0]],[[-46.302349,-23.781116,0.0],[-46.302404,-23.781112,0.0]],[[-46.303597,-23.781693,0.0],[-46.30392,-23.781637,0.0],[-46.304117,-23.781449,0.0]],[[-46.303359,-23.7816,0.0],[-46.30388,-23.781441,0.0],[-46.304062,-23.781208,0.0]],[[-46.304405,-23.781364,0.0],[-46.304744,-23.781497,0.0],[-46.304768,-23.781586,0.0]],[[-46.305265,-23.781691,0.0],[-46.305172,-23.781584,0.0],[-46.304968,-23.781578,0.0],[-46.304901,-23.781419,0.0],[-46.304238,-23.781165,0.0],[-46.304111,-23.781185,0.0],[-46.303931,-23.781435,0.0],[-46.30338,-23.781615,0.0]],[[-46.304315,-23.781174,0.0],[-46.304941,-23.781422,0.0],[-46.30499,-23.781567,0.0],[-46.305175,-23.781572,0.0]],[[-46.302846,-23.781375,0.0],[-46.302892,-23.781437,0.0]],[[-46.302899,-23.781324,0.0],[-46.302907,-23.781399,0.0]],[[-46.304477,-23.781306,0.0],[-46.304699,-23.781393,0.0]],[[-46.303444,-23.78152,0.0],[-46.303699,-23.781147,0.0]],[[-46.303628,-23.781378,0.0],[-46.30376,-23.781153,0.0]],[[-46.303788,-23.781165,0.0],[-46.303777,-23.781295,0.0]],[[-46.303779,-23.781152,0.0],[-46.303774,-23.781037,0.0]],[[-46.303499,-23.780991,0.0],[-46.303527,-23.781248,0.0],[-46.303242,-23.781617,0.0]],[[-46.3028,-23.781045,0.0],[-46.302846,-23.781375,0.0]],[[-46.304118,-23.780916,0.0],[-46.303995,-23.7809,0.0],[-46.303829,-23.781266,0.0]],[[-46.303821,-23.780969,0.0],[-46.303839,-23.781141,0.0]],[[-46.305017,-23.781067,0.0],[-46.305197,-23.781226,0.0]],[[-46.301634,-23.781104,0.0],[-46.301713,-23.781127,0.0]],[[-46.301568,-23.781029,0.0],[-46.301686,-23.781086,0.0]],[[-46.301801,-23.781014,0.0],[-46.301874,-23.781019,0.0]],[[-46.301631,-23.781004,0.0],[-46.301755,-23.780946,0.0]],[[-46.302348,-23.780516,0.0],[-46.302923,-23.780923,0.0],[-46.302974,-23.781343,0.0],[-46.303097,-23.78156,0.0]],[[-46.302349,-23.780631,0.0],[-46.302819,-23.780922,0.0],[-46.302934,-23.781137,0.0],[-46.30291,-23.781339,0.0]],[[-46.302349,-23.78101,0.0],[-46.30241,-23.781022,0.0]],[[-46.302432,-23.780857,0.0],[-46.302696,-23.780941,0.0]],[[-46.301499,-23.780885,0.0],[-46.30161,-23.780968,0.0]],[[-46.301489,-23.780837,0.0],[-46.301571,-23.780913,0.0]],[[-46.302349,-23.780833,0.0],[-46.302181,-23.780889,0.0]],[[-46.302025,-23.780818,0.0],[-46.302056,-23.780632,0.0]],[[-46.30184,-23.780981,0.0],[-46.302043,-23.780849,0.0],[-46.302125,-23.780606,0.0]],[[-46.301709,-23.780758,0.0],[-46.301583,-23.780741,0.0]],[[-46.301583,-23.780741,0.0],[-46.30146,-23.780711,0.0]],[[-46.301655,-23.780679,0.0],[-46.301698,-23.780701,0.0]],[[-46.301698,-23.780701,0.0],[-46.301812,-23.780582,0.0]],[[-46.301548,-23.78062,0.0],[-46.30164,-23.780657,0.0],[-46.301673,-23.780579,0.0]],[[-46.301812,-23.780582,0.0],[-46.301777,-23.780521,0.0]],[[-46.301496,-23.78043,0.0],[-46.301539,-23.78053,0.0]],[[-46.303737,-23.78095,0.0],[-46.303701,-23.78103,0.0]],[[-46.303722,-23.781033,0.0],[-46.303757,-23.780888,0.0]],[[-46.304787,-23.780931,0.0],[-46.304832,-23.781072,0.0]],[[-46.302345,-23.780257,0.0],[-46.302921,-23.78064,0.0],[-46.303139,-23.780959,0.0],[-46.303175,-23.781619,0.0]],[[-46.303606,-23.780841,0.0],[-46.303405,-23.780681,0.0]],[[-46.30384,-23.781068,0.0],[-46.303926,-23.780871,0.0],[-46.304079,-23.780828,0.0],[-46.304998,-23.781254,0.0],[-46.305199,-23.781449,0.0]],[[-46.304212,-23.780419,0.0],[-46.304787,-23.780931,0.0]],[[-46.303697,-23.780804,0.0],[-46.303737,-23.78095,0.0]],[[-46.30372,-23.780888,0.0],[-46.303672,-23.780807,0.0]],[[-46.303775,-23.780844,0.0],[-46.303751,-23.780785,0.0]],[[-46.303724,-23.780693,0.0],[-46.303771,-23.78078,0.0]],[[-46.304603,-23.780559,0.0],[-46.304537,-23.780522,0.0]],[[-46.304467,-23.780436,0.0],[-46.304318,-23.780379,0.0],[-46.304468,-23.780543,0.0]],[[-46.302348,-23.780311,0.0],[-46.302936,-23.78073,0.0]],[[-46.302766,-23.780412,0.0],[-46.302846,-23.780514,0.0]],[[-46.304705,-23.780519,0.0],[-46.304305,-23.780221,0.0]],[[-46.297754,-23.78125,0.0],[-46.297787,-23.781516,0.0],[-46.298043,-23.781632,0.0]],[[-46.298155,-23.781213,0.0],[-46.298586,-23.78149,0.0]],[[-46.29941,-23.781385,0.0],[-46.29948,-23.78139,0.0]],[[-46.299641,-23.781143,0.0],[-46.299752,-23.781153,0.0]],[[-46.297633,-23.780954,0.0],[-46.297837,-23.781123,0.0],[-46.297878,-23.781442,0.0],[-46.298185,-23.781614,0.0]],[[-46.297181,-23.781178,0.0],[-46.297405,-23.781265,0.0]],[[-46.297444,-23.780729,0.0],[-46.297874,-23.781048,0.0],[-46.297943,-23.781411,0.0],[-46.298249,-23.78157,0.0]],[[-46.2972,-23.781059,0.0],[-46.297422,-23.781076,0.0]],[[-46.297226,-23.78037,0.0],[-46.297516,-23.78041,0.0],[-46.297674,-23.780661,0.0],[-46.298012,-23.780819,0.0],[-46.29816,-23.781255,0.0],[-46.298545,-23.78144,0.0],[-46.298565,-23.781704,0.0]],[[-46.296919,-23.780541,0.0],[-46.297143,-23.780393,0.0],[-46.297549,-23.780453,0.0],[-46.297665,-23.780666,0.0],[-46.298007,-23.780829,0.0],[-46.298135,-23.781244,0.0],[-46.298505,-23.781413,0.0],[-46.298554,-23.78157,0.0]],[[-46.300943,-23.781699,0.0],[-46.301181,-23.781599,0.0],[-46.301257,-23.781303,0.0],[-46.300854,-23.780786,0.0],[-46.300396,-23.780738,0.0],[-46.300206,-23.780866,0.0],[-46.300168,-23.781018,0.0],[-46.299999,-23.781024,0.0]],[[-46.300821,-23.780531,0.0],[-46.30115,-23.780734,0.0],[-46.301499,-23.78135,0.0]],[[-46.298166,-23.781025,0.0],[-46.298146,-23.780795,0.0]],[[-46.297553,-23.780031,0.0],[-46.298327,-23.780636,0.0],[-46.29838,-23.781099,0.0],[-46.298752,-23.781406,0.0],[-46.298784,-23.781671,0.0],[-46.298978,-23.781573,0.0]],[[-46.298161,-23.780026,0.0],[-46.29884,-23.780667,0.0],[-46.299305,-23.780543,0.0],[-46.300055,-23.780934,0.0],[-46.300404,-23.780683,0.0],[-46.300867,-23.780733,0.0],[-46.30112,-23.780937,0.0],[-46.301312,-23.781255,0.0],[-46.301355,-23.781458,0.0],[-46.301248,-23.781679,0.0]],[[-46.297908,-23.779914,0.0],[-46.29878,-23.780787,0.0],[-46.299381,-23.780788,0.0],[-46.300008,-23.781058,0.0],[-46.300171,-23.781067,0.0],[-46.300493,-23.780886,0.0],[-46.300958,-23.781021,0.0],[-46.301122,-23.78122,0.0],[-46.301119,-23.781409,0.0],[-46.300884,-23.7817,0.0]],[[-46.298786,-23.780314,0.0],[-46.298941,-23.780366,0.0],[-46.299379,-23.780069,0.0],[-46.300014,-23.780509,0.0],[-46.300601,-23.780425,0.0],[-46.301108,-23.780673,0.0],[-46.301457,-23.781216,0.0]],[[-46.300662,-23.78048,0.0],[-46.300821,-23.780531,0.0]],[[-46.297185,-23.780787,0.0],[-46.297384,-23.78074,0.0]],[[-46.300466,-23.781655,0.0],[-46.300421,-23.781452,0.0],[-46.300155,-23.781351,0.0],[-46.2993,-23.781266,0.0],[-46.298888,-23.781465,0.0],[-46.298833,-23.781315,0.0],[-46.298515,-23.781077,0.0],[-46.298468,-23.780621,0.0],[-46.297425,-23.779813,0.0],[-46.296982,-23.779777,0.0],[-46.29658,-23.78,0.0]],[[-46.302022,-23.780555,0.0],[-46.302348,-23.780516,0.0]],[[-46.30209,-23.780414,0.0],[-46.302236,-23.780408,0.0]],[[-46.301023,-23.780414,0.0],[-46.301178,-23.780458,0.0]],[[-46.299851,-23.780101,0.0],[-46.300333,-23.78022,0.0],[-46.3006,-23.780129,0.0],[-46.300778,-23.780398,0.0],[-46.301067,-23.780512,0.0],[-46.301218,-23.780682,0.0]],[[-46.302086,-23.780338,0.0],[-46.302133,-23.780314,0.0]],[[-46.30216,-23.780306,0.0],[-46.302165,-23.780305,0.0]],[[-46.301777,-23.780521,0.0],[-46.302068,-23.780255,0.0]],[[-46.301662,-23.780239,0.0],[-46.301664,-23.780392,0.0]],[[-46.300909,-23.78013,0.0],[-46.301381,-23.780182,0.0],[-46.301496,-23.78043,0.0]],[[-46.300086,-23.779977,0.0],[-46.300623,-23.780034,0.0],[-46.300861,-23.780357,0.0],[-46.301023,-23.780414,0.0]],[[-46.302068,-23.780255,0.0],[-46.302156,-23.780272,0.0]],[[-46.301705,-23.780234,0.0],[-46.3017,-23.780354,0.0]],[[-46.301671,-23.780418,0.0],[-46.302238,-23.780042,0.0]],[[-46.300148,-23.779939,0.0],[-46.300682,-23.780039,0.0],[-46.301007,-23.780398,0.0]],[[-46.300265,-23.779872,0.0],[-46.300702,-23.779993,0.0],[-46.300835,-23.780213,0.0]],[[-46.302422,-23.780157,0.0],[-46.302376,-23.780205,0.0]],[[-46.302347,-23.780134,0.0],[-46.302331,-23.780136,0.0]],[[-46.301725,-23.78032,0.0],[-46.30171,-23.780069,0.0],[-46.301582,-23.779981,0.0]],[[-46.30187,-23.780009,0.0],[-46.301926,-23.780104,0.0]],[[-46.29995,-23.780839,0.0],[-46.299772,-23.780718,0.0]],[[-46.297647,-23.779862,0.0],[-46.298495,-23.780577,0.0],[-46.298583,-23.781012,0.0],[-46.298978,-23.781319,0.0],[-46.299333,-23.781162,0.0],[-46.300253,-23.781264,0.0],[-46.30053,-23.78138,0.0],[-46.300538,-23.781587,0.0]],[[-46.297157,-23.780622,0.0],[-46.29737,-23.780561,0.0]],[[-46.298485,-23.780191,0.0],[-46.298553,-23.780306,0.0]],[[-46.2978,-23.77991,0.0],[-46.298582,-23.780609,0.0],[-46.298663,-23.780966,0.0],[-46.299641,-23.781143,0.0]],[[-46.298579,-23.780213,0.0],[-46.298668,-23.780317,0.0]],[[-46.29869,-23.780121,0.0],[-46.298813,-23.780283,0.0]],[[-46.298749,-23.780042,0.0],[-46.298883,-23.780167,0.0]],[[-46.29705,-23.780072,0.0],[-46.297279,-23.780092,0.0]],[[-46.297804,-23.779954,0.0],[-46.297748,-23.779869,0.0]],[[-46.299809,-23.780038,0.0],[-46.299851,-23.780101,0.0]],[[-46.299815,-23.779961,0.0],[-46.299876,-23.780092,0.0]],[[-46.297837,-23.779818,0.0],[-46.297847,-23.779916,0.0]],[[-46.298016,-23.779799,0.0],[-46.297975,-23.779913,0.0]],[[-46.298835,-23.7799,0.0],[-46.298987,-23.78002,0.0]],[[-46.299772,-23.780718,0.0],[-46.299367,-23.780431,0.0],[-46.299017,-23.780603,0.0],[-46.298738,-23.780523,0.0],[-46.298151,-23.779848,0.0],[-46.298206,-23.779217,0.0],[-46.298081,-23.778954,0.0]],[[-46.29506,-23.779175,0.0],[-46.295285,-23.779334,0.0],[-46.295476,-23.779648,0.0],[-46.295552,-23.780895,0.0],[-46.296017,-23.78077,0.0],[-46.296434,-23.7809,0.0],[-46.296904,-23.780894,0.0],[-46.297157,-23.780622,0.0]],[[-46.295265,-23.778643,0.0],[-46.295829,-23.778628,0.0],[-46.296101,-23.778974,0.0],[-46.296117,-23.779294,0.0],[-46.295886,-23.779818,0.0],[-46.295986,-23.780423,0.0],[-46.296595,-23.780473,0.0],[-46.296679,-23.780202,0.0],[-46.29705,-23.780072,0.0]],[[-46.299142,-23.779749,0.0],[-46.29918,-23.779782,0.0]],[[-46.299875,-23.779601,0.0],[-46.300109,-23.779823,0.0]],[[-46.301854,-23.780244,0.0],[-46.302284,-23.779833,0.0]],[[-46.301892,-23.780165,0.0],[-46.30223,-23.779864,0.0],[-46.302267,-23.779649,0.0]],[[-46.300364,-23.779815,0.0],[-46.3007,-23.779918,0.0],[-46.300815,-23.780078,0.0]],[[-46.300546,-23.779953,0.0],[-46.300147,-23.779843,0.0]],[[-46.301429,-23.779765,0.0],[-46.301673,-23.779876,0.0],[-46.301839,-23.780167,0.0]],[[-46.302028,-23.779771,0.0],[-46.302004,-23.779887,0.0]],[[-46.300799,-23.779759,0.0],[-46.300891,-23.779862,0.0]],[[-46.30065,-23.779646,0.0],[-46.30081,-23.779873,0.0]],[[-46.302284,-23.779833,0.0],[-46.302346,-23.77976,0.0]],[[-46.302437,-23.779652,0.0],[-46.302345,-23.779603,0.0]],[[-46.300697,-23.779627,0.0],[-46.300799,-23.779759,0.0]],[[-46.300382,-23.779562,0.0],[-46.300455,-23.779762,0.0]],[[-46.301908,-23.779633,0.0],[-46.302028,-23.779771,0.0]],[[-46.301287,-23.779416,0.0],[-46.301464,-23.779586,0.0]],[[-46.300936,-23.7795,0.0],[-46.300968,-23.779617,0.0],[-46.301099,-23.779632,0.0]],[[-46.300857,-23.779576,0.0],[-46.300823,-23.779477,0.0]],[[-46.300893,-23.779341,0.0],[-46.300995,-23.779468,0.0]],[[-46.301027,-23.779286,0.0],[-46.301137,-23.779387,0.0]],[[-46.302407,-23.779395,0.0],[-46.302345,-23.779399,0.0]],[[-46.302461,-23.779312,0.0],[-46.302345,-23.779276,0.0]],[[-46.311399,-23.781652,0.0],[-46.31131,-23.781679,0.0]],[[-46.311857,-23.781653,0.0],[-46.311833,-23.781679,0.0]],[[-46.312325,-23.781632,0.0],[-46.312434,-23.781676,0.0]],[[-46.311744,-23.78161,0.0],[-46.31163,-23.781679,0.0]],[[-46.31189,-23.781539,0.0],[-46.311794,-23.781624,0.0]],[[-46.311868,-23.781492,0.0],[-46.311744,-23.78161,0.0]],[[-46.311766,-23.781543,0.0],[-46.311852,-23.781448,0.0]],[[-46.311868,-23.781161,0.0],[-46.311607,-23.781538,0.0],[-46.311262,-23.781645,0.0]],[[-46.311892,-23.781325,0.0],[-46.311853,-23.781263,0.0]],[[-46.310915,-23.781625,0.0],[-46.310822,-23.781681,0.0]],[[-46.311708,-23.781047,0.0],[-46.311593,-23.781299,0.0],[-46.311316,-23.781529,0.0],[-46.310915,-23.781625,0.0]],[[-46.310929,-23.780849,0.0],[-46.311049,-23.781164,0.0],[-46.310921,-23.781334,0.0],[-46.310133,-23.780849,0.0]],[[-46.311952,-23.781156,0.0],[-46.311931,-23.781064,0.0],[-46.31183,-23.781105,0.0]],[[-46.311767,-23.781026,0.0],[-46.311678,-23.78104,0.0]],[[-46.311442,-23.780987,0.0],[-46.311366,-23.78103,0.0]],[[-46.312055,-23.780925,0.0],[-46.311898,-23.781031,0.0]],[[-46.312099,-23.780967,0.0],[-46.312116,-23.780874,0.0]],[[-46.311415,-23.780794,0.0],[-46.310959,-23.780867,0.0]],[[-46.312164,-23.780913,0.0],[-46.312201,-23.780823,0.0]],[[-46.311322,-23.780746,0.0],[-46.311188,-23.780794,0.0]],[[-46.312354,-23.780455,0.0],[-46.312153,-23.780703,0.0],[-46.311536,-23.780986,0.0]],[[-46.31151,-23.780979,0.0],[-46.311426,-23.78103,0.0]],[[-46.312021,-23.781618,0.0],[-46.311912,-23.781597,0.0]],[[-46.312581,-23.781676,0.0],[-46.312059,-23.7815,0.0]],[[-46.312401,-23.78162,0.0],[-46.312543,-23.781677,0.0]],[[-46.312768,-23.781459,0.0],[-46.31263,-23.781381,0.0]],[[-46.312705,-23.781676,0.0],[-46.31212,-23.781504,0.0],[-46.311892,-23.781325,0.0]],[[-46.311863,-23.781196,0.0],[-46.312114,-23.781483,0.0],[-46.312563,-23.781611,0.0]],[[-46.312767,-23.781576,0.0],[-46.312159,-23.781337,0.0],[-46.312099,-23.780967,0.0]],[[-46.312667,-23.781325,0.0],[-46.312767,-23.78138,0.0]],[[-46.312768,-23.781556,0.0],[-46.312185,-23.781311,0.0],[-46.312164,-23.780913,0.0]],[[-46.312765,-23.780634,0.0],[-46.312623,-23.780638,0.0],[-46.312462,-23.780936,0.0],[-46.312661,-23.781269,0.0]],[[-46.312766,-23.780492,0.0],[-46.312552,-23.780594,0.0],[-46.312336,-23.781031,0.0],[-46.312594,-23.781306,0.0]],[[-46.312763,-23.780185,0.0],[-46.312324,-23.780346,0.0]],[[-46.311085,-23.780696,0.0],[-46.310957,-23.780655,0.0]],[[-46.312286,-23.780407,0.0],[-46.312115,-23.780651,0.0],[-46.311519,-23.780945,0.0]],[[-46.310896,-23.780647,0.0],[-46.310856,-23.780556,0.0]],[[-46.311077,-23.780631,0.0],[-46.310906,-23.780451,0.0]],[[-46.310889,-23.780371,0.0],[-46.310834,-23.780291,0.0]],[[-46.312764,-23.779977,0.0],[-46.31246,-23.780139,0.0],[-46.311928,-23.780151,0.0],[-46.311908,-23.780601,0.0],[-46.311551,-23.780594,0.0],[-46.311415,-23.780794,0.0]],[[-46.310913,-23.780488,0.0],[-46.310861,-23.780406,0.0]],[[-46.311984,-23.780213,0.0],[-46.311924,-23.780651,0.0],[-46.311581,-23.780675,0.0],[-46.311435,-23.780873,0.0],[-46.311246,-23.780942,0.0]],[[-46.312203,-23.780336,0.0],[-46.312109,-23.780341,0.0]],[[-46.312244,-23.779723,0.0],[-46.312596,-23.779745,0.0],[-46.312631,-23.779905,0.0],[-46.312365,-23.780062,0.0],[-46.311878,-23.780038,0.0],[-46.311846,-23.780489,0.0],[-46.311431,-23.780473,0.0],[-46.311322,-23.780746,0.0]],[[-46.312764,-23.780014,0.0],[-46.312404,-23.780193,0.0],[-46.3121,-23.780205,0.0]],[[-46.310727,-23.780108,0.0],[-46.310709,-23.779931,0.0]],[[-46.311602,-23.779203,0.0],[-46.312001,-23.779338,0.0],[-46.312224,-23.779748,0.0],[-46.312451,-23.779802,0.0],[-46.312492,-23.779901,0.0],[-46.312299,-23.78001,0.0],[-46.311857,-23.779996,0.0],[-46.311763,-23.780446,0.0],[-46.311414,-23.780434,0.0],[-46.311253,-23.780729,0.0],[-46.310881,-23.780664,0.0]],[[-46.311551,-23.779246,0.0],[-46.311916,-23.779479,0.0],[-46.31204,-23.779781,0.0],[-46.311759,-23.779902,0.0],[-46.311656,-23.780231,0.0],[-46.311347,-23.780354,0.0],[-46.311213,-23.780566,0.0],[-46.311071,-23.780583,0.0],[-46.310881,-23.780314,0.0]],[[-46.311263,-23.780073,0.0],[-46.311137,-23.780057,0.0]],[[-46.311539,-23.779259,0.0],[-46.311945,-23.779656,0.0],[-46.311675,-23.779941,0.0],[-46.311588,-23.78021,0.0],[-46.311092,-23.780542,0.0],[-46.310853,-23.78015,0.0]],[[-46.311337,-23.77918,0.0],[-46.311759,-23.779658,0.0],[-46.311536,-23.780056,0.0],[-46.311275,-23.780282,0.0]],[[-46.310701,-23.77958,0.0],[-46.310941,-23.779751,0.0],[-46.311104,-23.780093,0.0],[-46.311216,-23.780143,0.0]],[[-46.311098,-23.77899,0.0],[-46.311738,-23.779505,0.0],[-46.311795,-23.779682,0.0],[-46.311513,-23.780151,0.0],[-46.311128,-23.780428,0.0],[-46.310786,-23.779885,0.0]],[[-46.311108,-23.779169,0.0],[-46.311414,-23.779405,0.0],[-46.311499,-23.779694,0.0],[-46.311308,-23.780081,0.0],[-46.311166,-23.780103,0.0],[-46.311028,-23.77992,0.0]],[[-46.310855,-23.77945,0.0],[-46.310964,-23.779245,0.0],[-46.311291,-23.779337,0.0],[-46.311386,-23.779561,0.0],[-46.311291,-23.779893,0.0],[-46.311141,-23.7799,0.0],[-46.310961,-23.779593,0.0]],[[-46.310961,-23.779593,0.0],[-46.310855,-23.77945,0.0]],[[-46.310851,-23.779598,0.0],[-46.310761,-23.779508,0.0]],[[-46.31066,-23.779394,0.0],[-46.310701,-23.77958,0.0]],[[-46.312289,-23.779676,0.0],[-46.312683,-23.779706,0.0]],[[-46.312239,-23.779611,0.0],[-46.312244,-23.779723,0.0]],[[-46.312312,-23.779651,0.0],[-46.312616,-23.779643,0.0]],[[-46.312693,-23.779595,0.0],[-46.312764,-23.779619,0.0]],[[-46.312289,-23.779557,0.0],[-46.312301,-23.779664,0.0]],[[-46.312378,-23.779523,0.0],[-46.312373,-23.77959,0.0]],[[-46.312762,-23.779537,0.0],[-46.312586,-23.779483,0.0]],[[-46.312488,-23.779458,0.0],[-46.312666,-23.779455,0.0]],[[-46.312762,-23.779413,0.0],[-46.312618,-23.779355,0.0]],[[-46.312686,-23.779298,0.0],[-46.312762,-23.779331,0.0]],[[-46.312626,-23.779262,0.0],[-46.312742,-23.779279,0.0]],[[-46.312383,-23.779456,0.0],[-46.312387,-23.779575,0.0]],[[-46.31097,-23.779578,0.0],[-46.310892,-23.779427,0.0]],[[-46.310988,-23.779139,0.0],[-46.310853,-23.779154,0.0]],[[-46.310417,-23.779554,0.0],[-46.310587,-23.779198,0.0],[-46.310813,-23.779076,0.0]],[[-46.31242,-23.77954,0.0],[-46.312274,-23.779256,0.0],[-46.311888,-23.779068,0.0]],[[-46.312535,-23.779386,0.0],[-46.312307,-23.779137,0.0]],[[-46.311501,-23.779134,0.0],[-46.311544,-23.77925,0.0]],[[-46.311531,-23.77906,0.0],[-46.311564,-23.779236,0.0]],[[-46.311155,-23.779136,0.0],[-46.310988,-23.779139,0.0]],[[-46.310849,-23.779039,0.0],[-46.311337,-23.77918,0.0]],[[-46.311689,-23.779004,0.0],[-46.311648,-23.779148,0.0]],[[-46.310985,-23.779059,0.0],[-46.311153,-23.779087,0.0]],[[-46.310635,-23.779098,0.0],[-46.310834,-23.778975,0.0]],[[-46.311888,-23.779068,0.0],[-46.311792,-23.779024,0.0]],[[-46.311244,-23.778874,0.0],[-46.311501,-23.779134,0.0]],[[-46.31188,-23.779024,0.0],[-46.311834,-23.779012,0.0]],[[-46.311818,-23.779014,0.0],[-46.311824,-23.77888,0.0]],[[-46.31097,-23.77894,0.0],[-46.311147,-23.778955,0.0]],[[-46.311498,-23.778856,0.0],[-46.311547,-23.779006,0.0]],[[-46.311844,-23.778893,0.0],[-46.311815,-23.778825,0.0]],[[-46.31049,-23.778828,0.0],[-46.310472,-23.778933,0.0]],[[-46.310534,-23.778798,0.0],[-46.310518,-23.778874,0.0]],[[-46.311683,-23.77866,0.0],[-46.311764,-23.77899,0.0]],[[-46.311794,-23.778846,0.0],[-46.311771,-23.778773,0.0]],[[-46.310953,-23.77886,0.0],[-46.311279,-23.778828,0.0]],[[-46.310534,-23.778853,0.0],[-46.310723,-23.778775,0.0]],[[-46.311775,-23.77884,0.0],[-46.311749,-23.778744,0.0]],[[-46.311147,-23.778783,0.0],[-46.311315,-23.778789,0.0]],[[-46.311847,-23.778601,0.0],[-46.311555,-23.778527,0.0],[-46.311644,-23.779023,0.0]],[[-46.311752,-23.778709,0.0],[-46.311694,-23.778676,0.0]],[[-46.31062,-23.778562,0.0],[-46.310548,-23.778839,0.0]],[[-46.311266,-23.778711,0.0],[-46.311371,-23.778706,0.0]],[[-46.311298,-23.778691,0.0],[-46.311391,-23.77868,0.0]],[[-46.31175,-23.778674,0.0],[-46.311666,-23.778639,0.0]],[[-46.311848,-23.77901,0.0],[-46.312223,-23.779127,0.0],[-46.312455,-23.779358,0.0]],[[-46.312761,-23.77916,0.0],[-46.312511,-23.779168,0.0]],[[-46.312662,-23.779093,0.0],[-46.312762,-23.779075,0.0]],[[-46.312702,-23.778985,0.0],[-46.312761,-23.778949,0.0]],[[-46.312761,-23.778913,0.0],[-46.312349,-23.778963,0.0],[-46.312063,-23.778867,0.0]],[[-46.312761,-23.778877,0.0],[-46.312682,-23.778959,0.0],[-46.312321,-23.778946,0.0],[-46.311748,-23.778689,0.0]],[[-46.31276,-23.778585,0.0],[-46.312731,-23.778568,0.0]],[[-46.312704,-23.778616,0.0],[-46.312761,-23.77866,0.0]],[[-46.31255,-23.778492,0.0],[-46.312704,-23.778616,0.0]],[[-46.312721,-23.778381,0.0],[-46.312761,-23.778415,0.0]],[[-46.312177,-23.77805,0.0],[-46.312631,-23.77885,0.0],[-46.312276,-23.778864,0.0],[-46.311712,-23.778597,0.0]],[[-46.310067,-23.78008,0.0],[-46.310093,-23.780033,0.0]],[[-46.309817,-23.779943,0.0],[-46.309883,-23.779858,0.0]],[[-46.309883,-23.779858,0.0],[-46.310068,-23.779811,0.0]],[[-46.310071,-23.779758,0.0],[-46.310321,-23.779812,0.0]],[[-46.310798,-23.779944,0.0],[-46.31067,-23.779862,0.0]],[[-46.31042,-23.779678,0.0],[-46.310588,-23.780213,0.0],[-46.310405,-23.780436,0.0],[-46.310129,-23.780431,0.0],[-46.309499,-23.780145,0.0],[-46.308838,-23.780209,0.0],[-46.308284,-23.780083,0.0]],[[-46.309093,-23.779056,0.0],[-46.30965,-23.779651,0.0],[-46.309849,-23.779724,0.0],[-46.310237,-23.779687,0.0]],[[-46.308915,-23.778952,0.0],[-46.309226,-23.779364,0.0],[-46.309175,-23.779599,0.0],[-46.309532,-23.779746,0.0],[-46.309586,-23.779909,0.0],[-46.309445,-23.780034,0.0],[-46.309102,-23.780083,0.0],[-46.308134,-23.77998,0.0]],[[-46.308059,-23.779883,0.0],[-46.308794,-23.779962,0.0],[-46.30894,-23.779878,0.0],[-46.308991,-23.779433,0.0],[-46.308756,-23.779015,0.0]],[[-46.310281,-23.779616,0.0],[-46.3098,-23.779634,0.0],[-46.309302,-23.779121,0.0]],[[-46.309757,-23.779212,0.0],[-46.309599,-23.7792,0.0]],[[-46.308114,-23.780049,0.0],[-46.307902,-23.780098,0.0]],[[-46.306003,-23.780043,0.0],[-46.305972,-23.780119,0.0],[-46.306148,-23.780124,0.0],[-46.307009,-23.779962,0.0],[-46.307782,-23.7801,0.0]],[[-46.30804,-23.77997,0.0],[-46.307827,-23.780011,0.0]],[[-46.307831,-23.779877,0.0],[-46.308059,-23.779883,0.0]],[[-46.308061,-23.779828,0.0],[-46.308231,-23.779842,0.0]],[[-46.307897,-23.779721,0.0],[-46.308168,-23.779754,0.0]],[[-46.307817,-23.779969,0.0],[-46.306997,-23.779835,0.0],[-46.30643,-23.779868,0.0]],[[-46.306583,-23.779569,0.0],[-46.306925,-23.779347,0.0]],[[-46.308107,-23.779564,0.0],[-46.30791,-23.779554,0.0]],[[-46.307194,-23.779099,0.0],[-46.307195,-23.779326,0.0],[-46.306479,-23.779791,0.0],[-46.307416,-23.779843,0.0],[-46.307715,-23.779954,0.0],[-46.309228,-23.779995,0.0],[-46.30931,-23.779841,0.0],[-46.309069,-23.779627,0.0],[-46.309086,-23.779409,0.0],[-46.3088,-23.778987,0.0]],[[-46.306561,-23.779619,0.0],[-46.307103,-23.779241,0.0]],[[-46.309599,-23.7792,0.0],[-46.309915,-23.779572,0.0],[-46.310357,-23.779488,0.0],[-46.310425,-23.779344,0.0]],[[-46.309961,-23.779377,0.0],[-46.30983,-23.779339,0.0]],[[-46.310245,-23.779261,0.0],[-46.310191,-23.779369,0.0]],[[-46.309016,-23.77896,0.0],[-46.308934,-23.778966,0.0]],[[-46.309862,-23.779256,0.0],[-46.30969,-23.77925,0.0]],[[-46.310799,-23.779244,0.0],[-46.310937,-23.779184,0.0]],[[-46.310655,-23.779186,0.0],[-46.310745,-23.779149,0.0]],[[-46.309633,-23.779125,0.0],[-46.309457,-23.779103,0.0]],[[-46.310763,-23.779127,0.0],[-46.31088,-23.779124,0.0]],[[-46.309325,-23.779061,0.0],[-46.309199,-23.779086,0.0]],[[-46.308756,-23.779015,0.0],[-46.308719,-23.778909,0.0]],[[-46.308997,-23.77893,0.0],[-46.308904,-23.778944,0.0]],[[-46.305357,-23.780193,0.0],[-46.304801,-23.780052,0.0],[-46.304178,-23.779516,0.0],[-46.304038,-23.779275,0.0]],[[-46.305436,-23.780047,0.0],[-46.304972,-23.78008,0.0],[-46.304194,-23.77943,0.0],[-46.304097,-23.779125,0.0]],[[-46.304826,-23.779329,0.0],[-46.305062,-23.779088,0.0],[-46.305014,-23.779032,0.0],[-46.304539,-23.779022,0.0],[-46.304269,-23.779158,0.0],[-46.304354,-23.779366,0.0],[-46.304749,-23.779586,0.0],[-46.304979,-23.779879,0.0],[-46.305172,-23.779873,0.0]],[[-46.305374,-23.779236,0.0],[-46.305787,-23.779262,0.0]],[[-46.30643,-23.779868,0.0],[-46.306394,-23.779847,0.0]],[[-46.306859,-23.778815,0.0],[-46.306701,-23.778754,0.0],[-46.306376,-23.778364,0.0],[-46.306524,-23.778353,0.0]],[[-46.306874,-23.778849,0.0],[-46.306657,-23.778799,0.0],[-46.306165,-23.778244,0.0],[-46.306516,-23.778285,0.0]],[[-46.306863,-23.778336,0.0],[-46.306885,-23.778363,0.0]],[[-46.305446,-23.778438,0.0],[-46.305554,-23.778491,0.0]],[[-46.305284,-23.778238,0.0],[-46.305413,-23.778312,0.0]],[[-46.306989,-23.778084,0.0],[-46.306614,-23.778255,0.0],[-46.306076,-23.778148,0.0],[-46.305956,-23.778256,0.0],[-46.306339,-23.778475,0.0],[-46.306765,-23.77892,0.0]],[[-46.307103,-23.779241,0.0],[-46.307117,-23.779187,0.0]],[[-46.306929,-23.779298,0.0],[-46.306962,-23.779227,0.0]],[[-46.308068,-23.779731,0.0],[-46.307761,-23.779696,0.0],[-46.307527,-23.779514,0.0],[-46.307561,-23.77881,0.0]],[[-46.308218,-23.77791,0.0],[-46.307921,-23.777873,0.0],[-46.307905,-23.778353,0.0],[-46.307664,-23.778553,0.0],[-46.307634,-23.779402,0.0],[-46.307782,-23.779607,0.0]],[[-46.307896,-23.777706,0.0],[-46.307704,-23.777699,0.0],[-46.307639,-23.777791,0.0],[-46.307726,-23.778263,0.0],[-46.307502,-23.778409,0.0],[-46.307484,-23.779215,0.0],[-46.307382,-23.77955,0.0],[-46.307436,-23.779661,0.0],[-46.307827,-23.779786,0.0]],[[-46.30829,-23.778603,0.0],[-46.308544,-23.778529,0.0]],[[-46.306923,-23.778893,0.0],[-46.30668,-23.778921,0.0],[-46.306479,-23.778674,0.0]],[[-46.308037,-23.778238,0.0],[-46.307779,-23.778653,0.0],[-46.307825,-23.77904,0.0]],[[-46.30721,-23.778629,0.0],[-46.307242,-23.77842,0.0]],[[-46.308519,-23.778547,0.0],[-46.308849,-23.778343,0.0],[-46.308812,-23.778011,0.0],[-46.308157,-23.778101,0.0],[-46.307995,-23.778815,0.0],[-46.308132,-23.77884,0.0],[-46.30831,-23.778605,0.0],[-46.308523,-23.778543,0.0]],[[-46.308152,-23.77838,0.0],[-46.30818,-23.778571,0.0],[-46.308598,-23.778483,0.0],[-46.308748,-23.778393,0.0],[-46.308788,-23.778133,0.0],[-46.308656,-23.778069,0.0],[-46.308202,-23.778159,0.0],[-46.308152,-23.77838,0.0]],[[-46.307094,-23.778385,0.0],[-46.307061,-23.778241,0.0]],[[-46.310347,-23.779097,0.0],[-46.310352,-23.779214,0.0]],[[-46.308968,-23.778918,0.0],[-46.308886,-23.778938,0.0]],[[-46.309854,-23.778264,0.0],[-46.309886,-23.778509,0.0],[-46.310319,-23.778735,0.0],[-46.31015,-23.779224,0.0],[-46.309945,-23.779348,0.0]],[[-46.309156,-23.779009,0.0],[-46.309028,-23.779029,0.0]],[[-46.309943,-23.778372,0.0],[-46.310008,-23.778472,0.0],[-46.310422,-23.778613,0.0],[-46.310306,-23.779139,0.0]],[[-46.309772,-23.778154,0.0],[-46.309806,-23.778528,0.0],[-46.310172,-23.778722,0.0],[-46.31019,-23.778842,0.0],[-46.31005,-23.779166,0.0],[-46.309706,-23.779195,0.0]],[[-46.31068,-23.778725,0.0],[-46.310894,-23.778589,0.0]],[[-46.310264,-23.778375,0.0],[-46.310583,-23.778527,0.0],[-46.310534,-23.778798,0.0]],[[-46.310366,-23.778353,0.0],[-46.310612,-23.778466,0.0],[-46.310626,-23.778733,0.0]],[[-46.308391,-23.778042,0.0],[-46.30812,-23.778106,0.0],[-46.308094,-23.778439,0.0],[-46.307908,-23.778776,0.0],[-46.307988,-23.778907,0.0],[-46.308148,-23.778874,0.0],[-46.308322,-23.778614,0.0],[-46.308748,-23.778491,0.0],[-46.308865,-23.778346,0.0],[-46.308906,-23.778113,0.0],[-46.308811,-23.777963,0.0],[-46.308391,-23.778042,0.0]],[[-46.31025,-23.778346,0.0],[-46.310147,-23.778413,0.0]],[[-46.308437,-23.77819,0.0],[-46.30828,-23.778272,0.0],[-46.308307,-23.778387,0.0],[-46.308481,-23.778407,0.0],[-46.308632,-23.778301,0.0],[-46.308593,-23.778187,0.0],[-46.308437,-23.77819,0.0]],[[-46.307467,-23.778253,0.0],[-46.307441,-23.778302,0.0]],[[-46.306863,-23.77828,0.0],[-46.3069,-23.77828,0.0]],[[-46.307533,-23.778192,0.0],[-46.307467,-23.778253,0.0]],[[-46.308783,-23.777848,0.0],[-46.308072,-23.778037,0.0],[-46.308075,-23.778383,0.0],[-46.307815,-23.778708,0.0],[-46.307846,-23.778944,0.0]],[[-46.308197,-23.777878,0.0],[-46.308085,-23.777843,0.0]],[[-46.306874,-23.778203,0.0],[-46.306927,-23.778185,0.0]],[[-46.307512,-23.778129,0.0],[-46.307437,-23.778203,0.0]],[[-46.306908,-23.77812,0.0],[-46.306958,-23.778102,0.0]],[[-46.307089,-23.777881,0.0],[-46.307089,-23.77804,0.0]],[[-46.307314,-23.777976,0.0],[-46.307304,-23.778027,0.0]],[[-46.310341,-23.778327,0.0],[-46.310286,-23.778368,0.0]],[[-46.309563,-23.778319,0.0],[-46.309586,-23.778591,0.0],[-46.309823,-23.778809,0.0],[-46.309819,-23.778927,0.0],[-46.309097,-23.778984,0.0]],[[-46.308231,-23.779842,0.0],[-46.308643,-23.779862,0.0],[-46.30878,-23.779784,0.0],[-46.308839,-23.779476,0.0],[-46.308635,-23.778835,0.0],[-46.309171,-23.778641,0.0],[-46.309295,-23.777685,0.0],[-46.309835,-23.77754,0.0],[-46.309699,-23.776979,0.0],[-46.309382,-23.776722,0.0]],[[-46.309784,-23.778368,0.0],[-46.309796,-23.778187,0.0]],[[-46.307759,-23.778012,0.0],[-46.307791,-23.7783,0.0],[-46.307542,-23.778444,0.0],[-46.307488,-23.779514,0.0],[-46.307727,-23.779716,0.0],[-46.308516,-23.779762,0.0],[-46.30865,-23.77938,0.0],[-46.308532,-23.778781,0.0],[-46.309082,-23.778566,0.0],[-46.309216,-23.778155,0.0],[-46.309199,-23.777681,0.0],[-46.309696,-23.777398,0.0],[-46.309671,-23.77716,0.0],[-46.309464,-23.776928,0.0],[-46.309145,-23.776779,0.0],[-46.308835,-23.776772,0.0]],[[-46.308525,-23.778664,0.0],[-46.308804,-23.778594,0.0],[-46.308958,-23.778436,0.0],[-46.309092,-23.778145,0.0],[-46.309099,-23.777593,0.0],[-46.309507,-23.777315,0.0],[-46.309396,-23.777083,0.0],[-46.309062,-23.776933,0.0],[-46.308834,-23.776923,0.0],[-46.308354,-23.777142,0.0],[-46.308574,-23.777791,0.0],[-46.308402,-23.777919,0.0],[-46.307955,-23.77788,0.0],[-46.307938,-23.778331,0.0],[-46.30767,-23.778629,0.0],[-46.307683,-23.779514,0.0],[-46.308232,-23.779626,0.0],[-46.308312,-23.77959,0.0],[-46.308319,-23.779329,0.0]],[[-46.307992,-23.779793,0.0],[-46.30858,-23.779832,0.0],[-46.308705,-23.779767,0.0],[-46.308758,-23.779407,0.0],[-46.308567,-23.778816,0.0],[-46.309115,-23.778618,0.0],[-46.309255,-23.778156,0.0],[-46.309263,-23.777665,0.0],[-46.309685,-23.777565,0.0],[-46.309785,-23.777452,0.0],[-46.309651,-23.776987,0.0],[-46.309099,-23.776698,0.0],[-46.308155,-23.776794,0.0],[-46.30807,-23.776984,0.0],[-46.308397,-23.777698,0.0]],[[-46.307406,-23.778837,0.0],[-46.307396,-23.779228,0.0],[-46.307115,-23.779582,0.0],[-46.307175,-23.779729,0.0],[-46.308592,-23.779916,0.0],[-46.308881,-23.779777,0.0],[-46.308898,-23.779424,0.0],[-46.308669,-23.778889,0.0],[-46.309149,-23.778761,0.0],[-46.309239,-23.778654,0.0],[-46.309331,-23.777723,0.0],[-46.309815,-23.777638,0.0],[-46.309927,-23.777496,0.0],[-46.309605,-23.776755,0.0],[-46.309067,-23.776565,0.0],[-46.308542,-23.776701,0.0]],[[-46.308749,-23.778262,0.0],[-46.308712,-23.778121,0.0]],[[-46.309866,-23.778178,0.0],[-46.309772,-23.778154,0.0]],[[-46.308957,-23.778011,0.0],[-46.308783,-23.777848,0.0]],[[-46.308747,-23.778912,0.0],[-46.309363,-23.778735,0.0],[-46.309409,-23.77774,0.0],[-46.309915,-23.777694,0.0],[-46.310091,-23.777575,0.0],[-46.309856,-23.777216,0.0],[-46.309826,-23.776803,0.0],[-46.309697,-23.776638,0.0],[-46.309158,-23.77648,0.0],[-46.308682,-23.776582,0.0]],[[-46.305042,-23.778291,0.0],[-46.305185,-23.778443,0.0]],[[-46.304897,-23.777954,0.0],[-46.305357,-23.778356,0.0]],[[-46.305108,-23.778682,0.0],[-46.305758,-23.779108,0.0],[-46.306029,-23.779122,0.0],[-46.306361,-23.778982,0.0],[-46.30646,-23.778892,0.0],[-46.306306,-23.778628,0.0],[-46.305837,-23.778335,0.0],[-46.305719,-23.7781,0.0],[-46.305828,-23.778007,0.0],[-46.306259,-23.777953,0.0],[-46.306693,-23.778053,0.0],[-46.306818,-23.777882,0.0],[-46.306842,-23.77732,0.0],[-46.306977,-23.777201,0.0]],[[-46.305494,-23.778439,0.0],[-46.30547,-23.77795,0.0],[-46.30582,-23.777762,0.0],[-46.306428,-23.777624,0.0]],[[-46.304463,-23.777365,0.0],[-46.304595,-23.777486,0.0],[-46.304972,-23.777493,0.0],[-46.304722,-23.777757,0.0],[-46.304753,-23.778028,0.0],[-46.305457,-23.77861,0.0],[-46.30594,-23.778748,0.0]],[[-46.304376,-23.777783,0.0],[-46.30459,-23.777821,0.0],[-46.304683,-23.778015,0.0],[-46.305042,-23.778291,0.0]],[[-46.305413,-23.778312,0.0],[-46.305395,-23.778026,0.0],[-46.305494,-23.777907,0.0],[-46.305779,-23.777741,0.0],[-46.306419,-23.777588,0.0]],[[-46.305357,-23.777856,0.0],[-46.305252,-23.777903,0.0],[-46.305322,-23.777975,0.0]],[[-46.305023,-23.777903,0.0],[-46.305237,-23.777996,0.0]],[[-46.304981,-23.77784,0.0],[-46.304975,-23.777923,0.0]],[[-46.305186,-23.777817,0.0],[-46.305038,-23.777893,0.0]],[[-46.305494,-23.777701,0.0],[-46.305468,-23.777804,0.0]],[[-46.307115,-23.777579,0.0],[-46.30727,-23.777735,0.0]],[[-46.308154,-23.777761,0.0],[-46.308083,-23.777757,0.0]],[[-46.306457,-23.777671,0.0],[-46.306565,-23.777739,0.0]],[[-46.307137,-23.77736,0.0],[-46.307142,-23.777456,0.0]],[[-46.308739,-23.776789,0.0],[-46.308182,-23.776922,0.0],[-46.308453,-23.777629,0.0],[-46.308425,-23.777763,0.0],[-46.307761,-23.777764,0.0],[-46.307759,-23.778012,0.0]],[[-46.307054,-23.777218,0.0],[-46.307036,-23.777261,0.0]],[[-46.307372,-23.778152,0.0],[-46.307425,-23.777703,0.0],[-46.307564,-23.777504,0.0],[-46.308047,-23.777483,0.0],[-46.307761,-23.776905,0.0],[-46.307804,-23.776719,0.0],[-46.308619,-23.776528,0.0]],[[-46.30726,-23.777858,0.0],[-46.307465,-23.777336,0.0],[-46.307793,-23.777301,0.0],[-46.307632,-23.776811,0.0]],[[-46.307169,-23.777099,0.0],[-46.307174,-23.777168,0.0],[-46.307282,-23.777142,0.0]],[[-46.306977,-23.777201,0.0],[-46.30702,-23.77715,0.0]],[[-46.304437,-23.780374,0.0],[-46.304314,-23.780303,0.0]],[[-46.303791,-23.780684,0.0],[-46.30381,-23.78077,0.0]],[[-46.303838,-23.779909,0.0],[-46.303778,-23.779949,0.0],[-46.304349,-23.78053,0.0]],[[-46.302571,-23.780214,0.0],[-46.302712,-23.78029,0.0]],[[-46.304242,-23.780281,0.0],[-46.304069,-23.78014,0.0]],[[-46.303751,-23.780785,0.0],[-46.30288,-23.780129,0.0],[-46.302434,-23.779328,0.0]],[[-46.302345,-23.779235,0.0],[-46.302539,-23.779337,0.0],[-46.302836,-23.780036,0.0],[-46.303429,-23.780515,0.0]],[[-46.304084,-23.780036,0.0],[-46.304032,-23.779986,0.0]],[[-46.304867,-23.780259,0.0],[-46.303857,-23.779437,0.0]],[[-46.303914,-23.77925,0.0],[-46.304024,-23.779457,0.0],[-46.304628,-23.780008,0.0],[-46.305078,-23.780246,0.0]],[[-46.304248,-23.779289,0.0],[-46.304235,-23.779093,0.0],[-46.304417,-23.779023,0.0]],[[-46.303785,-23.779423,0.0],[-46.303742,-23.779317,0.0]],[[-46.303941,-23.77941,0.0],[-46.303869,-23.779268,0.0]],[[-46.299258,-23.779672,0.0],[-46.299334,-23.779578,0.0]],[[-46.298949,-23.779549,0.0],[-46.299002,-23.779635,0.0]],[[-46.297552,-23.779747,0.0],[-46.297579,-23.779826,0.0]],[[-46.297934,-23.779911,0.0],[-46.298096,-23.779413,0.0],[-46.298021,-23.779191,0.0]],[[-46.298868,-23.77954,0.0],[-46.298829,-23.779415,0.0]],[[-46.299334,-23.779578,0.0],[-46.299896,-23.779215,0.0],[-46.299954,-23.779496,0.0]],[[-46.299247,-23.77935,0.0],[-46.299159,-23.77928,0.0]],[[-46.299178,-23.779199,0.0],[-46.299252,-23.779299,0.0]],[[-46.297626,-23.779148,0.0],[-46.297803,-23.779258,0.0]],[[-46.298021,-23.779191,0.0],[-46.297888,-23.779016,0.0]],[[-46.298646,-23.778876,0.0],[-46.298733,-23.779362,0.0]],[[-46.299252,-23.779299,0.0],[-46.299919,-23.779031,0.0],[-46.3001,-23.778818,0.0]],[[-46.297697,-23.778045,0.0],[-46.297623,-23.778285,0.0],[-46.297771,-23.778504,0.0],[-46.298102,-23.778389,0.0],[-46.298292,-23.77843,0.0],[-46.298488,-23.778914,0.0],[-46.298589,-23.77972,0.0],[-46.298749,-23.780042,0.0]],[[-46.298239,-23.778477,0.0],[-46.298105,-23.778416,0.0],[-46.297703,-23.778592,0.0],[-46.297691,-23.778426,0.0],[-46.297495,-23.778323,0.0],[-46.297611,-23.778161,0.0]],[[-46.294525,-23.779181,0.0],[-46.294685,-23.779336,0.0]],[[-46.294989,-23.778699,0.0],[-46.295285,-23.778768,0.0]],[[-46.298759,-23.778911,0.0],[-46.298669,-23.77902,0.0]],[[-46.299558,-23.778847,0.0],[-46.299588,-23.778879,0.0]],[[-46.299504,-23.778732,0.0],[-46.299558,-23.778847,0.0]],[[-46.29964,-23.778718,0.0],[-46.299737,-23.778664,0.0],[-46.299749,-23.778773,0.0]],[[-46.303954,-23.779363,0.0],[-46.303897,-23.779257,0.0]],[[-46.304038,-23.779275,0.0],[-46.304033,-23.779152,0.0]],[[-46.304633,-23.779357,0.0],[-46.304822,-23.779229,0.0],[-46.304898,-23.779129,0.0],[-46.304599,-23.779078,0.0],[-46.304403,-23.779184,0.0],[-46.304424,-23.77932,0.0],[-46.304633,-23.779357,0.0]],[[-46.304112,-23.779135,0.0],[-46.304186,-23.77901,0.0]],[[-46.304067,-23.779201,0.0],[-46.30407,-23.779111,0.0]],[[-46.304839,-23.77905,0.0],[-46.304617,-23.779043,0.0]],[[-46.304033,-23.779152,0.0],[-46.303784,-23.779029,0.0],[-46.303761,-23.778921,0.0]],[[-46.303856,-23.779708,0.0],[-46.303473,-23.779211,0.0],[-46.303322,-23.778554,0.0],[-46.303333,-23.778172,0.0]],[[-46.303305,-23.779194,0.0],[-46.303312,-23.778964,0.0]],[[-46.302765,-23.778785,0.0],[-46.302784,-23.778914,0.0],[-46.30286,-23.778891,0.0]],[[-46.303781,-23.779301,0.0],[-46.303553,-23.77905,0.0],[-46.303427,-23.778421,0.0]],[[-46.303935,-23.779245,0.0],[-46.303646,-23.778999,0.0],[-46.303774,-23.778706,0.0],[-46.303736,-23.778314,0.0]],[[-46.303555,-23.779425,0.0],[-46.30339,-23.779119,0.0],[-46.303283,-23.778133,0.0]],[[-46.304317,-23.779013,0.0],[-46.304994,-23.778868,0.0]],[[-46.303412,-23.779221,0.0],[-46.303279,-23.778596,0.0],[-46.30328,-23.778079,0.0]],[[-46.304044,-23.77914,0.0],[-46.303788,-23.778989,0.0],[-46.303925,-23.778228,0.0]],[[-46.30415,-23.779035,0.0],[-46.303879,-23.778869,0.0],[-46.303906,-23.778443,0.0],[-46.304053,-23.778155,0.0]],[[-46.304382,-23.778498,0.0],[-46.304209,-23.778457,0.0],[-46.304179,-23.778678,0.0],[-46.304424,-23.778583,0.0],[-46.304382,-23.778498,0.0]],[[-46.303705,-23.778631,0.0],[-46.303629,-23.778529,0.0]],[[-46.304288,-23.778205,0.0],[-46.304695,-23.778504,0.0],[-46.304695,-23.778626,0.0],[-46.304216,-23.778875,0.0],[-46.304048,-23.778796,0.0],[-46.30401,-23.778628,0.0]],[[-46.303276,-23.77875,0.0],[-46.303238,-23.778185,0.0]],[[-46.300579,-23.779238,0.0],[-46.300893,-23.779341,0.0]],[[-46.300597,-23.77921,0.0],[-46.301027,-23.779286,0.0]],[[-46.301707,-23.779343,0.0],[-46.301787,-23.779371,0.0]],[[-46.301747,-23.779053,0.0],[-46.30195,-23.779208,0.0],[-46.302088,-23.779117,0.0],[-46.302221,-23.779151,0.0]],[[-46.300638,-23.779139,0.0],[-46.300787,-23.779108,0.0],[-46.301037,-23.779239,0.0]],[[-46.300682,-23.779051,0.0],[-46.301002,-23.7792,0.0],[-46.301425,-23.779074,0.0]],[[-46.301371,-23.778932,0.0],[-46.301013,-23.779153,0.0],[-46.300839,-23.779032,0.0]],[[-46.300756,-23.778995,0.0],[-46.301007,-23.779102,0.0],[-46.301429,-23.778848,0.0],[-46.301653,-23.778869,0.0]],[[-46.302221,-23.779151,0.0],[-46.302345,-23.779209,0.0]],[[-46.301968,-23.778941,0.0],[-46.302153,-23.778901,0.0],[-46.302304,-23.779096,0.0]],[[-46.301751,-23.77885,0.0],[-46.301817,-23.77894,0.0]],[[-46.301894,-23.778602,0.0],[-46.301882,-23.778566,0.0]],[[-46.300502,-23.778723,0.0],[-46.300471,-23.778993,0.0]],[[-46.300425,-23.778664,0.0],[-46.300502,-23.778723,0.0]],[[-46.302344,-23.778754,0.0],[-46.302268,-23.778441,0.0],[-46.302051,-23.778775,0.0]],[[-46.301014,-23.778416,0.0],[-46.300748,-23.778827,0.0]],[[-46.299912,-23.778742,0.0],[-46.300204,-23.778455,0.0],[-46.300247,-23.778269,0.0]],[[-46.301176,-23.778416,0.0],[-46.301126,-23.778475,0.0]],[[-46.301459,-23.777771,0.0],[-46.3012,-23.778155,0.0],[-46.300713,-23.778594,0.0],[-46.300629,-23.779036,0.0]],[[-46.301115,-23.77865,0.0],[-46.301705,-23.778312,0.0]],[[-46.301808,-23.77773,0.0],[-46.30105,-23.778505,0.0],[-46.300891,-23.778895,0.0],[-46.301008,-23.778954,0.0],[-46.301661,-23.778578,0.0]],[[-46.301265,-23.778311,0.0],[-46.301176,-23.778416,0.0]],[[-46.300496,-23.778353,0.0],[-46.30044,-23.778302,0.0]],[[-46.301087,-23.778127,0.0],[-46.300741,-23.778414,0.0],[-46.300561,-23.778439,0.0]],[[-46.300594,-23.777695,0.0],[-46.301274,-23.777534,0.0],[-46.30143,-23.777587,0.0],[-46.301528,-23.777824,0.0],[-46.300789,-23.778637,0.0],[-46.300699,-23.778978,0.0]],[[-46.30196,-23.777937,0.0],[-46.301957,-23.778551,0.0]],[[-46.301924,-23.777733,0.0],[-46.301299,-23.778402,0.0]],[[-46.300261,-23.77826,0.0],[-46.300303,-23.778157,0.0]],[[-46.301048,-23.778025,0.0],[-46.300705,-23.778325,0.0]],[[-46.300431,-23.778178,0.0],[-46.300419,-23.778105,0.0]],[[-46.300213,-23.778166,0.0],[-46.300261,-23.778043,0.0]],[[-46.300486,-23.778119,0.0],[-46.300491,-23.778039,0.0]],[[-46.300834,-23.778169,0.0],[-46.300984,-23.778092,0.0],[-46.300837,-23.777944,0.0]],[[-46.300449,-23.778063,0.0],[-46.300596,-23.777895,0.0]],[[-46.299991,-23.777848,0.0],[-46.299985,-23.777997,0.0]],[[-46.302287,-23.778243,0.0],[-46.302305,-23.778167,0.0]],[[-46.300214,-23.777921,0.0],[-46.30025,-23.777877,0.0]],[[-46.300291,-23.777841,0.0],[-46.300427,-23.77774,0.0]],[[-46.30401,-23.778628,0.0],[-46.304126,-23.77829,0.0]],[[-46.303005,-23.778345,0.0],[-46.303015,-23.778419,0.0]],[[-46.303395,-23.778375,0.0],[-46.30348,-23.778224,0.0]],[[-46.303783,-23.778343,0.0],[-46.303861,-23.778192,0.0]],[[-46.303004,-23.778181,0.0],[-46.30302,-23.778346,0.0]],[[-46.303699,-23.778523,0.0],[-46.303647,-23.778295,0.0],[-46.30386,-23.777936,0.0]],[[-46.303629,-23.778529,0.0],[-46.303552,-23.778269,0.0],[-46.303767,-23.778109,0.0],[-46.30389,-23.777784,0.0]],[[-46.304089,-23.77822,0.0],[-46.304282,-23.77812,0.0]],[[-46.304076,-23.778059,0.0],[-46.304133,-23.777984,0.0]],[[-46.303312,-23.778184,0.0],[-46.303414,-23.777958,0.0]],[[-46.303357,-23.778142,0.0],[-46.303464,-23.777958,0.0]],[[-46.303456,-23.778046,0.0],[-46.30351,-23.777949,0.0]],[[-46.303505,-23.778169,0.0],[-46.303762,-23.777804,0.0]],[[-46.303423,-23.778121,0.0],[-46.303635,-23.777813,0.0]],[[-46.303971,-23.777863,0.0],[-46.303879,-23.777961,0.0]],[[-46.304126,-23.777897,0.0],[-46.30434,-23.77785,0.0]],[[-46.30386,-23.777936,0.0],[-46.303973,-23.777738,0.0]],[[-46.303649,-23.778131,0.0],[-46.303925,-23.77735,0.0]],[[-46.303274,-23.778022,0.0],[-46.303291,-23.777957,0.0]],[[-46.303672,-23.77815,0.0],[-46.30393,-23.777595,0.0],[-46.303988,-23.777231,0.0]],[[-46.302911,-23.777459,0.0],[-46.302921,-23.777846,0.0]],[[-46.299913,-23.778661,0.0],[-46.299912,-23.778742,0.0]],[[-46.299159,-23.77928,0.0],[-46.299015,-23.778988,0.0],[-46.299225,-23.778406,0.0],[-46.299093,-23.778003,0.0]],[[-46.299798,-23.778485,0.0],[-46.299946,-23.778483,0.0],[-46.299913,-23.778661,0.0]],[[-46.298531,-23.778077,0.0],[-46.298886,-23.778052,0.0],[-46.299023,-23.778219,0.0],[-46.299025,-23.778445,0.0],[-46.298759,-23.778911,0.0]],[[-46.298556,-23.778187,0.0],[-46.298787,-23.778097,0.0],[-46.298972,-23.778222,0.0],[-46.299004,-23.778403,0.0],[-46.298775,-23.778737,0.0]],[[-46.299349,-23.777666,0.0],[-46.299294,-23.777879,0.0],[-46.299402,-23.778807,0.0]],[[-46.297923,-23.77825,0.0],[-46.297989,-23.778354,0.0]],[[-46.296253,-23.776225,0.0],[-46.296394,-23.776508,0.0],[-46.296427,-23.7772,0.0],[-46.296844,-23.777482,0.0],[-46.297015,-23.77782,0.0],[-46.297203,-23.778918,0.0],[-46.298006,-23.778733,0.0],[-46.298263,-23.779189,0.0],[-46.298218,-23.779829,0.0],[-46.2985,-23.780183,0.0]],[[-46.298219,-23.778188,0.0],[-46.298306,-23.778186,0.0]],[[-46.297916,-23.777996,0.0],[-46.297978,-23.77822,0.0]],[[-46.297611,-23.778161,0.0],[-46.297638,-23.777938,0.0]],[[-46.298381,-23.777981,0.0],[-46.29851,-23.778009,0.0]],[[-46.299631,-23.777605,0.0],[-46.299433,-23.778016,0.0],[-46.29963,-23.778491,0.0]],[[-46.299928,-23.77781,0.0],[-46.299809,-23.777874,0.0]],[[-46.298647,-23.777992,0.0],[-46.298432,-23.777963,0.0]],[[-46.298432,-23.777963,0.0],[-46.298363,-23.777917,0.0]],[[-46.295002,-23.778528,0.0],[-46.295265,-23.778643,0.0]],[[-46.294503,-23.775411,0.0],[-46.294847,-23.775536,0.0],[-46.294614,-23.775692,0.0],[-46.294226,-23.775745,0.0],[-46.294091,-23.775875,0.0],[-46.294015,-23.777018,0.0],[-46.294212,-23.777294,0.0],[-46.295274,-23.778237,0.0],[-46.295922,-23.778389,0.0],[-46.296376,-23.778919,0.0],[-46.296384,-23.779142,0.0],[-46.296023,-23.77995,0.0],[-46.296009,-23.780296,0.0],[-46.296109,-23.780369,0.0],[-46.296465,-23.780316,0.0],[-46.297038,-23.779905,0.0],[-46.297337,-23.779906,0.0],[-46.29759,-23.780026,0.0]],[[-46.294912,-23.777745,0.0],[-46.295125,-23.777944,0.0]],[[-46.296549,-23.780016,0.0],[-46.29623,-23.780174,0.0],[-46.296168,-23.780123,0.0],[-46.296222,-23.779708,0.0],[-46.296514,-23.778954,0.0],[-46.296175,-23.778405,0.0],[-46.294794,-23.777523,0.0],[-46.29428,-23.776993,0.0],[-46.294379,-23.77611,0.0],[-46.295062,-23.775748,0.0],[-46.295304,-23.775444,0.0],[-46.295069,-23.775269,0.0]],[[-46.295746,-23.77532,0.0],[-46.295759,-23.775457,0.0],[-46.29504,-23.776531,0.0],[-46.295036,-23.776716,0.0],[-46.296292,-23.77781,0.0],[-46.296765,-23.77872,0.0],[-46.296591,-23.779552,0.0],[-46.296707,-23.779575,0.0],[-46.297185,-23.779302,0.0],[-46.297587,-23.779193,0.0],[-46.297807,-23.779344,0.0],[-46.297837,-23.779818,0.0]],[[-46.301791,-23.777591,0.0],[-46.301882,-23.777732,0.0],[-46.301711,-23.777906,0.0]],[[-46.301636,-23.777465,0.0],[-46.301924,-23.777733,0.0]],[[-46.300816,-23.777626,0.0],[-46.300968,-23.777567,0.0]],[[-46.301258,-23.777483,0.0],[-46.300848,-23.777566,0.0]],[[-46.301702,-23.777472,0.0],[-46.301854,-23.777571,0.0]],[[-46.301825,-23.777443,0.0],[-46.301763,-23.777425,0.0]],[[-46.301307,-23.777375,0.0],[-46.301653,-23.777456,0.0]],[[-46.301325,-23.777322,0.0],[-46.301218,-23.777397,0.0]],[[-46.300478,-23.777557,0.0],[-46.300349,-23.777508,0.0],[-46.300347,-23.777352,0.0],[-46.300445,-23.777313,0.0]],[[-46.300836,-23.777248,0.0],[-46.300904,-23.777333,0.0]],[[-46.303386,-23.777097,0.0],[-46.303369,-23.777231,0.0],[-46.3034,-23.777163,0.0]],[[-46.300066,-23.77714,0.0],[-46.299962,-23.777326,0.0]],[[-46.30078,-23.777032,0.0],[-46.300733,-23.777175,0.0]],[[-46.300965,-23.776988,0.0],[-46.300985,-23.777094,0.0]],[[-46.30111,-23.776873,0.0],[-46.300965,-23.776988,0.0]],[[-46.301723,-23.777266,0.0],[-46.301807,-23.777406,0.0],[-46.301669,-23.77737,0.0]],[[-46.301327,-23.776905,0.0],[-46.301264,-23.776959,0.0]],[[-46.300513,-23.776704,0.0],[-46.300535,-23.776958,0.0]],[[-46.300639,-23.77677,0.0],[-46.300631,-23.776575,0.0]],[[-46.298209,-23.777823,0.0],[-46.298169,-23.777935,0.0]],[[-46.297953,-23.778813,0.0],[-46.297015,-23.779014,0.0],[-46.297097,-23.77866,0.0],[-46.296987,-23.777945,0.0],[-46.296724,-23.777524,0.0],[-46.29626,-23.777158,0.0],[-46.296186,-23.776598,0.0]],[[-46.297234,-23.777499,0.0],[-46.29737,-23.777911,0.0]],[[-46.298316,-23.777814,0.0],[-46.298395,-23.777681,0.0],[-46.298339,-23.777345,0.0]],[[-46.299924,-23.777534,0.0],[-46.299928,-23.77781,0.0]],[[-46.29933,-23.777483,0.0],[-46.299349,-23.777666,0.0]],[[-46.298856,-23.777401,0.0],[-46.298841,-23.777637,0.0]],[[-46.298952,-23.777377,0.0],[-46.298985,-23.777589,0.0]],[[-46.299536,-23.777344,0.0],[-46.299579,-23.777454,0.0]],[[-46.298835,-23.777216,0.0],[-46.298856,-23.777401,0.0]],[[-46.298539,-23.777301,0.0],[-46.298541,-23.777477,0.0]],[[-46.298448,-23.777195,0.0],[-46.29839,-23.777407,0.0]],[[-46.298787,-23.777387,0.0],[-46.298707,-23.777178,0.0]],[[-46.299837,-23.777089,0.0],[-46.299797,-23.777201,0.0],[-46.299638,-23.777252,0.0]],[[-46.294896,-23.77746,0.0],[-46.295166,-23.777582,0.0]],[[-46.293894,-23.774037,0.0],[-46.294609,-23.774501,0.0],[-46.294669,-23.774679,0.0],[-46.294538,-23.774885,0.0],[-46.294113,-23.775169,0.0],[-46.294087,-23.775347,0.0],[-46.293718,-23.775874,0.0],[-46.293776,-23.776975,0.0],[-46.295119,-23.778496,0.0],[-46.295761,-23.778546,0.0],[-46.296047,-23.778744,0.0],[-46.296192,-23.779152,0.0],[-46.295927,-23.779813,0.0],[-46.295927,-23.780215,0.0],[-46.296012,-23.780404,0.0],[-46.296265,-23.780427,0.0]],[[-46.297792,-23.776629,0.0],[-46.298082,-23.776913,0.0],[-46.29834,-23.777594,0.0],[-46.298209,-23.777823,0.0]],[[-46.297875,-23.776616,0.0],[-46.298263,-23.777217,0.0],[-46.298363,-23.777687,0.0],[-46.298283,-23.777802,0.0]],[[-46.298302,-23.777017,0.0],[-46.298448,-23.777195,0.0]],[[-46.298494,-23.776968,0.0],[-46.29863,-23.777137,0.0]],[[-46.304068,-23.777747,0.0],[-46.304193,-23.777713,0.0],[-46.304174,-23.777616,0.0]],[[-46.303843,-23.777546,0.0],[-46.303851,-23.777361,0.0]],[[-46.303587,-23.777771,0.0],[-46.303745,-23.777594,0.0],[-46.303731,-23.777444,0.0]],[[-46.304038,-23.777641,0.0],[-46.304075,-23.777237,0.0]],[[-46.304284,-23.777693,0.0],[-46.304252,-23.777272,0.0],[-46.304362,-23.777337,0.0]],[[-46.304178,-23.777357,0.0],[-46.304201,-23.777214,0.0],[-46.304387,-23.777119,0.0]],[[-46.303513,-23.777275,0.0],[-46.30357,-23.777138,0.0]],[[-46.303784,-23.777337,0.0],[-46.303739,-23.777171,0.0],[-46.304132,-23.776862,0.0]],[[-46.303291,-23.777957,0.0],[-46.30352,-23.777021,0.0],[-46.304183,-23.776419,0.0],[-46.304447,-23.776376,0.0],[-46.304974,-23.776959,0.0],[-46.305227,-23.777056,0.0]],[[-46.30408,-23.777089,0.0],[-46.304176,-23.777016,0.0]],[[-46.30371,-23.777506,0.0],[-46.303654,-23.777153,0.0],[-46.303957,-23.776964,0.0],[-46.304199,-23.776582,0.0]],[[-46.299699,-23.776985,0.0],[-46.299411,-23.777272,0.0]],[[-46.29924,-23.7771,0.0],[-46.299165,-23.777014,0.0]],[[-46.299165,-23.777014,0.0],[-46.299222,-23.776883,0.0]],[[-46.298663,-23.776708,0.0],[-46.298713,-23.777101,0.0]],[[-46.29859,-23.776937,0.0],[-46.29857,-23.776706,0.0]],[[-46.298254,-23.776525,0.0],[-46.298387,-23.776987,0.0]],[[-46.299715,-23.77667,0.0],[-46.29971,-23.776891,0.0]],[[-46.298682,-23.776616,0.0],[-46.298663,-23.776708,0.0]],[[-46.297243,-23.77655,0.0],[-46.297226,-23.776684,0.0]],[[-46.297396,-23.77655,0.0],[-46.297413,-23.776595,0.0]],[[-46.297994,-23.776465,0.0],[-46.297856,-23.776533,0.0],[-46.297875,-23.776616,0.0]],[[-46.29705,-23.776405,0.0],[-46.29712,-23.776569,0.0]],[[-46.299044,-23.776441,0.0],[-46.298968,-23.776696,0.0]],[[-46.299273,-23.775987,0.0],[-46.29933,-23.776113,0.0],[-46.299481,-23.776157,0.0],[-46.299638,-23.776546,0.0],[-46.299627,-23.776786,0.0],[-46.299492,-23.776942,0.0]],[[-46.298389,-23.776383,0.0],[-46.298349,-23.776502,0.0]],[[-46.296981,-23.776434,0.0],[-46.296971,-23.776396,0.0]],[[-46.297833,-23.776266,0.0],[-46.297559,-23.776487,0.0]],[[-46.296813,-23.776237,0.0],[-46.296667,-23.776254,0.0],[-46.296768,-23.776458,0.0]],[[-46.298938,-23.776367,0.0],[-46.299044,-23.776441,0.0]],[[-46.299748,-23.776178,0.0],[-46.299958,-23.776467,0.0]],[[-46.303617,-23.777294,0.0],[-46.303635,-23.777101,0.0],[-46.303982,-23.776855,0.0],[-46.304129,-23.776542,0.0],[-46.304349,-23.77647,0.0],[-46.304525,-23.776548,0.0],[-46.304837,-23.776982,0.0],[-46.305222,-23.777116,0.0],[-46.305486,-23.777466,0.0]],[[-46.303589,-23.7772,0.0],[-46.304196,-23.776447,0.0]],[[-46.303092,-23.77657,0.0],[-46.302939,-23.777257,0.0]],[[-46.304197,-23.776919,0.0],[-46.304277,-23.776822,0.0]],[[-46.30357,-23.777138,0.0],[-46.304087,-23.776503,0.0],[-46.304306,-23.776408,0.0],[-46.304517,-23.776476,0.0],[-46.304961,-23.776987,0.0],[-46.305319,-23.777139,0.0]],[[-46.303357,-23.776095,0.0],[-46.302957,-23.777267,0.0]],[[-46.304199,-23.776582,0.0],[-46.304473,-23.776572,0.0]],[[-46.304223,-23.776374,0.0],[-46.30451,-23.776346,0.0]],[[-46.302633,-23.775777,0.0],[-46.302669,-23.775842,0.0]],[[-46.304343,-23.775829,0.0],[-46.304769,-23.775594,0.0],[-46.303957,-23.776177,0.0],[-46.303648,-23.776546,0.0]],[[-46.304181,-23.776176,0.0],[-46.304911,-23.775631,0.0]],[[-46.301843,-23.776651,0.0],[-46.301668,-23.776675,0.0]],[[-46.301806,-23.77638,0.0],[-46.301901,-23.776522,0.0],[-46.302081,-23.776507,0.0],[-46.302139,-23.776407,0.0],[-46.302068,-23.776286,0.0]],[[-46.302338,-23.776316,0.0],[-46.302338,-23.776459,0.0]],[[-46.300393,-23.776537,0.0],[-46.300374,-23.776742,0.0]],[[-46.300258,-23.776397,0.0],[-46.300393,-23.776537,0.0]],[[-46.302107,-23.776295,0.0],[-46.301891,-23.776207,0.0],[-46.301731,-23.776381,0.0],[-46.301959,-23.776561,0.0],[-46.302151,-23.776477,0.0],[-46.302107,-23.776295,0.0]],[[-46.301967,-23.776283,0.0],[-46.301866,-23.776379,0.0]],[[-46.300659,-23.776398,0.0],[-46.300601,-23.776272,0.0]],[[-46.300601,-23.776272,0.0],[-46.300467,-23.776209,0.0]],[[-46.300263,-23.776169,0.0],[-46.300134,-23.776095,0.0]],[[-46.300137,-23.775988,0.0],[-46.300225,-23.776073,0.0]],[[-46.302532,-23.775696,0.0],[-46.302633,-23.775777,0.0]],[[-46.302227,-23.775674,0.0],[-46.302336,-23.77568,0.0]],[[-46.302068,-23.776286,0.0],[-46.301941,-23.776246,0.0]],[[-46.301434,-23.775702,0.0],[-46.301541,-23.775915,0.0]],[[-46.300476,-23.77588,0.0],[-46.300544,-23.776001,0.0],[-46.300863,-23.776079,0.0]],[[-46.300175,-23.775639,0.0],[-46.300411,-23.775694,0.0]],[[-46.302532,-23.77566,0.0],[-46.303347,-23.775528,0.0]],[[-46.303094,-23.775514,0.0],[-46.303224,-23.775423,0.0]],[[-46.296495,-23.776357,0.0],[-46.296517,-23.777055,0.0]],[[-46.295051,-23.775189,0.0],[-46.295352,-23.77529,0.0],[-46.295412,-23.775455,0.0],[-46.294599,-23.776218,0.0],[-46.294426,-23.776897,0.0],[-46.294896,-23.77746,0.0]],[[-46.297972,-23.776179,0.0],[-46.297833,-23.776266,0.0]],[[-46.297503,-23.77617,0.0],[-46.297387,-23.776196,0.0]],[[-46.299294,-23.776084,0.0],[-46.299445,-23.776174,0.0],[-46.299384,-23.776296,0.0]],[[-46.299732,-23.775965,0.0],[-46.299748,-23.776178,0.0]],[[-46.296477,-23.776209,0.0],[-46.296347,-23.776216,0.0],[-46.296364,-23.7763,0.0]],[[-46.296116,-23.7762,0.0],[-46.296104,-23.776066,0.0],[-46.296208,-23.776084,0.0]],[[-46.297768,-23.775802,0.0],[-46.297841,-23.776077,0.0],[-46.297683,-23.776304,0.0],[-46.296752,-23.77623,0.0]],[[-46.297848,-23.775758,0.0],[-46.298094,-23.776065,0.0],[-46.297972,-23.776179,0.0]],[[-46.299213,-23.775918,0.0],[-46.299377,-23.775928,0.0]],[[-46.298955,-23.775865,0.0],[-46.299091,-23.775828,0.0]],[[-46.29616,-23.776016,0.0],[-46.296085,-23.775917,0.0],[-46.296026,-23.775998,0.0]],[[-46.296217,-23.775831,0.0],[-46.296207,-23.775812,0.0]],[[-46.29778,-23.775798,0.0],[-46.29788,-23.776067,0.0]],[[-46.296917,-23.775766,0.0],[-46.296881,-23.775779,0.0]],[[-46.299356,-23.775645,0.0],[-46.299537,-23.775624,0.0],[-46.299799,-23.776007,0.0]],[[-46.299934,-23.7758,0.0],[-46.299817,-23.775581,0.0]],[[-46.29833,-23.775701,0.0],[-46.298254,-23.775777,0.0]],[[-46.297872,-23.775653,0.0],[-46.297848,-23.775758,0.0]],[[-46.302334,-23.775546,0.0],[-46.301529,-23.775581,0.0],[-46.301249,-23.775676,0.0]],[[-46.301759,-23.775527,0.0],[-46.301507,-23.775546,0.0]],[[-46.302334,-23.775563,0.0],[-46.301847,-23.775578,0.0]],[[-46.302301,-23.775519,0.0],[-46.302183,-23.775531,0.0]],[[-46.300248,-23.775559,0.0],[-46.300162,-23.775514,0.0]],[[-46.301222,-23.77551,0.0],[-46.300791,-23.775421,0.0]],[[-46.301257,-23.775513,0.0],[-46.301222,-23.77551,0.0]],[[-46.301814,-23.775468,0.0],[-46.301739,-23.775494,0.0]],[[-46.302336,-23.775519,0.0],[-46.302625,-23.775464,0.0]],[[-46.30249,-23.775431,0.0],[-46.302337,-23.775465,0.0]],[[-46.302077,-23.775449,0.0],[-46.301931,-23.775445,0.0]],[[-46.302336,-23.775399,0.0],[-46.301473,-23.775505,0.0],[-46.300787,-23.775352,0.0]],[[-46.30272,-23.775397,0.0],[-46.302756,-23.775386,0.0]],[[-46.302617,-23.775361,0.0],[-46.302824,-23.775306,0.0]],[[-46.3025,-23.775394,0.0],[-46.302385,-23.775422,0.0]],[[-46.302335,-23.775399,0.0],[-46.302538,-23.775349,0.0]],[[-46.301387,-23.775564,0.0],[-46.301081,-23.775593,0.0],[-46.300229,-23.775433,0.0],[-46.299665,-23.775198,0.0]],[[-46.300787,-23.775352,0.0],[-46.300569,-23.775309,0.0]],[[-46.302376,-23.775336,0.0],[-46.302335,-23.775349,0.0]],[[-46.302224,-23.775334,0.0],[-46.302336,-23.775314,0.0]],[[-46.29607,-23.775779,0.0],[-46.296026,-23.775676,0.0],[-46.295929,-23.775717,0.0]],[[-46.295917,-23.775665,0.0],[-46.296007,-23.775602,0.0],[-46.296045,-23.775675,0.0]],[[-46.298917,-23.775573,0.0],[-46.299,-23.775629,0.0]],[[-46.299114,-23.775417,0.0],[-46.299049,-23.775554,0.0]],[[-46.296547,-23.775353,0.0],[-46.296406,-23.775481,0.0],[-46.296481,-23.775641,0.0],[-46.296702,-23.775608,0.0],[-46.296748,-23.77544,0.0]],[[-46.296641,-23.775694,0.0],[-46.296437,-23.77568,0.0],[-46.29635,-23.775564,0.0],[-46.296434,-23.775213,0.0],[-46.296639,-23.775209,0.0],[-46.296814,-23.775333,0.0],[-46.296822,-23.775564,0.0],[-46.296641,-23.775694,0.0]],[[-46.298135,-23.775225,0.0],[-46.29778,-23.775512,0.0],[-46.297749,-23.775702,0.0]],[[-46.298236,-23.774464,0.0],[-46.298486,-23.77467,0.0],[-46.298536,-23.774831,0.0],[-46.298417,-23.775227,0.0],[-46.298037,-23.775752,0.0],[-46.298393,-23.776178,0.0],[-46.298322,-23.776414,0.0]],[[-46.296583,-23.775082,0.0],[-46.296888,-23.775331,0.0],[-46.29687,-23.775582,0.0],[-46.296645,-23.77572,0.0],[-46.296357,-23.775662,0.0],[-46.296332,-23.775146,0.0]],[[-46.296299,-23.77516,0.0],[-46.296381,-23.775706,0.0],[-46.296588,-23.775745,0.0],[-46.296882,-23.77563,0.0],[-46.296915,-23.775305,0.0],[-46.296799,-23.775146,0.0],[-46.296481,-23.775034,0.0],[-46.296299,-23.77516,0.0]],[[-46.296265,-23.775446,0.0],[-46.29643,-23.775753,0.0],[-46.296792,-23.775723,0.0],[-46.296913,-23.775627,0.0],[-46.296925,-23.77523,0.0],[-46.296748,-23.775046,0.0],[-46.296351,-23.775,0.0],[-46.296265,-23.775446,0.0]],[[-46.294938,-23.775329,0.0],[-46.294852,-23.775305,0.0]],[[-46.297686,-23.774554,0.0],[-46.297996,-23.774656,0.0],[-46.298167,-23.7749,0.0],[-46.298112,-23.775107,0.0],[-46.297557,-23.775506,0.0],[-46.297718,-23.775954,0.0],[-46.29767,-23.776166,0.0],[-46.297334,-23.776237,0.0],[-46.29687,-23.776128,0.0],[-46.296309,-23.776155,0.0]],[[-46.29731,-23.774541,0.0],[-46.297431,-23.774748,0.0],[-46.297766,-23.774926,0.0],[-46.297733,-23.775061,0.0],[-46.297339,-23.775435,0.0],[-46.29747,-23.776057,0.0],[-46.29727,-23.776106,0.0],[-46.296679,-23.775994,0.0]],[[-46.299443,-23.775381,0.0],[-46.299374,-23.775232,0.0]],[[-46.300541,-23.775404,0.0],[-46.299324,-23.775084,0.0]],[[-46.298174,-23.774047,0.0],[-46.298064,-23.774077,0.0],[-46.297948,-23.774419,0.0],[-46.298374,-23.774705,0.0],[-46.298435,-23.774927,0.0],[-46.297873,-23.775722,0.0],[-46.298143,-23.776155,0.0],[-46.297654,-23.776455,0.0]],[[-46.298177,-23.775143,0.0],[-46.298111,-23.77521,0.0]],[[-46.294926,-23.77522,0.0],[-46.294952,-23.775296,0.0]],[[-46.296033,-23.775108,0.0],[-46.296345,-23.775824,0.0],[-46.29714,-23.775781,0.0],[-46.297181,-23.775003,0.0],[-46.296924,-23.774691,0.0],[-46.296418,-23.774582,0.0]],[[-46.303609,-23.775448,0.0],[-46.303786,-23.775398,0.0]],[[-46.30443,-23.7751,0.0],[-46.304522,-23.775041,0.0],[-46.304588,-23.775113,0.0],[-46.30448,-23.775224,0.0],[-46.304543,-23.775295,0.0]],[[-46.303908,-23.775278,0.0],[-46.30394,-23.775185,0.0]],[[-46.302713,-23.775279,0.0],[-46.302567,-23.775305,0.0]],[[-46.302934,-23.775238,0.0],[-46.302713,-23.775279,0.0]],[[-46.30263,-23.77524,0.0],[-46.302809,-23.775195,0.0]],[[-46.304646,-23.77489,0.0],[-46.304014,-23.77543,0.0],[-46.30443,-23.7751,0.0]],[[-46.305127,-23.775173,0.0],[-46.305028,-23.775206,0.0]],[[-46.304429,-23.774771,0.0],[-46.304471,-23.774873,0.0]],[[-46.304055,-23.774384,0.0],[-46.30413,-23.774714,0.0],[-46.304343,-23.774744,0.0],[-46.304349,-23.774609,0.0]],[[-46.303665,-23.775098,0.0],[-46.303529,-23.775033,0.0]],[[-46.302856,-23.774895,0.0],[-46.302722,-23.77493,0.0]],[[-46.30338,-23.774721,0.0],[-46.303364,-23.7748,0.0]],[[-46.302376,-23.775311,0.0],[-46.302335,-23.775321,0.0]],[[-46.302576,-23.775259,0.0],[-46.302336,-23.775314,0.0]],[[-46.302721,-23.775235,0.0],[-46.302376,-23.775311,0.0]],[[-46.302518,-23.775248,0.0],[-46.302629,-23.775229,0.0]],[[-46.301969,-23.775184,0.0],[-46.301923,-23.775154,0.0]],[[-46.302335,-23.775161,0.0],[-46.301168,-23.775118,0.0]],[[-46.30241,-23.775199,0.0],[-46.302335,-23.775219,0.0]],[[-46.302336,-23.775182,0.0],[-46.302298,-23.775191,0.0]],[[-46.302688,-23.775137,0.0],[-46.302445,-23.775206,0.0]],[[-46.302458,-23.775112,0.0],[-46.302335,-23.775149,0.0]],[[-46.302862,-23.775141,0.0],[-46.302701,-23.775171,0.0]],[[-46.30335,-23.774868,0.0],[-46.303444,-23.775154,0.0],[-46.302375,-23.775319,0.0]],[[-46.302663,-23.77507,0.0],[-46.302426,-23.775142,0.0]],[[-46.302492,-23.775046,0.0],[-46.302336,-23.775092,0.0]],[[-46.300422,-23.77514,0.0],[-46.300588,-23.775236,0.0]],[[-46.30117,-23.775086,0.0],[-46.301096,-23.775079,0.0]],[[-46.302648,-23.775027,0.0],[-46.302459,-23.775085,0.0]],[[-46.302371,-23.775064,0.0],[-46.302562,-23.775011,0.0]],[[-46.303133,-23.775027,0.0],[-46.303034,-23.775064,0.0]],[[-46.302816,-23.774958,0.0],[-46.302632,-23.774988,0.0]],[[-46.310723,-23.778321,0.0],[-46.310517,-23.778335,0.0]],[[-46.310498,-23.777237,0.0],[-46.310826,-23.777276,0.0],[-46.31102,-23.777935,0.0],[-46.310859,-23.778087,0.0],[-46.310211,-23.778157,0.0],[-46.310083,-23.77835,0.0]],[[-46.310422,-23.777314,0.0],[-46.310657,-23.777452,0.0],[-46.310709,-23.77791,0.0],[-46.310162,-23.777973,0.0],[-46.309859,-23.778158,0.0]],[[-46.310505,-23.777212,0.0],[-46.310865,-23.777192,0.0],[-46.311073,-23.77798,0.0],[-46.310889,-23.778123,0.0],[-46.310229,-23.778232,0.0],[-46.3102,-23.778351,0.0]],[[-46.308536,-23.777577,0.0],[-46.308615,-23.777689,0.0],[-46.308565,-23.777827,0.0]],[[-46.310505,-23.777094,0.0],[-46.310971,-23.777104,0.0],[-46.311232,-23.778,0.0],[-46.31106,-23.778234,0.0],[-46.310444,-23.778314,0.0]],[[-46.308667,-23.777437,0.0],[-46.30891,-23.777447,0.0]],[[-46.308271,-23.776563,0.0],[-46.309036,-23.776317,0.0],[-46.309696,-23.776278,0.0],[-46.309976,-23.776814,0.0],[-46.310037,-23.777278,0.0],[-46.31043,-23.777584,0.0],[-46.310295,-23.777783,0.0],[-46.309537,-23.777959,0.0],[-46.309544,-23.778507,0.0],[-46.309794,-23.77889,0.0],[-46.309053,-23.778982,0.0]],[[-46.3093,-23.779076,0.0],[-46.309825,-23.779109,0.0],[-46.310024,-23.779037,0.0],[-46.310045,-23.778812,0.0],[-46.309706,-23.778502,0.0],[-46.309654,-23.778088,0.0],[-46.310162,-23.777898,0.0],[-46.310584,-23.77786,0.0],[-46.310594,-23.777537,0.0],[-46.310137,-23.777201,0.0],[-46.310102,-23.776821,0.0],[-46.309898,-23.776438,0.0],[-46.310104,-23.77602,0.0],[-46.309842,-23.775992,0.0],[-46.30896,-23.776263,0.0]],[[-46.308394,-23.776494,0.0],[-46.309949,-23.776047,0.0],[-46.309883,-23.776452,0.0],[-46.31006,-23.776807,0.0],[-46.310103,-23.777231,0.0],[-46.310541,-23.777564,0.0],[-46.310518,-23.777813,0.0],[-46.309603,-23.778044,0.0],[-46.30965,-23.778477,0.0],[-46.309993,-23.778849,0.0],[-46.309934,-23.779014,0.0],[-46.309325,-23.779041,0.0]],[[-46.309304,-23.77722,0.0],[-46.309094,-23.777093,0.0]],[[-46.309195,-23.777183,0.0],[-46.308883,-23.77706,0.0],[-46.308513,-23.777342,0.0],[-46.30871,-23.777554,0.0],[-46.308864,-23.777579,0.0],[-46.309237,-23.777344,0.0],[-46.309195,-23.777183,0.0]],[[-46.304223,-23.777039,0.0],[-46.304406,-23.776921,0.0],[-46.304639,-23.777241,0.0],[-46.305031,-23.777313,0.0],[-46.30536,-23.777583,0.0],[-46.305348,-23.77774,0.0],[-46.305073,-23.777738,0.0],[-46.304906,-23.77786,0.0]],[[-46.305502,-23.777564,0.0],[-46.3055,-23.777771,0.0]],[[-46.305701,-23.777575,0.0],[-46.305791,-23.777553,0.0]],[[-46.305899,-23.777574,0.0],[-46.306033,-23.7775,0.0]],[[-46.305374,-23.777271,0.0],[-46.305462,-23.777411,0.0]],[[-46.304281,-23.776873,0.0],[-46.304473,-23.776857,0.0],[-46.304632,-23.777171,0.0],[-46.305061,-23.777262,0.0],[-46.305415,-23.777594,0.0],[-46.305344,-23.777789,0.0],[-46.304981,-23.77784,0.0]],[[-46.304234,-23.776685,0.0],[-46.304446,-23.776649,0.0],[-46.304719,-23.777077,0.0],[-46.305172,-23.77722,0.0],[-46.305488,-23.77768,0.0]],[[-46.306082,-23.777535,0.0],[-46.306171,-23.777434,0.0]],[[-46.306074,-23.778721,0.0],[-46.305614,-23.778289,0.0],[-46.30555,-23.778029,0.0],[-46.305786,-23.777877,0.0],[-46.306248,-23.777776,0.0],[-46.306644,-23.777952,0.0],[-46.306701,-23.777096,0.0],[-46.306091,-23.77711,0.0],[-46.306008,-23.776919,0.0],[-46.305533,-23.776577,0.0],[-46.305487,-23.776374,0.0],[-46.305696,-23.776187,0.0],[-46.306116,-23.776261,0.0],[-46.306221,-23.776174,0.0],[-46.305988,-23.775474,0.0],[-46.306038,-23.775307,0.0],[-46.306489,-23.775302,0.0],[-46.306855,-23.775452,0.0]],[[-46.306251,-23.776969,0.0],[-46.306282,-23.776884,0.0]],[[-46.306338,-23.776915,0.0],[-46.306336,-23.776896,0.0]],[[-46.309401,-23.777628,0.0],[-46.30981,-23.777533,0.0],[-46.309721,-23.777049,0.0],[-46.309547,-23.77683,0.0],[-46.30895,-23.776652,0.0],[-46.308072,-23.776831,0.0],[-46.308053,-23.77699,0.0],[-46.308356,-23.777651,0.0],[-46.308084,-23.777738,0.0]],[[-46.308853,-23.777395,0.0],[-46.309048,-23.777337,0.0],[-46.309103,-23.777253,0.0],[-46.308831,-23.777224,0.0],[-46.308774,-23.777331,0.0],[-46.308853,-23.777395,0.0]],[[-46.310488,-23.777116,0.0],[-46.310785,-23.777065,0.0]],[[-46.310062,-23.775863,0.0],[-46.310517,-23.775883,0.0],[-46.310483,-23.776065,0.0],[-46.309979,-23.776377,0.0],[-46.310249,-23.776838,0.0],[-46.310273,-23.7772,0.0],[-46.310728,-23.777341,0.0],[-46.310891,-23.777912,0.0],[-46.310719,-23.778018,0.0],[-46.310113,-23.778057,0.0],[-46.309971,-23.778232,0.0]],[[-46.310627,-23.776838,0.0],[-46.310581,-23.777009,0.0]],[[-46.30967,-23.775939,0.0],[-46.310477,-23.775755,0.0],[-46.310595,-23.775818,0.0],[-46.310507,-23.77611,0.0],[-46.310003,-23.776381,0.0],[-46.310292,-23.776865,0.0],[-46.310304,-23.777214,0.0],[-46.310764,-23.777331,0.0],[-46.310788,-23.777643,0.0],[-46.310932,-23.777934,0.0],[-46.310835,-23.778031,0.0],[-46.310136,-23.77807,0.0],[-46.309942,-23.778272,0.0]],[[-46.310831,-23.77677,0.0],[-46.310842,-23.776682,0.0]],[[-46.310714,-23.776795,0.0],[-46.310651,-23.776597,0.0]],[[-46.310092,-23.77637,0.0],[-46.310427,-23.776854,0.0],[-46.310375,-23.777176,0.0]],[[-46.308988,-23.776955,0.0],[-46.30922,-23.777058,0.0]],[[-46.3097,-23.776681,0.0],[-46.309437,-23.776567,0.0]],[[-46.310055,-23.775941,0.0],[-46.310242,-23.776049,0.0],[-46.309913,-23.776418,0.0],[-46.31014,-23.776817,0.0],[-46.310161,-23.777155,0.0],[-46.310345,-23.777321,0.0]],[[-46.309435,-23.776055,0.0],[-46.309885,-23.775897,0.0],[-46.310402,-23.775938,0.0],[-46.310334,-23.77611,0.0],[-46.309951,-23.776391,0.0],[-46.310177,-23.776776,0.0],[-46.310213,-23.777137,0.0]],[[-46.306133,-23.776781,0.0],[-46.306159,-23.776733,0.0]],[[-46.306624,-23.776797,0.0],[-46.306635,-23.776908,0.0],[-46.306331,-23.776941,0.0]],[[-46.306764,-23.776756,0.0],[-46.306819,-23.776872,0.0]],[[-46.305042,-23.776961,0.0],[-46.305192,-23.777022,0.0]],[[-46.304736,-23.77647,0.0],[-46.304858,-23.776552,0.0]],[[-46.306033,-23.7775,0.0],[-46.305781,-23.777497,0.0],[-46.305587,-23.77738,0.0],[-46.30555,-23.777245,0.0],[-46.305646,-23.77705,0.0],[-46.305466,-23.77684,0.0],[-46.305226,-23.776755,0.0],[-46.305113,-23.776338,0.0],[-46.305115,-23.776194,0.0],[-46.305301,-23.775962,0.0],[-46.305769,-23.775951,0.0]],[[-46.306094,-23.77668,0.0],[-46.306399,-23.776573,0.0],[-46.306402,-23.776565,0.0],[-46.305981,-23.776504,0.0],[-46.305972,-23.776633,0.0],[-46.306094,-23.77668,0.0]],[[-46.305579,-23.777452,0.0],[-46.305448,-23.776932,0.0],[-46.30516,-23.776742,0.0],[-46.305017,-23.776163,0.0],[-46.305299,-23.775879,0.0],[-46.305735,-23.775924,0.0]],[[-46.306575,-23.776714,0.0],[-46.306659,-23.776708,0.0]],[[-46.306085,-23.776779,0.0],[-46.305828,-23.776634,0.0],[-46.305801,-23.776419,0.0],[-46.306327,-23.776384,0.0]],[[-46.305355,-23.777146,0.0],[-46.305353,-23.777034,0.0],[-46.305126,-23.776813,0.0],[-46.304918,-23.776122,0.0],[-46.30529,-23.7758,0.0],[-46.305642,-23.775867,0.0]],[[-46.306999,-23.777083,0.0],[-46.307061,-23.777051,0.0]],[[-46.307063,-23.776985,0.0],[-46.307107,-23.776967,0.0]],[[-46.307116,-23.776795,0.0],[-46.307368,-23.776891,0.0]],[[-46.306461,-23.776925,0.0],[-46.306591,-23.776878,0.0]],[[-46.307692,-23.776805,0.0],[-46.307724,-23.77674,0.0]],[[-46.307679,-23.77677,0.0],[-46.307706,-23.776731,0.0]],[[-46.307589,-23.776741,0.0],[-46.30762,-23.776717,0.0]],[[-46.307486,-23.77674,0.0],[-46.307629,-23.776686,0.0]],[[-46.307079,-23.776629,0.0],[-46.307271,-23.776646,0.0]],[[-46.308265,-23.776549,0.0],[-46.308188,-23.776565,0.0]],[[-46.307042,-23.776465,0.0],[-46.307264,-23.776552,0.0]],[[-46.309862,-23.775868,0.0],[-46.310459,-23.775733,0.0],[-46.310624,-23.775817,0.0],[-46.310534,-23.77612,0.0],[-46.310015,-23.77636,0.0],[-46.310291,-23.776832,0.0],[-46.310306,-23.777203,0.0],[-46.310495,-23.777259,0.0]],[[-46.310414,-23.776341,0.0],[-46.310178,-23.776389,0.0]],[[-46.310182,-23.776324,0.0],[-46.310079,-23.776368,0.0]],[[-46.308372,-23.77633,0.0],[-46.308658,-23.776283,0.0]],[[-46.30993,-23.776233,0.0],[-46.309899,-23.776331,0.0]],[[-46.308658,-23.776283,0.0],[-46.308772,-23.776249,0.0]],[[-46.308753,-23.776188,0.0],[-46.308761,-23.776228,0.0]],[[-46.309628,-23.776216,0.0],[-46.309162,-23.776263,0.0]],[[-46.309199,-23.776073,0.0],[-46.309262,-23.77605,0.0]],[[-46.308808,-23.776018,0.0],[-46.308931,-23.776126,0.0]],[[-46.309674,-23.776,0.0],[-46.310055,-23.775941,0.0]],[[-46.310413,-23.775682,0.0],[-46.310701,-23.775724,0.0],[-46.310771,-23.776075,0.0],[-46.310636,-23.776222,0.0],[-46.310178,-23.776314,0.0]],[[-46.306244,-23.776481,0.0],[-46.306105,-23.77645,0.0]],[[-46.306473,-23.777563,0.0],[-46.306442,-23.777284,0.0],[-46.305814,-23.777373,0.0],[-46.305736,-23.777184,0.0],[-46.305851,-23.777025,0.0],[-46.305657,-23.776937,0.0],[-46.305575,-23.776746,0.0],[-46.305325,-23.776709,0.0],[-46.305239,-23.776544,0.0],[-46.305245,-23.776269,0.0],[-46.305428,-23.776053,0.0],[-46.306036,-23.776042,0.0],[-46.305728,-23.775443,0.0],[-46.30575,-23.775319,0.0],[-46.306069,-23.77514,0.0],[-46.306559,-23.775102,0.0],[-46.307236,-23.775401,0.0],[-46.307458,-23.775723,0.0]],[[-46.305797,-23.776792,0.0],[-46.30555,-23.776561,0.0],[-46.305525,-23.776364,0.0],[-46.305729,-23.776203,0.0],[-46.306213,-23.77623,0.0],[-46.306249,-23.776093,0.0],[-46.30603,-23.7754,0.0],[-46.306295,-23.775303,0.0],[-46.306964,-23.775509,0.0],[-46.307265,-23.775765,0.0],[-46.307231,-23.776135,0.0],[-46.306896,-23.776302,0.0],[-46.306769,-23.776529,0.0],[-46.307116,-23.776795,0.0]],[[-46.304545,-23.776227,0.0],[-46.305165,-23.775733,0.0],[-46.305496,-23.775695,0.0]],[[-46.306591,-23.776551,0.0],[-46.30679,-23.776177,0.0],[-46.307059,-23.776167,0.0],[-46.307025,-23.775882,0.0],[-46.307126,-23.775821,0.0]],[[-46.305825,-23.775968,0.0],[-46.305975,-23.775976,0.0]],[[-46.306857,-23.775867,0.0],[-46.306894,-23.776012,0.0],[-46.30662,-23.776088,0.0],[-46.306488,-23.775807,0.0],[-46.306676,-23.775723,0.0],[-46.306857,-23.775867,0.0]],[[-46.305528,-23.775662,0.0],[-46.305213,-23.775665,0.0],[-46.304544,-23.776106,0.0]],[[-46.305833,-23.775924,0.0],[-46.305899,-23.775922,0.0]],[[-46.306932,-23.776106,0.0],[-46.306493,-23.776197,0.0],[-46.306339,-23.7756,0.0],[-46.30666,-23.775577,0.0],[-46.306829,-23.775689,0.0],[-46.306997,-23.775976,0.0],[-46.306932,-23.776106,0.0]],[[-46.305711,-23.775906,0.0],[-46.305825,-23.775868,0.0]],[[-46.307919,-23.776538,0.0],[-46.307907,-23.77644,0.0]],[[-46.30741,-23.775989,0.0],[-46.307435,-23.776187,0.0],[-46.30763,-23.7764,0.0],[-46.308256,-23.776247,0.0]],[[-46.306551,-23.776012,0.0],[-46.306523,-23.775888,0.0]],[[-46.307473,-23.775815,0.0],[-46.307473,-23.776054,0.0],[-46.307659,-23.776323,0.0],[-46.308641,-23.775972,0.0],[-46.308902,-23.77599,0.0]],[[-46.307702,-23.775906,0.0],[-46.307723,-23.776015,0.0]],[[-46.307772,-23.775865,0.0],[-46.30776,-23.775954,0.0]],[[-46.308674,-23.775888,0.0],[-46.309079,-23.775907,0.0]],[[-46.307188,-23.776431,0.0],[-46.30735,-23.776152,0.0],[-46.307348,-23.775794,0.0],[-46.307149,-23.775527,0.0],[-46.30692,-23.775416,0.0]],[[-46.306441,-23.77525,0.0],[-46.307057,-23.775478,0.0],[-46.307327,-23.775777,0.0],[-46.307321,-23.776172,0.0],[-46.307037,-23.776362,0.0],[-46.307042,-23.776465,0.0]],[[-46.306793,-23.775743,0.0],[-46.306574,-23.775619,0.0]],[[-46.308095,-23.775712,0.0],[-46.30795,-23.775806,0.0]],[[-46.30879,-23.775566,0.0],[-46.308452,-23.775575,0.0],[-46.307929,-23.775906,0.0]],[[-46.309275,-23.77603,0.0],[-46.309332,-23.776018,0.0]],[[-46.309127,-23.77594,0.0],[-46.309175,-23.776028,0.0]],[[-46.309489,-23.77591,0.0],[-46.309568,-23.775917,0.0]],[[-46.309577,-23.775876,0.0],[-46.30966,-23.775883,0.0]],[[-46.309752,-23.775841,0.0],[-46.309792,-23.775827,0.0]],[[-46.309635,-23.77576,0.0],[-46.309683,-23.775838,0.0]],[[-46.309278,-23.775709,0.0],[-46.309439,-23.77564,0.0]],[[-46.310094,-23.775703,0.0],[-46.310128,-23.775702,0.0]],[[-46.310006,-23.77561,0.0],[-46.310094,-23.775703,0.0]],[[-46.309031,-23.775658,0.0],[-46.309197,-23.775641,0.0]],[[-46.309537,-23.775626,0.0],[-46.309567,-23.775444,0.0]],[[-46.309882,-23.77549,0.0],[-46.310217,-23.775531,0.0]],[[-46.306903,-23.775132,0.0],[-46.307649,-23.77558,0.0],[-46.307537,-23.775904,0.0],[-46.307663,-23.776199,0.0],[-46.308268,-23.776026,0.0],[-46.308592,-23.775767,0.0],[-46.308988,-23.775856,0.0],[-46.30944,-23.775763,0.0]],[[-46.308443,-23.775419,0.0],[-46.308136,-23.775663,0.0]],[[-46.307469,-23.775723,0.0],[-46.307488,-23.775789,0.0]],[[-46.30871,-23.775566,0.0],[-46.308918,-23.775571,0.0]],[[-46.307472,-23.77551,0.0],[-46.307588,-23.775663,0.0]],[[-46.308127,-23.7755,0.0],[-46.308217,-23.775415,0.0]],[[-46.308712,-23.775465,0.0],[-46.308508,-23.775453,0.0]],[[-46.305849,-23.775882,0.0],[-46.305421,-23.775258,0.0],[-46.306045,-23.774933,0.0],[-46.306802,-23.775018,0.0],[-46.307615,-23.775412,0.0],[-46.307735,-23.775636,0.0],[-46.30761,-23.775926,0.0],[-46.307715,-23.776101,0.0],[-46.308196,-23.775932,0.0],[-46.308476,-23.775681,0.0],[-46.309141,-23.775785,0.0],[-46.309539,-23.775668,0.0]],[[-46.30795,-23.775806,0.0],[-46.307942,-23.775301,0.0],[-46.307203,-23.774855,0.0],[-46.307144,-23.774725,0.0],[-46.307276,-23.774586,0.0]],[[-46.307487,-23.774661,0.0],[-46.307357,-23.774729,0.0],[-46.307436,-23.774902,0.0],[-46.307936,-23.775077,0.0],[-46.308098,-23.775316,0.0]],[[-46.308092,-23.775109,0.0],[-46.30815,-23.775222,0.0]],[[-46.311343,-23.77865,0.0],[-46.31143,-23.778612,0.0]],[[-46.310894,-23.778589,0.0],[-46.311,-23.778559,0.0]],[[-46.312205,-23.778798,0.0],[-46.311847,-23.778601,0.0]],[[-46.312068,-23.778104,0.0],[-46.31227,-23.77822,0.0],[-46.312526,-23.778807,0.0],[-46.312265,-23.778834,0.0],[-46.311621,-23.778534,0.0],[-46.311657,-23.779041,0.0]],[[-46.312219,-23.778385,0.0],[-46.312016,-23.778252,0.0],[-46.311885,-23.778465,0.0],[-46.312296,-23.778724,0.0],[-46.312219,-23.778385,0.0]],[[-46.310443,-23.77834,0.0],[-46.310632,-23.778415,0.0],[-46.310714,-23.778577,0.0]],[[-46.311165,-23.778562,0.0],[-46.311323,-23.778466,0.0]],[[-46.311097,-23.778546,0.0],[-46.311344,-23.778407,0.0]],[[-46.312,-23.778134,0.0],[-46.312215,-23.778199,0.0],[-46.312485,-23.778728,0.0],[-46.312399,-23.778823,0.0],[-46.312205,-23.778798,0.0]],[[-46.311721,-23.778583,0.0],[-46.311608,-23.778559,0.0]],[[-46.310755,-23.778365,0.0],[-46.31087,-23.778466,0.0]],[[-46.311394,-23.778486,0.0],[-46.311542,-23.778359,0.0]],[[-46.311311,-23.778461,0.0],[-46.311425,-23.778362,0.0]],[[-46.310945,-23.77838,0.0],[-46.310755,-23.778365,0.0]],[[-46.3122,-23.778424,0.0],[-46.312056,-23.778309,0.0],[-46.311928,-23.778478,0.0]],[[-46.311958,-23.778054,0.0],[-46.312177,-23.77805,0.0]],[[-46.311483,-23.778354,0.0],[-46.312049,-23.778006,0.0]],[[-46.311425,-23.778362,0.0],[-46.311941,-23.777959,0.0],[-46.312177,-23.77788,0.0]],[[-46.311408,-23.778357,0.0],[-46.312173,-23.777792,0.0]],[[-46.311528,-23.777838,0.0],[-46.311517,-23.778046,0.0]],[[-46.312179,-23.77793,0.0],[-46.312294,-23.777971,0.0]],[[-46.31234,-23.777461,0.0],[-46.311982,-23.777594,0.0],[-46.311571,-23.778051,0.0]],[[-46.311599,-23.777642,0.0],[-46.311648,-23.777783,0.0]],[[-46.311038,-23.777084,0.0],[-46.311284,-23.778073,0.0],[-46.31111,-23.778246,0.0],[-46.310687,-23.778306,0.0]],[[-46.310774,-23.778348,0.0],[-46.311189,-23.778249,0.0],[-46.311344,-23.777969,0.0],[-46.311143,-23.777017,0.0],[-46.310798,-23.776876,0.0]],[[-46.311472,-23.778115,0.0],[-46.311505,-23.777782,0.0],[-46.31134,-23.77691,0.0],[-46.311037,-23.776712,0.0]],[[-46.310345,-23.777321,0.0],[-46.310599,-23.777431,0.0]],[[-46.311202,-23.776594,0.0],[-46.311517,-23.776929,0.0],[-46.311599,-23.777642,0.0]],[[-46.310151,-23.776381,0.0],[-46.310495,-23.776836,0.0],[-46.310433,-23.777175,0.0],[-46.310911,-23.777144,0.0],[-46.311139,-23.777915,0.0],[-46.310999,-23.778158,0.0],[-46.310315,-23.778294,0.0]],[[-46.311659,-23.777407,0.0],[-46.311755,-23.777289,0.0],[-46.312053,-23.777228,0.0]],[[-46.310334,-23.777255,0.0],[-46.310384,-23.777276,0.0]],[[-46.310468,-23.777139,0.0],[-46.310648,-23.777096,0.0]],[[-46.311487,-23.77662,0.0],[-46.311643,-23.776919,0.0],[-46.311642,-23.777246,0.0]],[[-46.310765,-23.776825,0.0],[-46.310939,-23.77682,0.0]],[[-46.312349,-23.777864,0.0],[-46.312492,-23.778486,0.0],[-46.312711,-23.778683,0.0]],[[-46.312366,-23.777686,0.0],[-46.312536,-23.777859,0.0],[-46.312516,-23.778359,0.0],[-46.312656,-23.778575,0.0]],[[-46.312713,-23.778542,0.0],[-46.312594,-23.778306,0.0],[-46.312657,-23.777823,0.0],[-46.312439,-23.777517,0.0]],[[-46.312172,-23.777604,0.0],[-46.312373,-23.777602,0.0]],[[-46.312667,-23.777444,0.0],[-46.312758,-23.777633,0.0]],[[-46.312494,-23.777502,0.0],[-46.31234,-23.777461,0.0]],[[-46.312103,-23.77728,0.0],[-46.312254,-23.777233,0.0]],[[-46.311902,-23.777092,0.0],[-46.311997,-23.777055,0.0]],[[-46.312209,-23.777164,0.0],[-46.312452,-23.777137,0.0],[-46.312662,-23.777283,0.0]],[[-46.312656,-23.776709,0.0],[-46.312759,-23.776637,0.0]],[[-46.312755,-23.775722,0.0],[-46.312392,-23.776676,0.0]],[[-46.312174,-23.776573,0.0],[-46.311966,-23.776762,0.0]],[[-46.31101,-23.776736,0.0],[-46.310863,-23.776742,0.0],[-46.310885,-23.776637,0.0]],[[-46.311557,-23.776653,0.0],[-46.311639,-23.776782,0.0]],[[-46.311631,-23.776591,0.0],[-46.311379,-23.776598,0.0]],[[-46.310487,-23.776472,0.0],[-46.310652,-23.776739,0.0]],[[-46.310731,-23.776464,0.0],[-46.310487,-23.776472,0.0]],[[-46.311929,-23.77635,0.0],[-46.311052,-23.776582,0.0]],[[-46.3109,-23.776656,0.0],[-46.3118,-23.776329,0.0]],[[-46.310535,-23.775608,0.0],[-46.310973,-23.775618,0.0],[-46.31101,-23.776047,0.0],[-46.310771,-23.776269,0.0],[-46.310272,-23.776348,0.0]],[[-46.31075,-23.775544,0.0],[-46.311178,-23.775528,0.0],[-46.311113,-23.776077,0.0],[-46.310879,-23.776283,0.0],[-46.310332,-23.77637,0.0]],[[-46.31095,-23.775472,0.0],[-46.311544,-23.775249,0.0],[-46.311617,-23.775302,0.0],[-46.311278,-23.775623,0.0],[-46.311289,-23.775892,0.0],[-46.311137,-23.776176,0.0],[-46.310887,-23.776356,0.0],[-46.310443,-23.776415,0.0]],[[-46.310749,-23.776614,0.0],[-46.311782,-23.776078,0.0],[-46.311751,-23.775602,0.0],[-46.31214,-23.775235,0.0],[-46.312129,-23.775014,0.0],[-46.311992,-23.774961,0.0]],[[-46.311422,-23.775245,0.0],[-46.31177,-23.77515,0.0],[-46.311681,-23.775375,0.0],[-46.311316,-23.775676,0.0],[-46.3114,-23.775856,0.0],[-46.311341,-23.775997,0.0],[-46.310934,-23.77638,0.0],[-46.310553,-23.776445,0.0]],[[-46.310416,-23.775454,0.0],[-46.310453,-23.77555,0.0]],[[-46.31106,-23.775194,0.0],[-46.311187,-23.775262,0.0]],[[-46.311178,-23.775064,0.0],[-46.311089,-23.775103,0.0]],[[-46.31075,-23.775105,0.0],[-46.310914,-23.775039,0.0]],[[-46.310845,-23.775053,0.0],[-46.310945,-23.775002,0.0]],[[-46.311494,-23.77489,0.0],[-46.311437,-23.774949,0.0]],[[-46.310861,-23.77496,0.0],[-46.311067,-23.774901,0.0]],[[-46.311182,-23.774902,0.0],[-46.311217,-23.774871,0.0]],[[-46.311585,-23.774802,0.0],[-46.311579,-23.77477,0.0]],[[-46.312114,-23.776348,0.0],[-46.311929,-23.77641,0.0]],[[-46.312754,-23.775544,0.0],[-46.312484,-23.775751,0.0],[-46.312391,-23.776283,0.0],[-46.312174,-23.776573,0.0]],[[-46.312614,-23.774874,0.0],[-46.312729,-23.775078,0.0],[-46.312685,-23.7754,0.0],[-46.312279,-23.775666,0.0],[-46.31233,-23.776084,0.0],[-46.312095,-23.776438,0.0]],[[-46.312263,-23.775261,0.0],[-46.312254,-23.77517,0.0]],[[-46.311992,-23.774961,0.0],[-46.311894,-23.774967,0.0]],[[-46.3122,-23.774901,0.0],[-46.31211,-23.774865,0.0]],[[-46.312113,-23.774812,0.0],[-46.312143,-23.774805,0.0]],[[-46.312088,-23.774775,0.0],[-46.312119,-23.774775,0.0]],[[-46.312521,-23.774684,0.0],[-46.312663,-23.774681,0.0]],[[-46.311988,-23.774748,0.0],[-46.311945,-23.774667,0.0]],[[-46.312504,-23.774553,0.0],[-46.312431,-23.774621,0.0],[-46.312521,-23.774684,0.0]],[[-46.312706,-23.774646,0.0],[-46.312685,-23.774502,0.0],[-46.312481,-23.774546,0.0]],[[-46.312752,-23.774344,0.0],[-46.312304,-23.774618,0.0]],[[-46.312266,-23.774416,0.0],[-46.31237,-23.774368,0.0]],[[-46.312438,-23.774116,0.0],[-46.312423,-23.773831,0.0]],[[-46.312504,-23.773891,0.0],[-46.312517,-23.77398,0.0]],[[-46.311981,-23.774023,0.0],[-46.312048,-23.773958,0.0]],[[-46.312672,-23.773897,0.0],[-46.312751,-23.773952,0.0]],[[-46.312559,-23.773713,0.0],[-46.312631,-23.773949,0.0]],[[-46.312506,-23.773774,0.0],[-46.31248,-23.773714,0.0]],[[-46.312751,-23.7735,0.0],[-46.312727,-23.773862,0.0]],[[-46.312748,-23.773473,0.0],[-46.312687,-23.773801,0.0]],[[-46.312407,-23.773448,0.0],[-46.312464,-23.773448,0.0]],[[-46.310288,-23.774792,0.0],[-46.310205,-23.774885,0.0],[-46.31046,-23.774995,0.0],[-46.311326,-23.774743,0.0]],[[-46.311326,-23.774743,0.0],[-46.311389,-23.774723,0.0]],[[-46.311811,-23.774715,0.0],[-46.311655,-23.774806,0.0]],[[-46.311419,-23.774611,0.0],[-46.31136,-23.774656,0.0]],[[-46.311478,-23.774072,0.0],[-46.311317,-23.774163,0.0]],[[-46.311908,-23.773824,0.0],[-46.311768,-23.773904,0.0]],[[-46.312404,-23.77384,0.0],[-46.312341,-23.773763,0.0]],[[-46.312333,-23.77371,0.0],[-46.312237,-23.773758,0.0]],[[-46.310721,-23.772625,0.0],[-46.311709,-23.773255,0.0],[-46.311994,-23.773608,0.0],[-46.310985,-23.774182,0.0],[-46.310427,-23.774379,0.0],[-46.310108,-23.77435,0.0],[-46.309981,-23.774215,0.0],[-46.309775,-23.774245,0.0],[-46.309677,-23.774563,0.0]],[[-46.309668,-23.773391,0.0],[-46.310346,-23.773644,0.0],[-46.310915,-23.77363,0.0],[-46.311036,-23.773211,0.0],[-46.310721,-23.772846,0.0],[-46.310485,-23.772761,0.0]],[[-46.310973,-23.774028,0.0],[-46.311588,-23.773545,0.0],[-46.311269,-23.773139,0.0],[-46.311023,-23.773056,0.0],[-46.310839,-23.772821,0.0],[-46.310457,-23.772681,0.0]],[[-46.31117,-23.772913,0.0],[-46.311612,-23.773126,0.0],[-46.312045,-23.773515,0.0]],[[-46.312102,-23.773528,0.0],[-46.312151,-23.77356,0.0]],[[-46.312501,-23.773465,0.0],[-46.312747,-23.773323,0.0]],[[-46.312517,-23.773325,0.0],[-46.312635,-23.773329,0.0]],[[-46.312592,-23.773273,0.0],[-46.312687,-23.773269,0.0]],[[-46.312707,-23.773226,0.0],[-46.312745,-23.773217,0.0]],[[-46.312463,-23.773108,0.0],[-46.312633,-23.773244,0.0]],[[-46.312564,-23.772954,0.0],[-46.312554,-23.773081,0.0],[-46.312746,-23.773171,0.0]],[[-46.312746,-23.772708,0.0],[-46.312362,-23.772819,0.0],[-46.312244,-23.772996,0.0],[-46.312255,-23.773137,0.0],[-46.312485,-23.773359,0.0]],[[-46.312609,-23.772907,0.0],[-46.312521,-23.773059,0.0]],[[-46.312746,-23.772747,0.0],[-46.31235,-23.77287,0.0],[-46.312284,-23.773036,0.0],[-46.312365,-23.773194,0.0]],[[-46.312633,-23.772616,0.0],[-46.312749,-23.772594,0.0]],[[-46.299226,-23.77506,0.0],[-46.299419,-23.775358,0.0]],[[-46.299147,-23.774949,0.0],[-46.299222,-23.775213,0.0],[-46.299385,-23.775387,0.0]],[[-46.294997,-23.775162,0.0],[-46.295038,-23.775226,0.0]],[[-46.295001,-23.775079,0.0],[-46.295051,-23.775189,0.0]],[[-46.295542,-23.775094,0.0],[-46.295385,-23.775143,0.0]],[[-46.295413,-23.775063,0.0],[-46.295814,-23.775126,0.0]],[[-46.295723,-23.775072,0.0],[-46.295833,-23.775098,0.0]],[[-46.295666,-23.775084,0.0],[-46.295454,-23.775046,0.0]],[[-46.296076,-23.775247,0.0],[-46.296332,-23.775891,0.0],[-46.297285,-23.775936,0.0],[-46.297214,-23.77548,0.0],[-46.297411,-23.775172,0.0],[-46.29741,-23.774977,0.0],[-46.297247,-23.774836,0.0],[-46.297176,-23.774586,0.0],[-46.296434,-23.774262,0.0]],[[-46.298172,-23.774032,0.0],[-46.297986,-23.774146,0.0],[-46.297925,-23.774389,0.0],[-46.298386,-23.774741,0.0],[-46.298422,-23.7749,0.0],[-46.298343,-23.775118,0.0],[-46.297872,-23.775653,0.0]],[[-46.295788,-23.775026,0.0],[-46.295759,-23.775011,0.0]],[[-46.296096,-23.774875,0.0],[-46.295916,-23.774898,0.0]],[[-46.294808,-23.774357,0.0],[-46.294862,-23.775097,0.0],[-46.294662,-23.775385,0.0]],[[-46.294914,-23.774912,0.0],[-46.294903,-23.774749,0.0]],[[-46.296051,-23.774807,0.0],[-46.295984,-23.77482,0.0]],[[-46.295698,-23.775009,0.0],[-46.295475,-23.774863,0.0],[-46.295415,-23.774379,0.0],[-46.295597,-23.774294,0.0],[-46.295611,-23.774098,0.0],[-46.295796,-23.773917,0.0],[-46.296051,-23.773813,0.0],[-46.296311,-23.773839,0.0],[-46.296426,-23.773961,0.0],[-46.296287,-23.77434,0.0],[-46.29641,-23.77459,0.0],[-46.296878,-23.77471,0.0],[-46.297163,-23.775085,0.0],[-46.297102,-23.775742,0.0],[-46.296982,-23.775792,0.0]],[[-46.300566,-23.775323,0.0],[-46.299712,-23.775028,0.0],[-46.299407,-23.775037,0.0],[-46.299152,-23.774586,0.0]],[[-46.300125,-23.774669,0.0],[-46.299646,-23.774586,0.0],[-46.299571,-23.7742,0.0],[-46.299336,-23.773856,0.0],[-46.298573,-23.773873,0.0],[-46.298062,-23.774019,0.0],[-46.297894,-23.774095,0.0],[-46.29787,-23.774384,0.0],[-46.298325,-23.774728,0.0],[-46.298367,-23.774908,0.0],[-46.298305,-23.775119,0.0],[-46.297829,-23.775612,0.0]],[[-46.295212,-23.774818,0.0],[-46.295121,-23.774601,0.0]],[[-46.295916,-23.774898,0.0],[-46.29561,-23.774739,0.0],[-46.295532,-23.774502,0.0],[-46.295642,-23.774461,0.0]],[[-46.302512,-23.774994,0.0],[-46.302336,-23.77503,0.0]],[[-46.302335,-23.775046,0.0],[-46.301925,-23.774918,0.0],[-46.30173,-23.774948,0.0]],[[-46.2999,-23.774883,0.0],[-46.300201,-23.775005,0.0]],[[-46.302335,-23.775321,0.0],[-46.301749,-23.775301,0.0],[-46.30148,-23.77542,0.0],[-46.299583,-23.774867,0.0],[-46.299438,-23.774735,0.0],[-46.299283,-23.774171,0.0],[-46.298953,-23.774048,0.0],[-46.298638,-23.774278,0.0],[-46.298224,-23.774287,0.0],[-46.298598,-23.77482,0.0],[-46.298564,-23.775083,0.0],[-46.298265,-23.775684,0.0]],[[-46.302335,-23.775128,0.0],[-46.30208,-23.775142,0.0],[-46.301871,-23.775007,0.0],[-46.30117,-23.775086,0.0]],[[-46.301426,-23.774952,0.0],[-46.301661,-23.774958,0.0]],[[-46.302296,-23.775317,0.0],[-46.301759,-23.775277,0.0],[-46.301477,-23.775394,0.0],[-46.301025,-23.77531,0.0],[-46.299946,-23.774869,0.0],[-46.299612,-23.774831,0.0],[-46.29945,-23.774684,0.0],[-46.299316,-23.774151,0.0],[-46.299039,-23.774021,0.0]],[[-46.302336,-23.775255,0.0],[-46.301777,-23.7752,0.0],[-46.301553,-23.775315,0.0],[-46.301137,-23.775246,0.0],[-46.300195,-23.774781,0.0],[-46.299635,-23.774731,0.0],[-46.299515,-23.774597,0.0],[-46.299403,-23.774124,0.0],[-46.299043,-23.773966,0.0],[-46.298075,-23.774177,0.0],[-46.298021,-23.774384,0.0],[-46.298479,-23.774761,0.0],[-46.298427,-23.775083,0.0]],[[-46.302334,-23.775068,0.0],[-46.302118,-23.775072,0.0],[-46.301912,-23.774948,0.0],[-46.301475,-23.774991,0.0],[-46.301051,-23.774902,0.0],[-46.301147,-23.774388,0.0],[-46.301539,-23.774122,0.0]],[[-46.302334,-23.775062,0.0],[-46.302125,-23.775062,0.0],[-46.301905,-23.774933,0.0],[-46.301242,-23.774953,0.0],[-46.30108,-23.77486,0.0],[-46.301144,-23.77444,0.0],[-46.301335,-23.774228,0.0],[-46.302046,-23.774038,0.0]],[[-46.302444,-23.77474,0.0],[-46.302714,-23.774844,0.0]],[[-46.302334,-23.774709,0.0],[-46.301997,-23.774594,0.0],[-46.301876,-23.774659,0.0]],[[-46.302333,-23.77411,0.0],[-46.302489,-23.774298,0.0],[-46.30257,-23.774636,0.0],[-46.302804,-23.774778,0.0],[-46.302646,-23.774885,0.0],[-46.302468,-23.77481,0.0]],[[-46.302334,-23.774563,0.0],[-46.302439,-23.774518,0.0],[-46.302333,-23.774295,0.0]],[[-46.301826,-23.774444,0.0],[-46.301712,-23.774345,0.0],[-46.301566,-23.774455,0.0],[-46.301689,-23.774616,0.0],[-46.301826,-23.774444,0.0]],[[-46.302332,-23.774057,0.0],[-46.301939,-23.774206,0.0],[-46.301473,-23.774223,0.0],[-46.301308,-23.774447,0.0],[-46.301441,-23.774639,0.0],[-46.301424,-23.774834,0.0],[-46.301996,-23.774756,0.0],[-46.302334,-23.774834,0.0]],[[-46.301698,-23.774223,0.0],[-46.302235,-23.774114,0.0]],[[-46.301483,-23.774133,0.0],[-46.301672,-23.774089,0.0]],[[-46.300695,-23.774129,0.0],[-46.300714,-23.774189,0.0]],[[-46.30121,-23.774023,0.0],[-46.301112,-23.774093,0.0]],[[-46.297309,-23.774685,0.0],[-46.297332,-23.77474,0.0]],[[-46.297568,-23.774547,0.0],[-46.297686,-23.774554,0.0]],[[-46.295211,-23.774607,0.0],[-46.295186,-23.774641,0.0]],[[-46.295254,-23.774517,0.0],[-46.295211,-23.774607,0.0]],[[-46.301099,-23.775087,0.0],[-46.300642,-23.774737,0.0],[-46.301328,-23.774114,0.0],[-46.301716,-23.774011,0.0]],[[-46.300174,-23.774426,0.0],[-46.299926,-23.774446,0.0]],[[-46.294912,-23.77475,0.0],[-46.294873,-23.774389,0.0],[-46.294698,-23.774259,0.0]],[[-46.29555,-23.774711,0.0],[-46.295872,-23.774956,0.0],[-46.296293,-23.77482,0.0],[-46.296307,-23.774632,0.0],[-46.29617,-23.774358,0.0],[-46.296211,-23.773992,0.0],[-46.295957,-23.77395,0.0],[-46.295796,-23.774038,0.0],[-46.29572,-23.774224,0.0],[-46.295843,-23.774473,0.0],[-46.295529,-23.774429,0.0],[-46.295527,-23.77464,0.0]],[[-46.297306,-23.774484,0.0],[-46.29731,-23.774541,0.0]],[[-46.298171,-23.77443,0.0],[-46.298237,-23.774476,0.0]],[[-46.299152,-23.774586,0.0],[-46.299084,-23.77439,0.0]],[[-46.300138,-23.774703,0.0],[-46.299597,-23.774675,0.0],[-46.299452,-23.774133,0.0],[-46.299235,-23.773951,0.0],[-46.298481,-23.774003,0.0]],[[-46.295158,-23.774522,0.0],[-46.295183,-23.774343,0.0]],[[-46.29471,-23.774373,0.0],[-46.294745,-23.774385,0.0]],[[-46.294779,-23.774335,0.0],[-46.294808,-23.774357,0.0]],[[-46.2947,-23.774296,0.0],[-46.294647,-23.77428,0.0]],[[-46.298291,-23.774188,0.0],[-46.298133,-23.774269,0.0],[-46.298185,-23.774394,0.0]],[[-46.299007,-23.774,0.0],[-46.298768,-23.774026,0.0],[-46.298572,-23.774179,0.0],[-46.298189,-23.774179,0.0],[-46.298105,-23.774258,0.0],[-46.298157,-23.774404,0.0]],[[-46.294676,-23.774261,0.0],[-46.294658,-23.774254,0.0]],[[-46.296079,-23.773868,0.0],[-46.296331,-23.773969,0.0],[-46.296219,-23.774408,0.0],[-46.29635,-23.774585,0.0]],[[-46.302995,-23.77406,0.0],[-46.303353,-23.774204,0.0],[-46.303572,-23.774502,0.0],[-46.303271,-23.774737,0.0],[-46.303504,-23.775129,0.0],[-46.302379,-23.775326,0.0]],[[-46.303095,-23.774549,0.0],[-46.303073,-23.774586,0.0]],[[-46.3025,-23.773906,0.0],[-46.302682,-23.774053,0.0],[-46.302762,-23.77441,0.0],[-46.303039,-23.774504,0.0],[-46.303068,-23.774942,0.0],[-46.302895,-23.775026,0.0]],[[-46.30317,-23.774138,0.0],[-46.303373,-23.774147,0.0],[-46.303691,-23.774549,0.0],[-46.303349,-23.774715,0.0]],[[-46.302884,-23.775396,0.0],[-46.303605,-23.775322,0.0],[-46.304159,-23.774944,0.0],[-46.303575,-23.774952,0.0],[-46.303565,-23.774828,0.0],[-46.30382,-23.774761,0.0],[-46.303943,-23.774488,0.0],[-46.303244,-23.773919,0.0]],[[-46.304077,-23.774482,0.0],[-46.304067,-23.774369,0.0]],[[-46.303026,-23.773554,0.0],[-46.30276,-23.773578,0.0],[-46.302769,-23.773738,0.0],[-46.303053,-23.774093,0.0],[-46.303365,-23.774102,0.0],[-46.303741,-23.774509,0.0],[-46.303743,-23.774654,0.0],[-46.303455,-23.77468,0.0],[-46.30337,-23.774787,0.0],[-46.303489,-23.774998,0.0],[-46.303782,-23.775105,0.0],[-46.303584,-23.775258,0.0],[-46.302978,-23.775278,0.0]],[[-46.302332,-23.773629,0.0],[-46.302543,-23.773588,0.0],[-46.302635,-23.773857,0.0],[-46.302856,-23.773988,0.0],[-46.302816,-23.774322,0.0],[-46.303158,-23.774314,0.0],[-46.303263,-23.774462,0.0],[-46.303079,-23.774688,0.0],[-46.303214,-23.775052,0.0],[-46.302444,-23.775214,0.0]],[[-46.302332,-23.773712,0.0],[-46.302465,-23.773698,0.0],[-46.302514,-23.773895,0.0],[-46.302706,-23.774025,0.0],[-46.302773,-23.774387,0.0],[-46.303069,-23.77444,0.0],[-46.303085,-23.774946,0.0],[-46.302862,-23.775044,0.0]],[[-46.302331,-23.773602,0.0],[-46.302538,-23.773554,0.0],[-46.302633,-23.773804,0.0],[-46.302887,-23.773968,0.0],[-46.302858,-23.774329,0.0],[-46.3032,-23.774288,0.0],[-46.303329,-23.774424,0.0],[-46.303098,-23.774733,0.0],[-46.303303,-23.775069,0.0],[-46.302862,-23.775141,0.0]],[[-46.304202,-23.774395,0.0],[-46.303893,-23.774251,0.0]],[[-46.304681,-23.774229,0.0],[-46.30471,-23.774464,0.0],[-46.304582,-23.774543,0.0],[-46.30347,-23.773896,0.0]],[[-46.304414,-23.774628,0.0],[-46.304059,-23.774345,0.0]],[[-46.303519,-23.773981,0.0],[-46.304606,-23.774586,0.0],[-46.304716,-23.774513,0.0],[-46.304718,-23.774263,0.0]],[[-46.304683,-23.774277,0.0],[-46.304654,-23.774186,0.0]],[[-46.30449,-23.774229,0.0],[-46.304483,-23.77419,0.0]],[[-46.302809,-23.775195,0.0],[-46.303351,-23.775128,0.0],[-46.303341,-23.774911,0.0],[-46.303178,-23.77471,0.0],[-46.303477,-23.774495,0.0],[-46.303316,-23.774267,0.0],[-46.302979,-23.774139,0.0],[-46.302942,-23.773936,0.0],[-46.302714,-23.773771,0.0],[-46.302667,-23.773472,0.0],[-46.302895,-23.773415,0.0]],[[-46.302332,-23.77351,0.0],[-46.302462,-23.773236,0.0],[-46.302954,-23.773011,0.0],[-46.303232,-23.773016,0.0],[-46.303889,-23.773282,0.0],[-46.304121,-23.773989,0.0],[-46.30311,-23.773467,0.0],[-46.302703,-23.773501,0.0],[-46.302764,-23.773802,0.0],[-46.302963,-23.773936,0.0],[-46.303011,-23.774123,0.0],[-46.303325,-23.774208,0.0],[-46.303546,-23.774478,0.0],[-46.303262,-23.774705,0.0],[-46.303304,-23.774817,0.0]],[[-46.296411,-23.774251,0.0],[-46.296496,-23.774118,0.0]],[[-46.295338,-23.774738,0.0],[-46.295301,-23.774128,0.0],[-46.295825,-23.773574,0.0]],[[-46.298483,-23.774108,0.0],[-46.29822,-23.774117,0.0]],[[-46.298291,-23.773972,0.0],[-46.298087,-23.773999,0.0]],[[-46.295369,-23.774083,0.0],[-46.295707,-23.773525,0.0],[-46.296145,-23.773502,0.0],[-46.296661,-23.773869,0.0],[-46.296484,-23.774247,0.0],[-46.297163,-23.774481,0.0],[-46.29728,-23.77469,0.0]],[[-46.295086,-23.7745,0.0],[-46.294922,-23.774169,0.0],[-46.293945,-23.773649,0.0]],[[-46.29401,-23.774087,0.0],[-46.293957,-23.773999,0.0]],[[-46.294947,-23.773989,0.0],[-46.295031,-23.774071,0.0],[-46.295036,-23.774008,0.0]],[[-46.294049,-23.77406,0.0],[-46.294006,-23.773981,0.0]],[[-46.293886,-23.773999,0.0],[-46.293904,-23.774027,0.0]],[[-46.293795,-23.774036,0.0],[-46.293666,-23.773925,0.0]],[[-46.293816,-23.773953,0.0],[-46.29375,-23.773914,0.0]],[[-46.298999,-23.773992,0.0],[-46.298409,-23.77415,0.0]],[[-46.299052,-23.773993,0.0],[-46.298999,-23.773992,0.0]],[[-46.293923,-23.773935,0.0],[-46.29389,-23.773908,0.0]],[[-46.293776,-23.773864,0.0],[-46.293953,-23.773932,0.0]],[[-46.295257,-23.774356,0.0],[-46.295252,-23.774185,0.0],[-46.295543,-23.773634,0.0],[-46.295517,-23.77326,0.0],[-46.295944,-23.773231,0.0],[-46.296255,-23.77334,0.0],[-46.296447,-23.773665,0.0],[-46.296772,-23.773794,0.0],[-46.296578,-23.77419,0.0],[-46.29725,-23.774322,0.0],[-46.297279,-23.774485,0.0]],[[-46.293613,-23.77382,0.0],[-46.293582,-23.773798,0.0]],[[-46.294958,-23.773708,0.0],[-46.294997,-23.773837,0.0],[-46.295064,-23.773756,0.0]],[[-46.294088,-23.773457,0.0],[-46.294947,-23.773989,0.0]],[[-46.30223,-23.774157,0.0],[-46.302294,-23.77416,0.0]],[[-46.302046,-23.774038,0.0],[-46.302133,-23.773964,0.0]],[[-46.30171,-23.774141,0.0],[-46.301947,-23.774132,0.0],[-46.302241,-23.773948,0.0]],[[-46.301677,-23.773979,0.0],[-46.301758,-23.774006,0.0]],[[-46.30171,-23.773962,0.0],[-46.301571,-23.773955,0.0]],[[-46.301672,-23.774027,0.0],[-46.30186,-23.774054,0.0],[-46.302076,-23.773798,0.0],[-46.302226,-23.773756,0.0]],[[-46.300714,-23.774189,0.0],[-46.30144,-23.773849,0.0],[-46.301758,-23.773813,0.0],[-46.301945,-23.773615,0.0],[-46.302312,-23.773576,0.0]],[[-46.30233,-23.773698,0.0],[-46.302023,-23.773744,0.0],[-46.301872,-23.77399,0.0],[-46.30171,-23.773962,0.0]],[[-46.302408,-23.773834,0.0],[-46.302459,-23.773928,0.0]],[[-46.302298,-23.773862,0.0],[-46.302332,-23.773863,0.0]],[[-46.302279,-23.773816,0.0],[-46.302332,-23.773814,0.0]],[[-46.302332,-23.773629,0.0],[-46.302047,-23.773656,0.0],[-46.30173,-23.773881,0.0]],[[-46.302423,-23.77375,0.0],[-46.302371,-23.773743,0.0]],[[-46.3021,-23.773737,0.0],[-46.302147,-23.77373,0.0]],[[-46.301085,-23.773898,0.0],[-46.300973,-23.773919,0.0]],[[-46.300973,-23.773919,0.0],[-46.30124,-23.773602,0.0]],[[-46.302331,-23.773602,0.0],[-46.302044,-23.773631,0.0],[-46.301701,-23.773871,0.0]],[[-46.302331,-23.773491,0.0],[-46.30191,-23.773513,0.0],[-46.301666,-23.773722,0.0],[-46.301085,-23.773898,0.0]],[[-46.302193,-23.773723,0.0],[-46.302301,-23.773716,0.0]],[[-46.302332,-23.77364,0.0],[-46.302298,-23.773649,0.0]],[[-46.304576,-23.774149,0.0],[-46.304488,-23.774057,0.0]],[[-46.303706,-23.774182,0.0],[-46.303662,-23.774071,0.0],[-46.303727,-23.774106,0.0]],[[-46.304565,-23.774201,0.0],[-46.304531,-23.774363,0.0],[-46.304037,-23.774121,0.0],[-46.303678,-23.773803,0.0],[-46.303361,-23.773758,0.0],[-46.303197,-23.773606,0.0]],[[-46.304594,-23.774131,0.0],[-46.304485,-23.773952,0.0]],[[-46.304463,-23.773954,0.0],[-46.304459,-23.773918,0.0]],[[-46.304487,-23.773901,0.0],[-46.304509,-23.773849,0.0]],[[-46.304353,-23.773729,0.0],[-46.304374,-23.773769,0.0]],[[-46.304584,-23.773715,0.0],[-46.304573,-23.773676,0.0]],[[-46.303067,-23.7738,0.0],[-46.302994,-23.773689,0.0]],[[-46.302732,-23.773591,0.0],[-46.30309,-23.773521,0.0],[-46.303405,-23.773737,0.0],[-46.303632,-23.773747,0.0]],[[-46.303409,-23.773063,0.0],[-46.303999,-23.773247,0.0],[-46.304288,-23.77409,0.0],[-46.303289,-23.77362,0.0]],[[-46.303348,-23.773596,0.0],[-46.303067,-23.773436,0.0]],[[-46.302895,-23.773415,0.0],[-46.303168,-23.773453,0.0]],[[-46.299763,-23.773767,0.0],[-46.29972,-23.773631,0.0]],[[-46.299627,-23.773426,0.0],[-46.299398,-23.773397,0.0]],[[-46.294178,-23.77334,0.0],[-46.294378,-23.773349,0.0],[-46.294888,-23.773759,0.0],[-46.294986,-23.773954,0.0]],[[-46.293777,-23.773506,0.0],[-46.293795,-23.773671,0.0]],[[-46.295433,-23.77349,0.0],[-46.295403,-23.773616,0.0]],[[-46.293848,-23.773435,0.0],[-46.29389,-23.773576,0.0]],[[-46.295031,-23.773759,0.0],[-46.294364,-23.773204,0.0]],[[-46.295381,-23.773313,0.0],[-46.295369,-23.773475,0.0]],[[-46.29928,-23.773316,0.0],[-46.299477,-23.773272,0.0]],[[-46.29929,-23.77316,0.0],[-46.299322,-23.773172,0.0]],[[-46.294023,-23.773278,0.0],[-46.294094,-23.773417,0.0]],[[-46.295002,-23.77327,0.0],[-46.295014,-23.773379,0.0]],[[-46.294089,-23.773204,0.0],[-46.294099,-23.773343,0.0],[-46.294178,-23.77334,0.0]],[[-46.295474,-23.772736,0.0],[-46.295078,-23.772975,0.0],[-46.295104,-23.773651,0.0]],[[-46.297703,-23.773445,0.0],[-46.297843,-23.773321,0.0]],[[-46.297705,-23.773199,0.0],[-46.297827,-23.773061,0.0]],[[-46.296084,-23.773012,0.0],[-46.295591,-23.772974,0.0],[-46.295382,-23.773137,0.0],[-46.295381,-23.773313,0.0]],[[-46.293867,-23.773179,0.0],[-46.293703,-23.773004,0.0]],[[-46.299394,-23.773369,0.0],[-46.298232,-23.773446,0.0],[-46.298455,-23.772972,0.0],[-46.29894,-23.772979,0.0],[-46.299282,-23.772577,0.0]],[[-46.299676,-23.772839,0.0],[-46.299508,-23.77278,0.0],[-46.299445,-23.772974,0.0],[-46.299634,-23.773006,0.0],[-46.299754,-23.772902,0.0],[-46.299676,-23.772839,0.0]],[[-46.301574,-23.773607,0.0],[-46.301457,-23.773637,0.0]],[[-46.301566,-23.773588,0.0],[-46.301695,-23.773511,0.0]],[[-46.30122,-23.773024,0.0],[-46.301361,-23.773115,0.0],[-46.301351,-23.773326,0.0],[-46.301094,-23.773657,0.0],[-46.300694,-23.773751,0.0],[-46.300695,-23.774129,0.0]],[[-46.301067,-23.773038,0.0],[-46.301004,-23.77303,0.0]],[[-46.302464,-23.773525,0.0],[-46.302332,-23.773581,0.0]],[[-46.302332,-23.77354,0.0],[-46.302425,-23.77349,0.0]],[[-46.301296,-23.773773,0.0],[-46.301945,-23.773459,0.0],[-46.30227,-23.773466,0.0],[-46.302325,-23.773273,0.0]],[[-46.301802,-23.773484,0.0],[-46.301755,-23.773506,0.0]],[[-46.302332,-23.773202,0.0],[-46.302259,-23.773442,0.0],[-46.301943,-23.77343,0.0],[-46.301424,-23.773693,0.0]],[[-46.301699,-23.773349,0.0],[-46.301742,-23.773352,0.0]],[[-46.302503,-23.773434,0.0],[-46.302434,-23.773516,0.0]],[[-46.302617,-23.773358,0.0],[-46.302551,-23.773439,0.0]],[[-46.301386,-23.772956,0.0],[-46.301529,-23.773021,0.0],[-46.30155,-23.773148,0.0],[-46.301267,-23.773682,0.0]],[[-46.301392,-23.772935,0.0],[-46.301573,-23.773095,0.0],[-46.301332,-23.773639,0.0]],[[-46.302307,-23.773142,0.0],[-46.302232,-23.773368,0.0],[-46.301899,-23.773425,0.0]],[[-46.302318,-23.77324,0.0],[-46.302331,-23.77322,0.0]],[[-46.301642,-23.773464,0.0],[-46.302267,-23.773049,0.0]],[[-46.301908,-23.773131,0.0],[-46.301798,-23.773199,0.0]],[[-46.301925,-23.773261,0.0],[-46.302237,-23.773042,0.0]],[[-46.302413,-23.773081,0.0],[-46.30233,-23.773124,0.0]],[[-46.304454,-23.773402,0.0],[-46.304481,-23.773452,0.0]],[[-46.30446,-23.773339,0.0],[-46.304499,-23.773402,0.0]],[[-46.304388,-23.773916,0.0],[-46.304329,-23.773567,0.0],[-46.304066,-23.773127,0.0],[-46.30306,-23.77286,0.0],[-46.302678,-23.772951,0.0],[-46.302414,-23.77316,0.0]],[[-46.303081,-23.773376,0.0],[-46.302724,-23.773336,0.0],[-46.302723,-23.773241,0.0],[-46.302864,-23.773188,0.0]],[[-46.30444,-23.773257,0.0],[-46.304511,-23.77336,0.0]],[[-46.302417,-23.773388,0.0],[-46.302768,-23.773097,0.0],[-46.303228,-23.773064,0.0]],[[-46.303501,-23.773222,0.0],[-46.303351,-23.773089,0.0]],[[-46.303288,-23.772991,0.0],[-46.303442,-23.773103,0.0]],[[-46.304586,-23.775984,0.0],[-46.304993,-23.775591,0.0]],[[-46.305596,-23.775768,0.0],[-46.305696,-23.775775,0.0]],[[-46.304701,-23.775909,0.0],[-46.305065,-23.775688,0.0],[-46.305132,-23.775474,0.0]],[[-46.30508,-23.775428,0.0],[-46.305062,-23.775564,0.0]],[[-46.305605,-23.775701,0.0],[-46.305527,-23.775588,0.0]],[[-46.305622,-23.775714,0.0],[-46.305284,-23.775303,0.0],[-46.305103,-23.775269,0.0]],[[-46.306888,-23.77559,0.0],[-46.30664,-23.775474,0.0]],[[-46.305782,-23.775838,0.0],[-46.305386,-23.775192,0.0],[-46.306036,-23.774893,0.0],[-46.306839,-23.774932,0.0],[-46.30773,-23.775413,0.0],[-46.307783,-23.775706,0.0],[-46.307673,-23.775935,0.0]],[[-46.305054,-23.775383,0.0],[-46.305109,-23.775348,0.0]],[[-46.306017,-23.776019,0.0],[-46.305687,-23.775361,0.0],[-46.306123,-23.775105,0.0],[-46.306642,-23.775085,0.0]],[[-46.305724,-23.775798,0.0],[-46.30534,-23.775291,0.0],[-46.305363,-23.775162,0.0],[-46.305986,-23.77487,0.0],[-46.306649,-23.77492,0.0]],[[-46.309235,-23.775641,0.0],[-46.309561,-23.775399,0.0],[-46.310023,-23.775495,0.0],[-46.310525,-23.775338,0.0],[-46.310589,-23.775396,0.0]],[[-46.309197,-23.775641,0.0],[-46.30958,-23.775386,0.0]],[[-46.310971,-23.775235,0.0],[-46.310065,-23.775435,0.0],[-46.30953,-23.775367,0.0],[-46.309183,-23.775616,0.0],[-46.308868,-23.775551,0.0]],[[-46.310589,-23.775396,0.0],[-46.310667,-23.775467,0.0]],[[-46.310013,-23.775377,0.0],[-46.309805,-23.775357,0.0]],[[-46.309588,-23.775308,0.0],[-46.309896,-23.775294,0.0]],[[-46.308375,-23.775344,0.0],[-46.309189,-23.775488,0.0],[-46.309454,-23.775287,0.0],[-46.310181,-23.775282,0.0],[-46.310806,-23.775111,0.0]],[[-46.30815,-23.775222,0.0],[-46.308428,-23.775199,0.0],[-46.309162,-23.775408,0.0],[-46.309381,-23.775144,0.0],[-46.309889,-23.774999,0.0],[-46.309922,-23.774909,0.0]],[[-46.308149,-23.77517,0.0],[-46.309157,-23.775402,0.0],[-46.30931,-23.775163,0.0],[-46.30964,-23.774978,0.0],[-46.309637,-23.774885,0.0]],[[-46.309157,-23.774941,0.0],[-46.309226,-23.774896,0.0]],[[-46.310191,-23.775107,0.0],[-46.309822,-23.77522,0.0]],[[-46.309683,-23.774599,0.0],[-46.3098,-23.774535,0.0]],[[-46.307808,-23.775919,0.0],[-46.30784,-23.775313,0.0],[-46.307447,-23.775161,0.0],[-46.306923,-23.774705,0.0],[-46.30673,-23.774704,0.0],[-46.306548,-23.774883,0.0],[-46.306083,-23.774791,0.0],[-46.305127,-23.775173,0.0]],[[-46.30666,-23.77505,0.0],[-46.306903,-23.775132,0.0]],[[-46.305352,-23.774957,0.0],[-46.305423,-23.774904,0.0],[-46.30532,-23.774851,0.0]],[[-46.305855,-23.774621,0.0],[-46.305721,-23.774692,0.0],[-46.305878,-23.774661,0.0]],[[-46.305819,-23.774331,0.0],[-46.305903,-23.774343,0.0],[-46.305948,-23.774593,0.0],[-46.305855,-23.774621,0.0]],[[-46.304665,-23.774317,0.0],[-46.304635,-23.774193,0.0]],[[-46.306591,-23.774197,0.0],[-46.306223,-23.774267,0.0],[-46.305885,-23.774209,0.0]],[[-46.304605,-23.774141,0.0],[-46.304594,-23.774131,0.0]],[[-46.305936,-23.774203,0.0],[-46.305829,-23.774113,0.0]],[[-46.306333,-23.774155,0.0],[-46.306513,-23.774057,0.0]],[[-46.308648,-23.774941,0.0],[-46.30882,-23.774954,0.0]],[[-46.307421,-23.774655,0.0],[-46.307427,-23.774862,0.0],[-46.307941,-23.775054,0.0],[-46.308103,-23.775258,0.0]],[[-46.307485,-23.774683,0.0],[-46.308251,-23.775016,0.0]],[[-46.30855,-23.774859,0.0],[-46.308753,-23.774896,0.0]],[[-46.309096,-23.774821,0.0],[-46.308913,-23.775021,0.0],[-46.308781,-23.77502,0.0],[-46.308134,-23.774932,0.0],[-46.307526,-23.77465,0.0]],[[-46.309372,-23.774764,0.0],[-46.309076,-23.774787,0.0],[-46.30879,-23.774992,0.0],[-46.308187,-23.774927,0.0],[-46.307526,-23.774641,0.0]],[[-46.307578,-23.774742,0.0],[-46.307421,-23.774675,0.0]],[[-46.307491,-23.774623,0.0],[-46.308129,-23.774867,0.0],[-46.308241,-23.774791,0.0],[-46.308648,-23.774941,0.0]],[[-46.307526,-23.774641,0.0],[-46.307488,-23.774647,0.0]],[[-46.306965,-23.774582,0.0],[-46.306836,-23.774535,0.0]],[[-46.309702,-23.77477,0.0],[-46.309506,-23.774788,0.0]],[[-46.308978,-23.774781,0.0],[-46.308563,-23.774709,0.0]],[[-46.309283,-23.774616,0.0],[-46.309127,-23.774662,0.0]],[[-46.308689,-23.774604,0.0],[-46.309216,-23.774688,0.0]],[[-46.309596,-23.774565,0.0],[-46.309599,-23.774615,0.0]],[[-46.309677,-23.774563,0.0],[-46.30966,-23.774606,0.0]],[[-46.30926,-23.774549,0.0],[-46.309208,-23.77458,0.0]],[[-46.309102,-23.774546,0.0],[-46.309037,-23.774552,0.0]],[[-46.310662,-23.774454,0.0],[-46.310866,-23.774385,0.0]],[[-46.310003,-23.774501,0.0],[-46.309826,-23.774501,0.0]],[[-46.307217,-23.774553,0.0],[-46.307442,-23.774561,0.0]],[[-46.308992,-23.774548,0.0],[-46.308923,-23.774548,0.0]],[[-46.3089,-23.774524,0.0],[-46.30882,-23.774521,0.0]],[[-46.308075,-23.774474,0.0],[-46.308018,-23.774461,0.0]],[[-46.307352,-23.774369,0.0],[-46.307545,-23.77435,0.0],[-46.306748,-23.774141,0.0]],[[-46.306916,-23.774307,0.0],[-46.306879,-23.774292,0.0]],[[-46.30753,-23.77416,0.0],[-46.307501,-23.774285,0.0],[-46.307401,-23.774303,0.0],[-46.30674,-23.77408,0.0]],[[-46.306452,-23.774156,0.0],[-46.306586,-23.774121,0.0]],[[-46.307727,-23.774378,0.0],[-46.307495,-23.773865,0.0]],[[-46.307394,-23.77412,0.0],[-46.307371,-23.77408,0.0]],[[-46.309609,-23.774613,0.0],[-46.309651,-23.774168,0.0],[-46.310048,-23.773993,0.0],[-46.310167,-23.77374,0.0]],[[-46.310717,-23.774034,0.0],[-46.310937,-23.774027,0.0]],[[-46.309543,-23.774585,0.0],[-46.309601,-23.774159,0.0],[-46.309963,-23.773837,0.0],[-46.309734,-23.773495,0.0]],[[-46.309566,-23.773362,0.0],[-46.30982,-23.773775,0.0],[-46.309559,-23.774077,0.0],[-46.309365,-23.774581,0.0],[-46.30962,-23.774672,0.0]],[[-46.309307,-23.773359,0.0],[-46.30952,-23.773683,0.0],[-46.30936,-23.773921,0.0],[-46.3094,-23.774338,0.0],[-46.30918,-23.774562,0.0]],[[-46.310238,-23.773805,0.0],[-46.310258,-23.773717,0.0]],[[-46.309353,-23.773329,0.0],[-46.309558,-23.773579,0.0],[-46.30958,-23.773744,0.0],[-46.309402,-23.773958,0.0],[-46.309446,-23.774286,0.0],[-46.30926,-23.774549,0.0]],[[-46.3089,-23.773316,0.0],[-46.309278,-23.773657,0.0],[-46.30925,-23.774263,0.0],[-46.309029,-23.774526,0.0]],[[-46.30882,-23.77451,0.0],[-46.308764,-23.774505,0.0]],[[-46.310167,-23.773637,0.0],[-46.309971,-23.773599,0.0]],[[-46.30674,-23.77408,0.0],[-46.306589,-23.774142,0.0]],[[-46.308286,-23.77442,0.0],[-46.307862,-23.774029,0.0]],[[-46.308129,-23.774398,0.0],[-46.307668,-23.773864,0.0],[-46.307629,-23.773658,0.0]],[[-46.308393,-23.774429,0.0],[-46.308089,-23.774005,0.0],[-46.307829,-23.773863,0.0],[-46.307671,-23.77354,0.0]],[[-46.30741,-23.774088,0.0],[-46.307362,-23.773929,0.0]],[[-46.307674,-23.773992,0.0],[-46.307573,-23.773741,0.0]],[[-46.307355,-23.774041,0.0],[-46.306673,-23.773793,0.0],[-46.306356,-23.77387,0.0],[-46.30631,-23.773715,0.0]],[[-46.307739,-23.77383,0.0],[-46.307658,-23.77359,0.0]],[[-46.306413,-23.773471,0.0],[-46.30656,-23.773632,0.0],[-46.307228,-23.773843,0.0]],[[-46.30766,-23.773647,0.0],[-46.307616,-23.773511,0.0]],[[-46.305846,-23.774226,0.0],[-46.305785,-23.774162,0.0]],[[-46.304756,-23.773577,0.0],[-46.304834,-23.773464,0.0],[-46.305018,-23.773529,0.0],[-46.30532,-23.773987,0.0],[-46.305692,-23.773948,0.0],[-46.305681,-23.774128,0.0],[-46.305515,-23.774339,0.0],[-46.305013,-23.774532,0.0]],[[-46.30513,-23.773849,0.0],[-46.305076,-23.774054,0.0]],[[-46.30592,-23.773953,0.0],[-46.305948,-23.77407,0.0]],[[-46.305046,-23.773641,0.0],[-46.30513,-23.773849,0.0]],[[-46.306397,-23.773652,0.0],[-46.306309,-23.773546,0.0]],[[-46.306113,-23.773492,0.0],[-46.306264,-23.773466,0.0]],[[-46.304579,-23.773504,0.0],[-46.304659,-23.773719,0.0]],[[-46.306279,-23.77345,0.0],[-46.306413,-23.773471,0.0]],[[-46.30771,-23.773534,0.0],[-46.307689,-23.773478,0.0]],[[-46.307592,-23.773581,0.0],[-46.307358,-23.773734,0.0],[-46.307162,-23.773739,0.0],[-46.306614,-23.773506,0.0],[-46.306481,-23.773329,0.0]],[[-46.308195,-23.773628,0.0],[-46.307976,-23.773519,0.0]],[[-46.307635,-23.773442,0.0],[-46.307358,-23.773616,0.0],[-46.307149,-23.773626,0.0],[-46.30665,-23.773418,0.0],[-46.306509,-23.773176,0.0]],[[-46.307698,-23.773417,0.0],[-46.307673,-23.773322,0.0]],[[-46.307622,-23.773164,0.0],[-46.307726,-23.77308,0.0]],[[-46.306518,-23.772963,0.0],[-46.306478,-23.772796,0.0]],[[-46.309701,-23.773372,0.0],[-46.309602,-23.773369,0.0]],[[-46.309601,-23.77333,0.0],[-46.309528,-23.773352,0.0]],[[-46.309465,-23.773277,0.0],[-46.309307,-23.773359,0.0]],[[-46.310347,-23.7727,0.0],[-46.310786,-23.772877,0.0],[-46.311065,-23.773205,0.0],[-46.310968,-23.77366,0.0],[-46.310518,-23.773698,0.0],[-46.309924,-23.773527,0.0]],[[-46.310332,-23.772669,0.0],[-46.31049,-23.772728,0.0]],[[-46.30951,-23.773327,0.0],[-46.310244,-23.773559,0.0],[-46.310542,-23.773541,0.0],[-46.310747,-23.773191,0.0],[-46.3105,-23.772883,0.0]],[[-46.3105,-23.772883,0.0],[-46.310154,-23.772707,0.0]],[[-46.31017,-23.772622,0.0],[-46.310347,-23.7727,0.0]],[[-46.30642,-23.773277,0.0],[-46.306238,-23.773431,0.0]],[[-46.306203,-23.77328,0.0],[-46.305976,-23.7733,0.0]],[[-46.306223,-23.773224,0.0],[-46.30598,-23.773267,0.0]],[[-46.306496,-23.77322,0.0],[-46.306434,-23.773126,0.0]],[[-46.306217,-23.773052,0.0],[-46.305971,-23.773178,0.0]],[[-46.305789,-23.772943,0.0],[-46.306033,-23.772987,0.0]],[[-46.3066,-23.772752,0.0],[-46.306532,-23.772565,0.0]],[[-46.294874,-23.772924,0.0],[-46.294878,-23.773151,0.0]],[[-46.294878,-23.773151,0.0],[-46.294648,-23.772825,0.0]],[[-46.29792,-23.772821,0.0],[-46.297807,-23.772961,0.0]],[[-46.294909,-23.772748,0.0],[-46.29482,-23.772893,0.0],[-46.294669,-23.772769,0.0]],[[-46.29934,-23.772847,0.0],[-46.29956,-23.77258,0.0],[-46.299909,-23.772879,0.0],[-46.299634,-23.773111,0.0],[-46.299447,-23.773134,0.0],[-46.299223,-23.773051,0.0],[-46.29934,-23.772847,0.0]],[[-46.302409,-23.773038,0.0],[-46.302331,-23.773066,0.0]],[[-46.302267,-23.773049,0.0],[-46.302331,-23.773016,0.0]],[[-46.30233,-23.772877,0.0],[-46.301908,-23.773131,0.0]],[[-46.302413,-23.77292,0.0],[-46.30233,-23.772978,0.0]],[[-46.301733,-23.77331,0.0],[-46.301813,-23.772877,0.0],[-46.301371,-23.772612,0.0]],[[-46.301359,-23.77293,0.0],[-46.301392,-23.772935,0.0]],[[-46.30233,-23.772928,0.0],[-46.302365,-23.772903,0.0]],[[-46.30233,-23.772877,0.0],[-46.302361,-23.772855,0.0]],[[-46.302289,-23.772836,0.0],[-46.302329,-23.77281,0.0]],[[-46.30216,-23.772757,0.0],[-46.302108,-23.772784,0.0]],[[-46.302343,-23.772703,0.0],[-46.302329,-23.772726,0.0]],[[-46.312363,-23.77341,0.0],[-46.312407,-23.773448,0.0]],[[-46.312207,-23.772771,0.0],[-46.312024,-23.772968,0.0]],[[-46.311252,-23.772781,0.0],[-46.312049,-23.77323,0.0],[-46.312176,-23.773195,0.0],[-46.312432,-23.773412,0.0]],[[-46.311087,-23.772854,0.0],[-46.311179,-23.772991,0.0]],[[-46.311371,-23.772837,0.0],[-46.311172,-23.772721,0.0]],[[-46.311055,-23.772675,0.0],[-46.311246,-23.772788,0.0]],[[-46.311073,-23.772664,0.0],[-46.311039,-23.772641,0.0]],[[-46.311229,-23.772564,0.0],[-46.311277,-23.772594,0.0]],[[-46.312747,-23.773323,0.0],[-46.312748,-23.773317,0.0]]]}}]}