{"type":"FeatureCollection","features":[{"type":"Feature","properties":{"uso":"A confirmar","estado_conservacao":"Não avaliado","fonte":"Mapas Palazzi (catálogo MAPEAMENTO E SHAPEFILES_R01)"},"geometry":{"type":"MultiPolygon","coordinates":[[[[-46.298879,-23.779872,0.0],[-46.299007,-23.779957,0.0],[-46.299058,-23.779907,0.0],[-46.299008,-23.779814,0.0],[-46.298879,-23.779872,0.0]]],[[[-46.299017,-23.779812,0.0],[-46.299065,-23.779897,0.0],[-46.299154,-23.779854,0.0],[-46.299105,-23.779769,0.0],[-46.299017,-23.779812,0.0]]]]}},{"type":"Feature","properties":{"uso":"Uso misto","estado_conservacao":"Não avaliado","fonte":"Mapas Palazzi (catálogo MAPEAMENTO E SHAPEFILES_R01)"},"geometry":{"type":"Polygon","coordinates":[[[-46.300085,-23.779846,0.0],[-46.300105,-23.779853,0.0],[-46.300116,-23.779822,0.0],[-46.300107,-23.779819,0.0],[-46.30014,-23.77973,0.0],[-46.300064,-23.779706,0.0],[-46.300035,-23.77979,0.0],[-46.300059,-23.779797,0.0],[-46.300039,-23.779852,0.0],[-46.300079,-23.779864,0.0],[-46.300085,-23.779846,0.0]]]}},{"type":"Feature","properties":{"uso":"Residencial","estado_conservacao":"Conservado","fonte":"Mapas Palazzi (catálogo MAPEAMENTO E SHAPEFILES_R01)"},"geometry":{"type":"MultiPolygon","coordinates":[[[[-46.300039,-23.780325,0.0],[-46.30002,-23.780297,0.0],[-46.3,-23.780308,0.0],[-46.300019,-23.780336,0.0],[-46.300039,-23.780325,0.0]]],[[[-46.300163,-23.780229,0.0],[-46.300147,-23.78024,0.0],[-46.300158,-23.780253,0.0],[-46.300174,-23.780242,0.0],[-46.300163,-23.780229,0.0]]],[[[-46.300208,-23.780179,0.0],[-46.300179,-23.780198,0.0],[-46.300202,-23.780228,0.0],[-46.300231,-23.780209,0.0],[-46.300208,-23.780179,0.0]]],[[[-46.299979,-23.780154,0.0],[-46.300003,-23.780141,0.0],[-46.300016,-23.780159,0.0],[-46.300039,-23.780146,0.0],[-46.300017,-23.780114,0.0],[-46.300059,-23.780089,0.0],[-46.300082,-23.780125,0.0],[-46.300117,-23.780106,0.0],[-46.300107,-23.780091,0.0],[-46.300114,-23.780087,0.0],[-46.300057,-23.78,0.0],[-46.299924,-23.780073,0.0],[-46.299979,-23.780154,0.0]]],[[[-46.300229,-23.780053,0.0],[-46.30027,-23.780111,0.0],[-46.300299,-23.780095,0.0],[-46.300257,-23.780036,0.0],[-46.300229,-23.780053,0.0]]],[[[-46.3002,-23.780065,0.0],[-46.30032,-23.779993,0.0],[-46.300257,-23.779897,0.0],[-46.300196,-23.779932,0.0],[-46.300193,-23.779926,0.0],[-46.300131,-23.779964,0.0],[-46.3002,-23.780065,0.0]]],[[[-46.299943,-23.779943,0.0],[-46.299987,-23.779919,0.0],[-46.299958,-23.779876,0.0],[-46.299914,-23.779902,0.0],[-46.299943,-23.779943,0.0]]],[[[-46.29999,-23.779684,0.0],[-46.29994,-23.779828,0.0],[-46.300014,-23.77985,0.0],[-46.300031,-23.779799,0.0],[-46.300006,-23.779792,0.0],[-46.300009,-23.779783,0.0],[-46.300035,-23.77979,0.0],[-46.300064,-23.779706,0.0],[-46.29999,-23.779684,0.0]]],[[[-46.299957,-23.779672,0.0],[-46.299894,-23.779654,0.0],[-46.299851,-23.779778,0.0],[-46.299914,-23.779796,0.0],[-46.299943,-23.779715,0.0],[-46.299953,-23.779718,0.0],[-46.299966,-23.779682,0.0],[-46.299954,-23.779679,0.0],[-46.299957,-23.779672,0.0]]],[[[-46.300314,-23.779541,0.0],[-46.300325,-23.779514,0.0],[-46.300244,-23.779485,0.0],[-46.300202,-23.779584,0.0],[-46.300343,-23.779634,0.0],[-46.300384,-23.779538,0.0],[-46.300342,-23.779523,0.0],[-46.300332,-23.779547,0.0],[-46.300314,-23.779541,0.0]]],[[[-46.300292,-23.779502,0.0],[-46.300299,-23.779486,0.0],[-46.300323,-23.779495,0.0],[-46.300333,-23.779471,0.0],[-46.300293,-23.779456,0.0],[-46.300282,-23.779481,0.0],[-46.300262,-23.779473,0.0],[-46.300273,-23.779449,0.0],[-46.300244,-23.779438,0.0],[-46.30021,-23.779516,0.0],[-46.300227,-23.779522,0.0],[-46.300244,-23.779485,0.0],[-46.300292,-23.779502,0.0]]],[[[-46.300285,-23.779269,0.0],[-46.300328,-23.779344,0.0],[-46.300449,-23.779276,0.0],[-46.300401,-23.779204,0.0],[-46.300285,-23.779269,0.0]]],[[[-46.299812,-23.780219,0.0],[-46.299857,-23.780201,0.0],[-46.29989,-23.780251,0.0],[-46.299929,-23.780228,0.0],[-46.299873,-23.780144,0.0],[-46.299907,-23.780125,0.0],[-46.299885,-23.780093,0.0],[-46.299724,-23.78018,0.0],[-46.299786,-23.780279,0.0],[-46.299819,-23.780261,0.0],[-46.299885,-23.780333,0.0],[-46.299912,-23.78032,0.0],[-46.299836,-23.780234,0.0],[-46.299821,-23.780237,0.0],[-46.299812,-23.780219,0.0]]],[[[-46.299657,-23.780066,0.0],[-46.299796,-23.779997,0.0],[-46.299767,-23.779949,0.0],[-46.299755,-23.779955,0.0],[-46.299708,-23.779878,0.0],[-46.299668,-23.779899,0.0],[-46.299702,-23.779955,0.0],[-46.299654,-23.779976,0.0],[-46.299624,-23.779928,0.0],[-46.299587,-23.779946,0.0],[-46.299657,-23.780066,0.0]]],[[[-46.29991,-23.779934,0.0],[-46.299887,-23.779949,0.0],[-46.299898,-23.779964,0.0],[-46.299922,-23.779949,0.0],[-46.29991,-23.779934,0.0]]],[[[-46.299663,-23.779726,0.0],[-46.299689,-23.779722,0.0],[-46.299672,-23.779642,0.0],[-46.299595,-23.779653,0.0],[-46.299616,-23.779759,0.0],[-46.299668,-23.779751,0.0],[-46.299663,-23.779726,0.0]]],[[[-46.299762,-23.779748,0.0],[-46.299746,-23.779669,0.0],[-46.299738,-23.779632,0.0],[-46.299672,-23.779642,0.0],[-46.299696,-23.77976,0.0],[-46.299762,-23.779748,0.0]]],[[[-46.299894,-23.779654,0.0],[-46.299818,-23.779627,0.0],[-46.299775,-23.779736,0.0],[-46.299821,-23.779751,0.0],[-46.299833,-23.779719,0.0],[-46.299868,-23.779729,0.0],[-46.299894,-23.779654,0.0]]],[[[-46.299781,-23.779671,0.0],[-46.299784,-23.779616,0.0],[-46.29975,-23.779614,0.0],[-46.299746,-23.779669,0.0],[-46.299781,-23.779671,0.0]]],[[[-46.299537,-23.77936,0.0],[-46.299504,-23.779366,0.0],[-46.299511,-23.779395,0.0],[-46.299466,-23.779403,0.0],[-46.299487,-23.779516,0.0],[-46.299564,-23.779503,0.0],[-46.299537,-23.77936,0.0]]],[[[-46.299618,-23.779346,0.0],[-46.299624,-23.779372,0.0],[-46.299578,-23.779379,0.0],[-46.299591,-23.779422,0.0],[-46.299607,-23.779499,0.0],[-46.299739,-23.779477,0.0],[-46.299722,-23.779376,0.0],[-46.299752,-23.779372,0.0],[-46.299744,-23.779327,0.0],[-46.299674,-23.779338,0.0],[-46.299681,-23.779364,0.0],[-46.299652,-23.779368,0.0],[-46.299656,-23.779387,0.0],[-46.299645,-23.779342,0.0],[-46.299618,-23.779346,0.0]],[[-46.299671,-23.779386,0.0],[-46.299675,-23.779407,0.0],[-46.299646,-23.779413,0.0],[-46.299641,-23.779389,0.0],[-46.299671,-23.779386,0.0]]],[[[-46.29947,-23.77943,0.0],[-46.299459,-23.779374,0.0],[-46.299427,-23.779379,0.0],[-46.299439,-23.779435,0.0],[-46.29947,-23.77943,0.0]]],[[[-46.299591,-23.779422,0.0],[-46.29957,-23.779355,0.0],[-46.299537,-23.77936,0.0],[-46.299548,-23.779416,0.0],[-46.299568,-23.779412,0.0],[-46.299571,-23.779426,0.0],[-46.299591,-23.779422,0.0]]],[[[-46.299857,-23.7792,0.0],[-46.299782,-23.779212,0.0],[-46.299788,-23.779242,0.0],[-46.299815,-23.779237,0.0],[-46.299817,-23.77925,0.0],[-46.299791,-23.779255,0.0],[-46.299814,-23.779372,0.0],[-46.299888,-23.77936,0.0],[-46.299857,-23.7792,0.0]]]]}},{"type":"Feature","properties":{"uso":"Público não ocupado","estado_conservacao":"Ruínas / péssimas condições","fonte":"Mapas Palazzi (catálogo MAPEAMENTO E SHAPEFILES_R01)"},"geometry":{"type":"MultiPolygon","coordinates":[[[[-46.30042,-23.779368,0.0],[-46.300384,-23.779388,0.0],[-46.300373,-23.779394,0.0],[-46.300384,-23.779411,0.0],[-46.300431,-23.779387,0.0],[-46.30042,-23.779368,0.0]]],[[[-46.300449,-23.779276,0.0],[-46.300349,-23.779332,0.0],[-46.300384,-23.779388,0.0],[-46.300486,-23.77933,0.0],[-46.300449,-23.779276,0.0]]],[[[-46.300386,-23.779186,0.0],[-46.300362,-23.77915,0.0],[-46.300275,-23.7792,0.0],[-46.300299,-23.779235,0.0],[-46.300386,-23.779186,0.0]]]]}},{"type":"Feature","properties":{"uso":"A confirmar","estado_conservacao":"Não avaliado","fonte":"Mapas Palazzi (catálogo MAPEAMENTO E SHAPEFILES_R01)"},"geometry":{"type":"Polygon","coordinates":[[[-46.299501,-23.779061,0.0],[-46.299462,-23.779071,0.0],[-46.299442,-23.779097,0.0],[-46.299443,-23.77911,0.0],[-46.299455,-23.77912,0.0],[-46.29947,-23.779121,0.0],[-46.299502,-23.779111,0.0],[-46.299515,-23.779098,0.0],[-46.299526,-23.779071,0.0],[-46.299501,-23.779061,0.0]]]}},{"type":"Feature","properties":{"uso":"Prestação de serviços","estado_conservacao":"Conservado","fonte":"Mapas Palazzi (catálogo MAPEAMENTO E SHAPEFILES_R01)"},"geometry":{"type":"MultiPolygon","coordinates":[[[[-46.299084,-23.779149,0.0],[-46.299142,-23.779183,0.0],[-46.299165,-23.779149,0.0],[-46.299107,-23.779116,0.0],[-46.299084,-23.779149,0.0]]],[[[-46.299115,-23.779095,0.0],[-46.299175,-23.779128,0.0],[-46.299197,-23.779093,0.0],[-46.299138,-23.77906,0.0],[-46.299115,-23.779095,0.0]]],[[[-46.299167,-23.779023,0.0],[-46.299254,-23.77907,0.0],[-46.299306,-23.778988,0.0],[-46.299149,-23.778903,0.0],[-46.29908,-23.779012,0.0],[-46.29915,-23.77905,0.0],[-46.299167,-23.779023,0.0]]],[[[-46.299123,-23.778834,0.0],[-46.299045,-23.778949,0.0],[-46.299074,-23.778967,0.0],[-46.299153,-23.778852,0.0],[-46.299123,-23.778834,0.0]]]]}},{"type":"Feature","properties":{"uso":"Sem dados","estado_conservacao":"Ruínas / péssimas condições","fonte":"Mapas Palazzi (catálogo MAPEAMENTO E SHAPEFILES_R01)"},"geometry":{"type":"MultiPolygon","coordinates":[[[[-46.300255,-23.779071,0.0],[-46.300228,-23.77905,0.0],[-46.300213,-23.779067,0.0],[-46.30024,-23.779088,0.0],[-46.300255,-23.779071,0.0]]],[[[-46.300315,-23.778944,0.0],[-46.300371,-23.778837,0.0],[-46.300342,-23.778824,0.0],[-46.300287,-23.778931,0.0],[-46.300315,-23.778944,0.0]]],[[[-46.299667,-23.77884,0.0],[-46.29962,-23.778812,0.0],[-46.299602,-23.778839,0.0],[-46.299649,-23.778866,0.0],[-46.299667,-23.77884,0.0]]],[[[-46.299676,-23.778831,0.0],[-46.299696,-23.778803,0.0],[-46.299646,-23.778773,0.0],[-46.299626,-23.778802,0.0],[-46.299676,-23.778831,0.0]]],[[[-46.300356,-23.77874,0.0],[-46.300373,-23.778718,0.0],[-46.300324,-23.778685,0.0],[-46.300306,-23.778707,0.0],[-46.300356,-23.77874,0.0]]]]}},{"type":"Feature","properties":{"uso":"Uso misto","estado_conservacao":"Não avaliado","fonte":"Mapas Palazzi (catálogo MAPEAMENTO E SHAPEFILES_R01)"},"geometry":{"type":"Polygon","coordinates":[[[-46.299711,-23.778677,0.0],[-46.299674,-23.778731,0.0],[-46.299801,-23.778804,0.0],[-46.299839,-23.778748,0.0],[-46.299711,-23.778677,0.0]]]}},{"type":"Feature","properties":{"uso":"Público","estado_conservacao":"Conservado","fonte":"Mapas Palazzi (catálogo MAPEAMENTO E SHAPEFILES_R01)"},"geometry":{"type":"Polygon","coordinates":[[[-46.299434,-23.778645,0.0],[-46.299423,-23.77866,0.0],[-46.299371,-23.778629,0.0],[-46.299343,-23.77867,0.0],[-46.299398,-23.778702,0.0],[-46.299375,-23.778735,0.0],[-46.299323,-23.778704,0.0],[-46.299292,-23.77875,0.0],[-46.299416,-23.77883,0.0],[-46.299512,-23.778691,0.0],[-46.299434,-23.778645,0.0]]]}},{"type":"Feature","properties":{"uso":"Residencial","estado_conservacao":"Conservado","fonte":"Mapas Palazzi (catálogo MAPEAMENTO E SHAPEFILES_R01)"},"geometry":{"type":"MultiPolygon","coordinates":[[[[-46.299885,-23.778775,0.0],[-46.299921,-23.778719,0.0],[-46.299895,-23.778705,0.0],[-46.29986,-23.778761,0.0],[-46.299885,-23.778775,0.0]]],[[[-46.299855,-23.778692,0.0],[-46.299869,-23.77867,0.0],[-46.299818,-23.77864,0.0],[-46.299805,-23.778657,0.0],[-46.299746,-23.778624,0.0],[-46.299711,-23.778677,0.0],[-46.299839,-23.778748,0.0],[-46.299871,-23.778701,0.0],[-46.299855,-23.778692,0.0]]],[[[-46.299757,-23.778586,0.0],[-46.299853,-23.778641,0.0],[-46.299872,-23.778614,0.0],[-46.299903,-23.778631,0.0],[-46.299942,-23.778576,0.0],[-46.29991,-23.778558,0.0],[-46.299928,-23.778532,0.0],[-46.299833,-23.778478,0.0],[-46.299757,-23.778586,0.0]]],[[[-46.299858,-23.778441,0.0],[-46.299994,-23.77852,0.0],[-46.300028,-23.778471,0.0],[-46.299892,-23.778392,0.0],[-46.299858,-23.778441,0.0]]],[[[-46.300086,-23.778309,0.0],[-46.299983,-23.778255,0.0],[-46.29995,-23.778308,0.0],[-46.300054,-23.778362,0.0],[-46.300086,-23.778309,0.0]]],[[[-46.300119,-23.778312,0.0],[-46.300134,-23.778288,0.0],[-46.300103,-23.778271,0.0],[-46.300115,-23.778251,0.0],[-46.300018,-23.778199,0.0],[-46.299983,-23.778255,0.0],[-46.300055,-23.778292,0.0],[-46.300062,-23.778281,0.0],[-46.300119,-23.778312,0.0]]]]}},{"type":"Feature","properties":{"uso":"Sem dados","estado_conservacao":"Não avaliado","fonte":"Mapas Palazzi (catálogo MAPEAMENTO E SHAPEFILES_R01)"},"geometry":{"type":"MultiPolygon","coordinates":[[[[-46.298973,-23.78,0.0],[-46.298999,-23.779965,0.0],[-46.298871,-23.779875,0.0],[-46.29882,-23.779898,0.0],[-46.298973,-23.78,0.0]]],[[[-46.299007,-23.779957,0.0],[-46.299058,-23.779907,0.0],[-46.299008,-23.779814,0.0],[-46.298879,-23.779872,0.0],[-46.299007,-23.779957,0.0]]],[[[-46.299065,-23.779897,0.0],[-46.299154,-23.779854,0.0],[-46.299105,-23.779769,0.0],[-46.299017,-23.779812,0.0],[-46.299065,-23.779897,0.0]]]]}},{"type":"Feature","properties":{"uso":"Público","estado_conservacao":"Não avaliado","fonte":"Mapas Palazzi (catálogo MAPEAMENTO E SHAPEFILES_R01)"},"geometry":{"type":"MultiPolygon","coordinates":[[[[-46.29898,-23.77944,0.0],[-46.298996,-23.779417,0.0],[-46.298948,-23.779389,0.0],[-46.298932,-23.779411,0.0],[-46.29898,-23.77944,0.0]]],[[[-46.29908,-23.779361,0.0],[-46.298988,-23.779311,0.0],[-46.298945,-23.779379,0.0],[-46.299037,-23.779429,0.0],[-46.29908,-23.779361,0.0]]],[[[-46.298873,-23.779269,0.0],[-46.298938,-23.779305,0.0],[-46.298962,-23.779271,0.0],[-46.298879,-23.779223,0.0],[-46.298847,-23.779273,0.0],[-46.298856,-23.779292,0.0],[-46.298873,-23.779269,0.0]]]]}},{"type":"Feature","properties":{"uso":"Uso misto","estado_conservacao":"Conservado","fonte":"Mapas Palazzi (catálogo MAPEAMENTO E SHAPEFILES_R01)"},"geometry":{"type":"MultiPolygon","coordinates":[[[[-46.299056,-23.779208,0.0],[-46.299013,-23.779273,0.0],[-46.299105,-23.779324,0.0],[-46.299148,-23.77926,0.0],[-46.299056,-23.779208,0.0]]],[[[-46.298879,-23.779223,0.0],[-46.298962,-23.779271,0.0],[-46.298981,-23.779241,0.0],[-46.298896,-23.779197,0.0],[-46.298879,-23.779223,0.0]]],[[[-46.299028,-23.779165,0.0],[-46.298948,-23.779119,0.0],[-46.298925,-23.779152,0.0],[-46.299003,-23.7792,0.0],[-46.299028,-23.779165,0.0]]]]}},{"type":"Feature","properties":{"uso":"Sem dados","estado_conservacao":"Não avaliado","fonte":"Mapas Palazzi (catálogo MAPEAMENTO E SHAPEFILES_R01)"},"geometry":{"type":"MultiPolygon","coordinates":[[[[-46.298913,-23.778957,0.0],[-46.298897,-23.778982,0.0],[-46.298924,-23.778998,0.0],[-46.29894,-23.778973,0.0],[-46.298913,-23.778957,0.0]]],[[[-46.298996,-23.778914,0.0],[-46.299028,-23.778933,0.0],[-46.299043,-23.778911,0.0],[-46.299011,-23.778893,0.0],[-46.298996,-23.778914,0.0]]]]}},{"type":"Feature","properties":{"uso":"Sem dados","estado_conservacao":"Não avaliado","fonte":"Mapas Palazzi (catálogo MAPEAMENTO E SHAPEFILES_R01)"},"geometry":{"type":"Polygon","coordinates":[[[-46.298452,-23.778203,0.0],[-46.298346,-23.77823,0.0],[-46.298485,-23.778694,0.0],[-46.29859,-23.778667,0.0],[-46.298452,-23.778203,0.0]]]}},{"type":"Feature","properties":{"uso":"Esporte","estado_conservacao":"Não avaliado","fonte":"Mapas Palazzi (catálogo MAPEAMENTO E SHAPEFILES_R01)"},"geometry":{"type":"Polygon","coordinates":[[[-46.298714,-23.778643,0.0],[-46.298946,-23.778454,0.0],[-46.298957,-23.778426,0.0],[-46.298935,-23.778353,0.0],[-46.298956,-23.778338,0.0],[-46.29892,-23.778248,0.0],[-46.298898,-23.778255,0.0],[-46.298858,-23.778149,0.0],[-46.298802,-23.77813,0.0],[-46.298576,-23.778199,0.0],[-46.298714,-23.778643,0.0]]]}},{"type":"Feature","properties":{"uso":"Residencial","estado_conservacao":"Conservado","fonte":"Mapas Palazzi (catálogo MAPEAMENTO E SHAPEFILES_R01)"},"geometry":{"type":"MultiPolygon","coordinates":[[[[-46.298044,-23.778151,0.0],[-46.298033,-23.778154,0.0],[-46.298037,-23.778168,0.0],[-46.298084,-23.778157,0.0],[-46.298068,-23.778098,0.0],[-46.298032,-23.778106,0.0],[-46.298044,-23.778151,0.0]]],[[[-46.298166,-23.778128,0.0],[-46.298171,-23.778148,0.0],[-46.298196,-23.778143,0.0],[-46.298174,-23.778062,0.0],[-46.298137,-23.778071,0.0],[-46.298153,-23.778131,0.0],[-46.298166,-23.778128,0.0]]],[[[-46.298048,-23.777995,0.0],[-46.298085,-23.778145,0.0],[-46.298105,-23.778141,0.0],[-46.298091,-23.778087,0.0],[-46.298118,-23.778081,0.0],[-46.298116,-23.778072,0.0],[-46.298137,-23.778067,0.0],[-46.298116,-23.777981,0.0],[-46.298048,-23.777995,0.0]]],[[[-46.298306,-23.778121,0.0],[-46.298261,-23.77794,0.0],[-46.298193,-23.777955,0.0],[-46.29822,-23.778057,0.0],[-46.298237,-23.778054,0.0],[-46.298256,-23.77813,0.0],[-46.298306,-23.778121,0.0]]],[[[-46.298368,-23.778071,0.0],[-46.298332,-23.777926,0.0],[-46.298261,-23.77794,0.0],[-46.298298,-23.778086,0.0],[-46.298368,-23.778071,0.0]]],[[[-46.298661,-23.777979,0.0],[-46.298659,-23.77797,0.0],[-46.298629,-23.777859,0.0],[-46.298556,-23.777876,0.0],[-46.298587,-23.777996,0.0],[-46.298661,-23.777979,0.0]]],[[[-46.298698,-23.777844,0.0],[-46.298629,-23.777859,0.0],[-46.298659,-23.77797,0.0],[-46.298708,-23.77796,0.0],[-46.298702,-23.777934,0.0],[-46.298719,-23.77793,0.0],[-46.298698,-23.777844,0.0]]],[[[-46.298856,-23.777899,0.0],[-46.298993,-23.777868,0.0],[-46.298966,-23.77778,0.0],[-46.298831,-23.777813,0.0],[-46.298856,-23.777899,0.0]]],[[[-46.299071,-23.777901,0.0],[-46.299143,-23.777885,0.0],[-46.29911,-23.777751,0.0],[-46.299037,-23.777766,0.0],[-46.299071,-23.777901,0.0]]],[[[-46.299141,-23.777875,0.0],[-46.299189,-23.777865,0.0],[-46.299179,-23.777825,0.0],[-46.2992,-23.777821,0.0],[-46.29918,-23.777736,0.0],[-46.29911,-23.777751,0.0],[-46.299141,-23.777875,0.0]]],[[[-46.29786,-23.778293,0.0],[-46.297895,-23.778285,0.0],[-46.297889,-23.778262,0.0],[-46.297854,-23.77827,0.0],[-46.29786,-23.778293,0.0]]],[[[-46.297419,-23.778227,0.0],[-46.297401,-23.778231,0.0],[-46.297413,-23.778279,0.0],[-46.297457,-23.77827,0.0],[-46.297463,-23.778295,0.0],[-46.297476,-23.778292,0.0],[-46.297486,-23.778333,0.0],[-46.297521,-23.778326,0.0],[-46.297504,-23.778257,0.0],[-46.297477,-23.778262,0.0],[-46.297468,-23.77822,0.0],[-46.297493,-23.778216,0.0],[-46.297472,-23.778131,0.0],[-46.297399,-23.778144,0.0],[-46.297419,-23.778227,0.0]]],[[[-46.297364,-23.778222,0.0],[-46.297393,-23.778217,0.0],[-46.29738,-23.778154,0.0],[-46.297348,-23.77816,0.0],[-46.297364,-23.778222,0.0]]],[[[-46.297535,-23.778247,0.0],[-46.297528,-23.77822,0.0],[-46.297563,-23.778212,0.0],[-46.297558,-23.778195,0.0],[-46.297574,-23.778191,0.0],[-46.297554,-23.778112,0.0],[-46.297472,-23.778131,0.0],[-46.297503,-23.778253,0.0],[-46.297535,-23.778247,0.0]]],[[[-46.297913,-23.778122,0.0],[-46.29793,-23.778187,0.0],[-46.297969,-23.778178,0.0],[-46.297952,-23.778114,0.0],[-46.297913,-23.778122,0.0]]],[[[-46.297601,-23.778187,0.0],[-46.297656,-23.778175,0.0],[-46.297636,-23.778093,0.0],[-46.29756,-23.77811,0.0],[-46.297584,-23.778204,0.0],[-46.297604,-23.7782,0.0],[-46.297601,-23.778187,0.0]]],[[[-46.297711,-23.778188,0.0],[-46.297707,-23.77817,0.0],[-46.297734,-23.778165,0.0],[-46.297715,-23.778079,0.0],[-46.297636,-23.778093,0.0],[-46.297657,-23.778175,0.0],[-46.297662,-23.778197,0.0],[-46.297711,-23.778188,0.0]]],[[[-46.297963,-23.778112,0.0],[-46.297974,-23.778158,0.0],[-46.298007,-23.778151,0.0],[-46.297995,-23.778105,0.0],[-46.297963,-23.778112,0.0]]],[[[-46.297906,-23.778026,0.0],[-46.297758,-23.77806,0.0],[-46.297785,-23.778145,0.0],[-46.297928,-23.77811,0.0],[-46.297906,-23.778026,0.0]]],[[[-46.298001,-23.778097,0.0],[-46.298019,-23.778094,0.0],[-46.298021,-23.778104,0.0],[-46.298051,-23.778098,0.0],[-46.298049,-23.778089,0.0],[-46.29807,-23.778085,0.0],[-46.298048,-23.777995,0.0],[-46.297981,-23.778007,0.0],[-46.298001,-23.778097,0.0]]]]}},{"type":"Feature","properties":{"uso":"Prestação de serviços","estado_conservacao":"Mau estado — necessita intervenção","fonte":"Mapas Palazzi (catálogo MAPEAMENTO E SHAPEFILES_R01)"},"geometry":{"type":"Polygon","coordinates":[[[-46.297366,-23.77794,0.0],[-46.297382,-23.778007,0.0],[-46.297471,-23.777986,0.0],[-46.29746,-23.777946,0.0],[-46.297476,-23.777943,0.0],[-46.29747,-23.777915,0.0],[-46.297366,-23.77794,0.0]]]}},{"type":"Feature","properties":{"uso":"Sem dados","estado_conservacao":"Não avaliado","fonte":"Mapas Palazzi (catálogo MAPEAMENTO E SHAPEFILES_R01)"},"geometry":{"type":"Polygon","coordinates":[[[-46.298743,-23.777605,0.0],[-46.298749,-23.777629,0.0],[-46.298782,-23.777622,0.0],[-46.298776,-23.777598,0.0],[-46.298743,-23.777605,0.0]]]}},{"type":"Feature","properties":{"uso":"Residencial","estado_conservacao":"Ruínas / péssimas condições","fonte":"Mapas Palazzi (catálogo MAPEAMENTO E SHAPEFILES_R01)"},"geometry":{"type":"MultiPolygon","coordinates":[[[[-46.297346,-23.777867,0.0],[-46.297366,-23.77794,0.0],[-46.297511,-23.777905,0.0],[-46.297499,-23.777859,0.0],[-46.297476,-23.777863,0.0],[-46.297474,-23.777872,0.0],[-46.29744,-23.777877,0.0],[-46.297437,-23.777856,0.0],[-46.297346,-23.777867,0.0]]],[[[-46.297416,-23.777819,0.0],[-46.297466,-23.777807,0.0],[-46.297457,-23.777777,0.0],[-46.297407,-23.777791,0.0],[-46.297416,-23.777819,0.0]]],[[[-46.29745,-23.777736,0.0],[-46.297441,-23.777703,0.0],[-46.2974,-23.777713,0.0],[-46.297311,-23.777734,0.0],[-46.297327,-23.777796,0.0],[-46.297414,-23.777776,0.0],[-46.297411,-23.777764,0.0],[-46.297425,-23.777761,0.0],[-46.29742,-23.777744,0.0],[-46.29745,-23.777736,0.0]]],[[[-46.2974,-23.777713,0.0],[-46.297381,-23.777647,0.0],[-46.297291,-23.777669,0.0],[-46.297311,-23.777734,0.0],[-46.2974,-23.777713,0.0]]],[[[-46.297372,-23.77764,0.0],[-46.297417,-23.777628,0.0],[-46.29742,-23.777638,0.0],[-46.297461,-23.777628,0.0],[-46.297451,-23.777598,0.0],[-46.297364,-23.777613,0.0],[-46.297372,-23.77764,0.0]]],[[[-46.297342,-23.777509,0.0],[-46.297254,-23.77753,0.0],[-46.29727,-23.77759,0.0],[-46.297359,-23.777571,0.0],[-46.297342,-23.777509,0.0]]],[[[-46.297236,-23.77746,0.0],[-46.297254,-23.77753,0.0],[-46.297375,-23.777501,0.0],[-46.297365,-23.777459,0.0],[-46.297327,-23.777466,0.0],[-46.297321,-23.777442,0.0],[-46.297236,-23.77746,0.0]]],[[[-46.297332,-23.777402,0.0],[-46.297275,-23.777416,0.0],[-46.297281,-23.777441,0.0],[-46.29734,-23.777427,0.0],[-46.297332,-23.777402,0.0]]],[[[-46.297342,-23.777386,0.0],[-46.297375,-23.77738,0.0],[-46.297369,-23.777351,0.0],[-46.297335,-23.777357,0.0],[-46.297342,-23.777386,0.0]]],[[[-46.297304,-23.777324,0.0],[-46.297278,-23.777331,0.0],[-46.297275,-23.777322,0.0],[-46.297203,-23.777339,0.0],[-46.29722,-23.7774,0.0],[-46.297337,-23.77737,0.0],[-46.297326,-23.777334,0.0],[-46.297307,-23.777338,0.0],[-46.297304,-23.777324,0.0]]],[[[-46.297328,-23.777169,0.0],[-46.297379,-23.777153,0.0],[-46.297369,-23.777127,0.0],[-46.297316,-23.777142,0.0],[-46.297328,-23.777169,0.0]]],[[[-46.297095,-23.777955,0.0],[-46.297119,-23.778064,0.0],[-46.297241,-23.778036,0.0],[-46.297205,-23.77791,0.0],[-46.297116,-23.777931,0.0],[-46.297121,-23.777949,0.0],[-46.297095,-23.777955,0.0]]],[[[-46.297128,-23.777888,0.0],[-46.297064,-23.777903,0.0],[-46.297071,-23.77793,0.0],[-46.297135,-23.777916,0.0],[-46.297128,-23.777888,0.0]]],[[[-46.29705,-23.777797,0.0],[-46.297068,-23.777862,0.0],[-46.297187,-23.777832,0.0],[-46.29717,-23.777769,0.0],[-46.29705,-23.777797,0.0]]],[[[-46.297021,-23.777739,0.0],[-46.297039,-23.7778,0.0],[-46.29717,-23.777769,0.0],[-46.297152,-23.777707,0.0],[-46.297021,-23.777739,0.0]]],[[[-46.297113,-23.777565,0.0],[-46.296979,-23.777597,0.0],[-46.296998,-23.777663,0.0],[-46.297133,-23.77763,0.0],[-46.297113,-23.777565,0.0]]],[[[-46.297098,-23.777506,0.0],[-46.296975,-23.777534,0.0],[-46.296991,-23.777593,0.0],[-46.297113,-23.777565,0.0],[-46.297098,-23.777506,0.0]]],[[[-46.297001,-23.77745,0.0],[-46.29694,-23.777464,0.0],[-46.296948,-23.777494,0.0],[-46.297009,-23.777479,0.0],[-46.297001,-23.77745,0.0]]],[[[-46.297077,-23.777422,0.0],[-46.297042,-23.777298,0.0],[-46.296944,-23.777322,0.0],[-46.296951,-23.777348,0.0],[-46.296912,-23.777357,0.0],[-46.29693,-23.777418,0.0],[-46.296966,-23.777409,0.0],[-46.296978,-23.777448,0.0],[-46.297077,-23.777422,0.0]]],[[[-46.296899,-23.777247,0.0],[-46.296878,-23.777251,0.0],[-46.296872,-23.777227,0.0],[-46.296824,-23.777237,0.0],[-46.29684,-23.777297,0.0],[-46.296942,-23.777274,0.0],[-46.296939,-23.777261,0.0],[-46.296906,-23.777269,0.0],[-46.296899,-23.777247,0.0]]],[[[-46.297005,-23.777173,0.0],[-46.296932,-23.777189,0.0],[-46.296929,-23.777177,0.0],[-46.29689,-23.777186,0.0],[-46.296911,-23.777261,0.0],[-46.297022,-23.777236,0.0],[-46.297005,-23.777173,0.0]]]]}},{"type":"Feature","properties":{"uso":"Hotelaria / Turismo","estado_conservacao":"Conservado","fonte":"Mapas Palazzi (catálogo MAPEAMENTO E SHAPEFILES_R01)"},"geometry":{"type":"Polygon","coordinates":[[[-46.299644,-23.778328,0.0],[-46.299642,-23.778333,0.0],[-46.299561,-23.778292,0.0],[-46.299533,-23.778339,0.0],[-46.299608,-23.778377,0.0],[-46.299588,-23.77841,0.0],[-46.299534,-23.778381,0.0],[-46.299508,-23.778421,0.0],[-46.299563,-23.778453,0.0],[-46.299558,-23.778459,0.0],[-46.29963,-23.7785,0.0],[-46.299718,-23.77837,0.0],[-46.299644,-23.778328,0.0]]]}},{"type":"Feature","properties":{"uso":"Uso temporário","estado_conservacao":"Ruínas","fonte":"Mapas Palazzi (catálogo MAPEAMENTO E SHAPEFILES_R01)"},"geometry":{"type":"GeometryCollection","geometries":[{"type":"LineString","coordinates":[[-46.302244,-23.781439,0.0],[-46.302244,-23.781439,0.0]]},{"type":"LineString","coordinates":[[-46.302244,-23.781439,0.0],[-46.302244,-23.781439,0.0]]},{"type":"Polygon","coordinates":[[[-46.302104,-23.781473,0.0],[-46.302331,-23.781541,0.0],[-46.302356,-23.781473,0.0],[-46.302244,-23.781439,0.0],[-46.302244,-23.781439,0.0],[-46.30213,-23.781405,0.0],[-46.30213,-23.781405,0.0],[-46.302104,-23.781473,0.0]]]},{"type":"Polygon","coordinates":[[[-46.30213,-23.781405,0.0],[-46.302356,-23.781473,0.0],[-46.30238,-23.781405,0.0],[-46.302157,-23.781338,0.0],[-46.30213,-23.781405,0.0]]]},{"type":"Polygon","coordinates":[[[-46.301205,-23.780122,0.0],[-46.301191,-23.780102,0.0],[-46.301158,-23.780123,0.0],[-46.301039,-23.780199,0.0],[-46.301065,-23.780235,0.0],[-46.301138,-23.780188,0.0],[-46.301131,-23.780179,0.0],[-46.301177,-23.780149,0.0],[-46.301173,-23.780143,0.0],[-46.301205,-23.780122,0.0]]]},{"type":"Polygon","coordinates":[[[-46.301008,-23.780157,0.0],[-46.301039,-23.780199,0.0],[-46.301158,-23.780123,0.0],[-46.301129,-23.780086,0.0],[-46.301082,-23.780117,0.0],[-46.301078,-23.780111,0.0],[-46.301008,-23.780157,0.0]]]},{"type":"Polygon","coordinates":[[[-46.302288,-23.779506,0.0],[-46.302168,-23.779572,0.0],[-46.302197,-23.779627,0.0],[-46.302315,-23.779554,0.0],[-46.302288,-23.779506,0.0]]]},{"type":"Polygon","coordinates":[[[-46.302166,-23.779369,0.0],[-46.302086,-23.779406,0.0],[-46.302109,-23.77946,0.0],[-46.302192,-23.77941,0.0],[-46.302166,-23.779369,0.0]]]},{"type":"Polygon","coordinates":[[[-46.300848,-23.779376,0.0],[-46.300839,-23.779362,0.0],[-46.300821,-23.779372,0.0],[-46.300861,-23.779433,0.0],[-46.300894,-23.779415,0.0],[-46.300863,-23.779368,0.0],[-46.300848,-23.779376,0.0]]]},{"type":"Polygon","coordinates":[[[-46.300983,-23.779294,0.0],[-46.301017,-23.779337,0.0],[-46.301088,-23.779293,0.0],[-46.301059,-23.77925,0.0],[-46.300983,-23.779294,0.0]]]},{"type":"Polygon","coordinates":[[[-46.30164,-23.776147,0.0],[-46.301766,-23.776204,0.0],[-46.301811,-23.776119,0.0],[-46.301688,-23.776063,0.0],[-46.30164,-23.776147,0.0]]]},{"type":"Polygon","coordinates":[[[-46.302388,-23.776063,0.0],[-46.302714,-23.776008,0.0],[-46.302697,-23.775922,0.0],[-46.302371,-23.775977,0.0],[-46.302388,-23.776063,0.0]]]},{"type":"Polygon","coordinates":[[[-46.300707,-23.779653,0.0],[-46.30061,-23.779706,0.0],[-46.300694,-23.779853,0.0],[-46.300794,-23.779801,0.0],[-46.300707,-23.779653,0.0]]]},{"type":"Polygon","coordinates":[[[-46.30043,-23.779507,0.0],[-46.300506,-23.779621,0.0],[-46.300637,-23.779555,0.0],[-46.300558,-23.779437,0.0],[-46.300538,-23.779448,0.0],[-46.300519,-23.77942,0.0],[-46.300459,-23.779454,0.0],[-46.300476,-23.77948,0.0],[-46.30043,-23.779507,0.0]]]},{"type":"Polygon","coordinates":[[[-46.299903,-23.779116,0.0],[-46.299915,-23.779124,0.0],[-46.299926,-23.77912,0.0],[-46.299964,-23.779152,0.0],[-46.300015,-23.7791,0.0],[-46.300032,-23.779112,0.0],[-46.300049,-23.779095,0.0],[-46.300022,-23.779073,0.0],[-46.300016,-23.779083,0.0],[-46.299985,-23.779057,0.0],[-46.299944,-23.779101,0.0],[-46.29993,-23.77909,0.0],[-46.299903,-23.779116,0.0]]]},{"type":"Polygon","coordinates":[[[-46.300246,-23.779052,0.0],[-46.30029,-23.779003,0.0],[-46.300278,-23.778994,0.0],[-46.300289,-23.778982,0.0],[-46.300155,-23.77888,0.0],[-46.3,-23.779053,0.0],[-46.300104,-23.779132,0.0],[-46.300179,-23.779048,0.0],[-46.300199,-23.779063,0.0],[-46.300224,-23.779035,0.0],[-46.300246,-23.779052,0.0]]]},{"type":"Polygon","coordinates":[[[-46.296895,-23.777151,0.0],[-46.296987,-23.777125,0.0],[-46.296952,-23.77702,0.0],[-46.29686,-23.777046,0.0],[-46.296895,-23.777151,0.0]]]},{"type":"Polygon","coordinates":[[[-46.297097,-23.77695,0.0],[-46.297116,-23.777013,0.0],[-46.297187,-23.776994,0.0],[-46.297184,-23.776981,0.0],[-46.297212,-23.776973,0.0],[-46.297196,-23.776923,0.0],[-46.297097,-23.77695,0.0]]]},{"type":"Polygon","coordinates":[[[-46.300006,-23.775486,0.0],[-46.300019,-23.775468,0.0],[-46.299899,-23.77541,0.0],[-46.299905,-23.775391,0.0],[-46.299874,-23.775378,0.0],[-46.299856,-23.775415,0.0],[-46.299893,-23.775427,0.0],[-46.300006,-23.775486,0.0]]]},{"type":"Polygon","coordinates":[[[-46.299856,-23.775366,0.0],[-46.299811,-23.775345,0.0],[-46.299803,-23.775363,0.0],[-46.299847,-23.775386,0.0],[-46.299856,-23.775366,0.0]]]},{"type":"Polygon","coordinates":[[[-46.29923,-23.775192,0.0],[-46.299164,-23.775205,0.0],[-46.29918,-23.775304,0.0],[-46.299212,-23.775303,0.0],[-46.299227,-23.775371,0.0],[-46.299271,-23.775363,0.0],[-46.29923,-23.775192,0.0]]]}]}},{"type":"Feature","properties":{"uso":"Residencial","estado_conservacao":"Conservado","fonte":"Mapas Palazzi (catálogo MAPEAMENTO E SHAPEFILES_R01)"},"geometry":{"type":"MultiPolygon","coordinates":[[[[-46.299502,-23.777942,0.0],[-46.299516,-23.777994,0.0],[-46.299534,-23.777992,0.0],[-46.299543,-23.778024,0.0],[-46.299624,-23.778006,0.0],[-46.299627,-23.778017,0.0],[-46.299683,-23.778004,0.0],[-46.299686,-23.778016,0.0],[-46.299765,-23.777999,0.0],[-46.299741,-23.777907,0.0],[-46.299719,-23.777908,0.0],[-46.299713,-23.777882,0.0],[-46.299653,-23.777895,0.0],[-46.299665,-23.777938,0.0],[-46.299559,-23.777962,0.0],[-46.299557,-23.777952,0.0],[-46.299538,-23.777956,0.0],[-46.299532,-23.777935,0.0],[-46.299502,-23.777942,0.0]]],[[[-46.299716,-23.777815,0.0],[-46.299677,-23.777665,0.0],[-46.299589,-23.777686,0.0],[-46.299592,-23.777696,0.0],[-46.299536,-23.777709,0.0],[-46.299548,-23.777751,0.0],[-46.299609,-23.777736,0.0],[-46.299614,-23.777758,0.0],[-46.299616,-23.77777,0.0],[-46.299547,-23.777786,0.0],[-46.299562,-23.77784,0.0],[-46.299629,-23.777825,0.0],[-46.299632,-23.777835,0.0],[-46.299716,-23.777815,0.0]]]]}},{"type":"Feature","properties":{"uso":"Comercial","estado_conservacao":"Conservado","fonte":"Mapas Palazzi (catálogo MAPEAMENTO E SHAPEFILES_R01)"},"geometry":{"type":"MultiPolygon","coordinates":[[[[-46.301613,-23.778861,0.0],[-46.301582,-23.778751,0.0],[-46.301493,-23.77877,0.0],[-46.301523,-23.778881,0.0],[-46.301613,-23.778861,0.0]]],[[[-46.301582,-23.77866,0.0],[-46.301572,-23.778621,0.0],[-46.301468,-23.778642,0.0],[-46.301477,-23.778682,0.0],[-46.301582,-23.77866,0.0]]],[[[-46.301804,-23.77858,0.0],[-46.301762,-23.778438,0.0],[-46.301664,-23.778459,0.0],[-46.301638,-23.778465,0.0],[-46.301682,-23.778611,0.0],[-46.301804,-23.77858,0.0]]],[[[-46.301637,-23.778372,0.0],[-46.301664,-23.778459,0.0],[-46.301771,-23.778436,0.0],[-46.301744,-23.778346,0.0],[-46.301637,-23.778372,0.0]]],[[[-46.301846,-23.777908,0.0],[-46.301838,-23.777937,0.0],[-46.301817,-23.777932,0.0],[-46.301758,-23.778131,0.0],[-46.301827,-23.778148,0.0],[-46.301894,-23.77792,0.0],[-46.301846,-23.777908,0.0]]],[[[-46.300469,-23.777726,0.0],[-46.300407,-23.77769,0.0],[-46.300349,-23.777777,0.0],[-46.300412,-23.777811,0.0],[-46.300469,-23.777726,0.0]]],[[[-46.300282,-23.777558,0.0],[-46.300181,-23.777502,0.0],[-46.300049,-23.777703,0.0],[-46.300149,-23.777758,0.0],[-46.300282,-23.777558,0.0]]],[[[-46.300122,-23.777244,0.0],[-46.300045,-23.777259,0.0],[-46.300061,-23.777312,0.0],[-46.30004,-23.777315,0.0],[-46.30006,-23.777388,0.0],[-46.300215,-23.777352,0.0],[-46.30018,-23.77723,0.0],[-46.300144,-23.777238,0.0],[-46.300157,-23.777285,0.0],[-46.300134,-23.77729,0.0],[-46.300122,-23.777244,0.0]]],[[[-46.297892,-23.776789,0.0],[-46.297862,-23.77672,0.0],[-46.297805,-23.776739,0.0],[-46.297831,-23.776809,0.0],[-46.297892,-23.776789,0.0]]]]}},{"type":"Feature","properties":{"uso":"Uso misto","estado_conservacao":"Conservado","fonte":"Mapas Palazzi (catálogo MAPEAMENTO E SHAPEFILES_R01)"},"geometry":{"type":"Polygon","coordinates":[[[-46.299226,-23.777721,0.0],[-46.29925,-23.77781,0.0],[-46.299339,-23.77779,0.0],[-46.299342,-23.777803,0.0],[-46.29942,-23.777785,0.0],[-46.299393,-23.777684,0.0],[-46.299226,-23.777721,0.0]]]}},{"type":"Feature","properties":{"uso":"Sem dados","estado_conservacao":"Conservado","fonte":"Mapas Palazzi (catálogo MAPEAMENTO E SHAPEFILES_R01)"},"geometry":{"type":"MultiPolygon","coordinates":[[[[-46.300496,-23.777725,0.0],[-46.300529,-23.777676,0.0],[-46.300493,-23.777656,0.0],[-46.30046,-23.777705,0.0],[-46.300496,-23.777725,0.0]]],[[[-46.300449,-23.777522,0.0],[-46.300386,-23.777617,0.0],[-46.300477,-23.777669,0.0],[-46.300541,-23.777574,0.0],[-46.300449,-23.777522,0.0]]],[[[-46.299692,-23.777139,0.0],[-46.2997,-23.777171,0.0],[-46.299763,-23.777156,0.0],[-46.299754,-23.777125,0.0],[-46.299692,-23.777139,0.0]]],[[[-46.299286,-23.777108,0.0],[-46.299321,-23.7771,0.0],[-46.299297,-23.777015,0.0],[-46.299261,-23.777023,0.0],[-46.299286,-23.777108,0.0]]],[[[-46.300239,-23.777054,0.0],[-46.300234,-23.777035,0.0],[-46.300168,-23.777051,0.0],[-46.300173,-23.77707,0.0],[-46.300239,-23.777054,0.0]]]]}},{"type":"Feature","properties":{"uso":"Residencial","estado_conservacao":"Conservado","fonte":"Mapas Palazzi (catálogo MAPEAMENTO E SHAPEFILES_R01)"},"geometry":{"type":"MultiPolygon","coordinates":[[[[-46.298749,-23.777629,0.0],[-46.298772,-23.777713,0.0],[-46.298808,-23.777705,0.0],[-46.298794,-23.777654,0.0],[-46.298772,-23.777658,0.0],[-46.29877,-23.777648,0.0],[-46.298788,-23.777644,0.0],[-46.298782,-23.777622,0.0],[-46.298749,-23.777629,0.0]]],[[[-46.298973,-23.777643,0.0],[-46.298959,-23.777582,0.0],[-46.298826,-23.777612,0.0],[-46.298842,-23.777672,0.0],[-46.298973,-23.777643,0.0]]],[[[-46.299491,-23.777498,0.0],[-46.299485,-23.777472,0.0],[-46.29938,-23.777491,0.0],[-46.299397,-23.77755,0.0],[-46.299432,-23.777544,0.0],[-46.299425,-23.777511,0.0],[-46.299491,-23.777498,0.0]]],[[[-46.299276,-23.777573,0.0],[-46.299237,-23.777439,0.0],[-46.299285,-23.777427,0.0],[-46.299279,-23.777402,0.0],[-46.299099,-23.777444,0.0],[-46.299145,-23.777607,0.0],[-46.299276,-23.777573,0.0]]],[[[-46.298784,-23.777452,0.0],[-46.298814,-23.777561,0.0],[-46.298944,-23.777533,0.0],[-46.298915,-23.777423,0.0],[-46.298784,-23.777452,0.0]]],[[[-46.299464,-23.777362,0.0],[-46.299506,-23.777523,0.0],[-46.299642,-23.777491,0.0],[-46.299597,-23.777333,0.0],[-46.299464,-23.777362,0.0],[-46.299464,-23.777362,0.0]]],[[[-46.299351,-23.777387,0.0],[-46.299361,-23.777424,0.0],[-46.299393,-23.777417,0.0],[-46.299383,-23.77738,0.0],[-46.299379,-23.77738,0.0],[-46.299351,-23.777387,0.0]]],[[[-46.299214,-23.777357,0.0],[-46.299173,-23.777367,0.0],[-46.299168,-23.777349,0.0],[-46.299098,-23.777365,0.0],[-46.299103,-23.777381,0.0],[-46.299082,-23.777387,0.0],[-46.299099,-23.777444,0.0],[-46.299231,-23.777413,0.0],[-46.299214,-23.777357,0.0]]],[[[-46.299379,-23.777363,0.0],[-46.299383,-23.77738,0.0],[-46.299456,-23.777364,0.0],[-46.29945,-23.777344,0.0],[-46.299379,-23.777363,0.0]]],[[[-46.299361,-23.777309,0.0],[-46.299331,-23.777315,0.0],[-46.299351,-23.777387,0.0],[-46.299379,-23.77738,0.0],[-46.299361,-23.777309,0.0]]],[[[-46.299582,-23.777276,0.0],[-46.29945,-23.777304,0.0],[-46.299464,-23.777362,0.0],[-46.299597,-23.777333,0.0],[-46.299582,-23.777276,0.0]]],[[[-46.299417,-23.777321,0.0],[-46.29941,-23.777295,0.0],[-46.299366,-23.777304,0.0],[-46.299372,-23.77733,0.0],[-46.299417,-23.777321,0.0]]],[[[-46.298705,-23.777156,0.0],[-46.298762,-23.777376,0.0],[-46.298894,-23.777347,0.0],[-46.298837,-23.777127,0.0],[-46.298705,-23.777156,0.0]]],[[[-46.299008,-23.777102,0.0],[-46.299032,-23.777181,0.0],[-46.299118,-23.777161,0.0],[-46.299113,-23.777142,0.0],[-46.299128,-23.777137,0.0],[-46.299133,-23.777158,0.0],[-46.299176,-23.777148,0.0],[-46.299157,-23.777083,0.0],[-46.299101,-23.777098,0.0],[-46.299095,-23.777079,0.0],[-46.299008,-23.777102,0.0]]],[[[-46.299185,-23.777112,0.0],[-46.299193,-23.777144,0.0],[-46.299248,-23.777131,0.0],[-46.299221,-23.777031,0.0],[-46.299188,-23.777038,0.0],[-46.299207,-23.777107,0.0],[-46.299185,-23.777112,0.0]]],[[[-46.298467,-23.777688,0.0],[-46.298434,-23.777695,0.0],[-46.298452,-23.777773,0.0],[-46.298486,-23.777767,0.0],[-46.298467,-23.777688,0.0]]],[[[-46.298673,-23.777677,0.0],[-46.298688,-23.777725,0.0],[-46.298708,-23.77772,0.0],[-46.298695,-23.777672,0.0],[-46.298673,-23.777677,0.0]]],[[[-46.298618,-23.777584,0.0],[-46.298471,-23.777615,0.0],[-46.298485,-23.777666,0.0],[-46.298469,-23.777669,0.0],[-46.298492,-23.777752,0.0],[-46.298667,-23.777712,0.0],[-46.298646,-23.777629,0.0],[-46.298629,-23.777627,0.0],[-46.298618,-23.777584,0.0]]],[[[-46.298518,-23.777501,0.0],[-46.298435,-23.777519,0.0],[-46.298444,-23.777553,0.0],[-46.298492,-23.777541,0.0],[-46.298489,-23.77753,0.0],[-46.298523,-23.777521,0.0],[-46.298518,-23.777501,0.0]]],[[[-46.298523,-23.777521,0.0],[-46.298596,-23.777507,0.0],[-46.298592,-23.777485,0.0],[-46.298518,-23.777501,0.0],[-46.298523,-23.777521,0.0]]],[[[-46.298704,-23.777458,0.0],[-46.298723,-23.777529,0.0],[-46.298776,-23.777516,0.0],[-46.298754,-23.777445,0.0],[-46.298704,-23.777458,0.0]]],[[[-46.298722,-23.7773,0.0],[-46.298673,-23.777311,0.0],[-46.29869,-23.777371,0.0],[-46.298739,-23.777358,0.0],[-46.298722,-23.7773,0.0]]],[[[-46.298503,-23.777354,0.0],[-46.298505,-23.777364,0.0],[-46.29856,-23.777352,0.0],[-46.298545,-23.777293,0.0],[-46.298557,-23.77729,0.0],[-46.298536,-23.777206,0.0],[-46.298449,-23.777225,0.0],[-46.298483,-23.777361,0.0],[-46.298503,-23.777354,0.0]]],[[[-46.298664,-23.777262,0.0],[-46.298697,-23.777251,0.0],[-46.298672,-23.777186,0.0],[-46.298641,-23.777191,0.0],[-46.298664,-23.777262,0.0]]],[[[-46.298636,-23.777178,0.0],[-46.298667,-23.777173,0.0],[-46.29866,-23.777144,0.0],[-46.298629,-23.777152,0.0],[-46.298636,-23.777178,0.0]]],[[[-46.29861,-23.776971,0.0],[-46.298585,-23.776977,0.0],[-46.298597,-23.777011,0.0],[-46.298621,-23.777003,0.0],[-46.29861,-23.776971,0.0]]],[[[-46.298575,-23.776947,0.0],[-46.298585,-23.776977,0.0],[-46.298619,-23.776969,0.0],[-46.298608,-23.776936,0.0],[-46.298575,-23.776947,0.0]]],[[[-46.298737,-23.77677,0.0],[-46.298627,-23.776795,0.0],[-46.298631,-23.776808,0.0],[-46.298612,-23.776812,0.0],[-46.29867,-23.777018,0.0],[-46.298798,-23.776988,0.0],[-46.298737,-23.77677,0.0]]],[[[-46.298547,-23.77685,0.0],[-46.298567,-23.776924,0.0],[-46.298603,-23.776916,0.0],[-46.298585,-23.776842,0.0],[-46.298547,-23.77685,0.0]]]]}},{"type":"Feature","properties":{"uso":"Uso misto","estado_conservacao":"Conservado","fonte":"Mapas Palazzi (catálogo MAPEAMENTO E SHAPEFILES_R01)"},"geometry":{"type":"MultiPolygon","coordinates":[[[[-46.299252,-23.777245,0.0],[-46.299231,-23.77725,0.0],[-46.29924,-23.777282,0.0],[-46.299286,-23.777271,0.0],[-46.299272,-23.777219,0.0],[-46.299246,-23.777225,0.0],[-46.299252,-23.777245,0.0]]],[[[-46.299138,-23.777226,0.0],[-46.299199,-23.777212,0.0],[-46.299186,-23.777166,0.0],[-46.299168,-23.77717,0.0],[-46.299164,-23.777157,0.0],[-46.29912,-23.777167,0.0],[-46.299118,-23.777161,0.0],[-46.299032,-23.777181,0.0],[-46.299055,-23.77726,0.0],[-46.299142,-23.77724,0.0],[-46.299138,-23.777226,0.0]]],[[[-46.299337,-23.777175,0.0],[-46.29932,-23.777113,0.0],[-46.299288,-23.77712,0.0],[-46.299329,-23.77726,0.0],[-46.29937,-23.777251,0.0],[-46.299346,-23.777173,0.0],[-46.299337,-23.777175,0.0]]],[[[-46.299388,-23.77717,0.0],[-46.299451,-23.777157,0.0],[-46.299454,-23.777171,0.0],[-46.299471,-23.777167,0.0],[-46.299477,-23.777194,0.0],[-46.299529,-23.777184,0.0],[-46.299522,-23.777156,0.0],[-46.299543,-23.777151,0.0],[-46.299522,-23.777069,0.0],[-46.299433,-23.777088,0.0],[-46.299438,-23.777111,0.0],[-46.299378,-23.777123,0.0],[-46.299388,-23.77717,0.0]]]]}},{"type":"Feature","properties":{"uso":"Residencial","estado_conservacao":"Conservado","fonte":"Mapas Palazzi (catálogo MAPEAMENTO E SHAPEFILES_R01)"},"geometry":{"type":"MultiPolygon","coordinates":[[[[-46.300678,-23.777572,0.0],[-46.300711,-23.777565,0.0],[-46.300702,-23.777528,0.0],[-46.300669,-23.777535,0.0],[-46.300678,-23.777572,0.0]]],[[[-46.30058,-23.777571,0.0],[-46.30061,-23.777506,0.0],[-46.300584,-23.777495,0.0],[-46.300597,-23.777477,0.0],[-46.30053,-23.777437,0.0],[-46.300486,-23.777498,0.0],[-46.300544,-23.777534,0.0],[-46.300535,-23.777547,0.0],[-46.30058,-23.777571,0.0]]],[[[-46.300957,-23.777525,0.0],[-46.300991,-23.777517,0.0],[-46.300976,-23.77746,0.0],[-46.300942,-23.777468,0.0],[-46.300957,-23.777525,0.0]]],[[[-46.300713,-23.777537,0.0],[-46.30074,-23.77753,0.0],[-46.300734,-23.777507,0.0],[-46.300774,-23.777498,0.0],[-46.300743,-23.777382,0.0],[-46.300676,-23.777397,0.0],[-46.300697,-23.777477,0.0],[-46.300711,-23.777474,0.0],[-46.30072,-23.777505,0.0],[-46.300706,-23.777509,0.0],[-46.300713,-23.777537,0.0]]],[[[-46.300818,-23.777513,0.0],[-46.300885,-23.777498,0.0],[-46.300849,-23.777362,0.0],[-46.300782,-23.777376,0.0],[-46.300818,-23.777513,0.0]]],[[[-46.30092,-23.777346,0.0],[-46.300849,-23.777362,0.0],[-46.300879,-23.777473,0.0],[-46.300943,-23.777459,0.0],[-46.300939,-23.777445,0.0],[-46.300946,-23.777444,0.0],[-46.30092,-23.777346,0.0]]],[[[-46.299797,-23.777158,0.0],[-46.299831,-23.777151,0.0],[-46.299822,-23.777122,0.0],[-46.299789,-23.777131,0.0],[-46.299797,-23.777158,0.0]]],[[[-46.300122,-23.777083,0.0],[-46.300173,-23.77707,0.0],[-46.300168,-23.777051,0.0],[-46.300142,-23.77706,0.0],[-46.300126,-23.777004,0.0],[-46.300098,-23.777011,0.0],[-46.300102,-23.777023,0.0],[-46.300068,-23.777032,0.0],[-46.300081,-23.777077,0.0],[-46.300117,-23.777068,0.0],[-46.300122,-23.777083,0.0]]],[[[-46.300067,-23.776948,0.0],[-46.300083,-23.777005,0.0],[-46.300135,-23.776993,0.0],[-46.300132,-23.776985,0.0],[-46.300141,-23.776983,0.0],[-46.300131,-23.776948,0.0],[-46.300117,-23.776951,0.0],[-46.300112,-23.776931,0.0],[-46.300135,-23.776926,0.0],[-46.300116,-23.776856,0.0],[-46.300035,-23.776875,0.0],[-46.300056,-23.77695,0.0],[-46.300067,-23.776948,0.0]]],[[[-46.299287,-23.776704,0.0],[-46.299316,-23.776804,0.0],[-46.299449,-23.776771,0.0],[-46.29942,-23.776671,0.0],[-46.299191,-23.776728,0.0],[-46.299287,-23.776704,0.0]]]]}},{"type":"Feature","properties":{"uso":"Comercial","estado_conservacao":"Não avaliado","fonte":"Mapas Palazzi (catálogo MAPEAMENTO E SHAPEFILES_R01)"},"geometry":{"type":"MultiPolygon","coordinates":[[[[-46.299421,-23.777009,0.0],[-46.299425,-23.777021,0.0],[-46.299351,-23.77704,0.0],[-46.299367,-23.777095,0.0],[-46.29943,-23.777079,0.0],[-46.299433,-23.777088,0.0],[-46.299522,-23.777069,0.0],[-46.299499,-23.77699,0.0],[-46.299421,-23.777009,0.0]]],[[[-46.299673,-23.777036,0.0],[-46.299686,-23.777033,0.0],[-46.299701,-23.777089,0.0],[-46.299759,-23.777076,0.0],[-46.299757,-23.77707,0.0],[-46.29977,-23.777067,0.0],[-46.299735,-23.776939,0.0],[-46.299653,-23.776957,0.0],[-46.299673,-23.777036,0.0]]]]}},{"type":"Feature","properties":{"uso":"Prestação de serviços","estado_conservacao":"Não avaliado","fonte":"Mapas Palazzi (catálogo MAPEAMENTO E SHAPEFILES_R01)"},"geometry":{"type":"Polygon","coordinates":[[[-46.301072,-23.77917,0.0],[-46.301056,-23.779178,0.0],[-46.301073,-23.779203,0.0],[-46.301085,-23.779196,0.0],[-46.301145,-23.779287,0.0],[-46.301271,-23.779216,0.0],[-46.301214,-23.779131,0.0],[-46.301154,-23.779165,0.0],[-46.301122,-23.779117,0.0],[-46.30106,-23.779152,0.0],[-46.301072,-23.77917,0.0]]]}},{"type":"Feature","properties":{"uso":"Prestação de serviços","estado_conservacao":"Conservado","fonte":"Mapas Palazzi (catálogo MAPEAMENTO E SHAPEFILES_R01)"},"geometry":{"type":"Polygon","coordinates":[[[-46.301702,-23.778904,0.0],[-46.301659,-23.778915,0.0],[-46.301663,-23.778928,0.0],[-46.301637,-23.778936,0.0],[-46.301646,-23.778963,0.0],[-46.301673,-23.778956,0.0],[-46.301682,-23.778982,0.0],[-46.301724,-23.77897,0.0],[-46.301702,-23.778904,0.0]]]}},{"type":"Feature","properties":{"uso":"Uso misto","estado_conservacao":"Conservado","fonte":"Mapas Palazzi (catálogo MAPEAMENTO E SHAPEFILES_R01)"},"geometry":{"type":"MultiPolygon","coordinates":[[[[-46.301437,-23.778785,0.0],[-46.301383,-23.778796,0.0],[-46.301394,-23.778841,0.0],[-46.301409,-23.778838,0.0],[-46.301414,-23.77886,0.0],[-46.301425,-23.778858,0.0],[-46.301435,-23.778899,0.0],[-46.30148,-23.77889,0.0],[-46.301458,-23.778798,0.0],[-46.301441,-23.778802,0.0],[-46.301437,-23.778785,0.0]]],[[[-46.301454,-23.778778,0.0],[-46.30148,-23.77889,0.0],[-46.301523,-23.778881,0.0],[-46.301493,-23.77877,0.0],[-46.301454,-23.778778,0.0]]]]}},{"type":"Feature","properties":{"uso":"Sem dados","estado_conservacao":"Não avaliado","fonte":"Mapas Palazzi (catálogo MAPEAMENTO E SHAPEFILES_R01)"},"geometry":{"type":"Polygon","coordinates":[[[-46.301528,-23.778731,0.0],[-46.301485,-23.77874,0.0],[-46.301493,-23.77877,0.0],[-46.301536,-23.778761,0.0],[-46.301528,-23.778731,0.0]]]}},{"type":"Feature","properties":{"uso":"Público não ocupado","estado_conservacao":"Ruínas / péssimas condições","fonte":"Mapas Palazzi (catálogo MAPEAMENTO E SHAPEFILES_R01)"},"geometry":{"type":"MultiPolygon","coordinates":[[[[-46.301769,-23.778682,0.0],[-46.301718,-23.778696,0.0],[-46.301722,-23.77871,0.0],[-46.301836,-23.778679,0.0],[-46.30182,-23.778628,0.0],[-46.301757,-23.778646,0.0],[-46.301769,-23.778682,0.0]]],[[[-46.301715,-23.778763,0.0],[-46.301851,-23.778726,0.0],[-46.301836,-23.778679,0.0],[-46.3017,-23.778717,0.0],[-46.301715,-23.778763,0.0]]]]}},{"type":"Feature","properties":{"uso":"Público não ocupado","estado_conservacao":"Não avaliado","fonte":"Mapas Palazzi (catálogo MAPEAMENTO E SHAPEFILES_R01)"},"geometry":{"type":"Polygon","coordinates":[[[-46.301591,-23.7787,0.0],[-46.301582,-23.77866,0.0],[-46.301477,-23.778682,0.0],[-46.301486,-23.778721,0.0],[-46.301591,-23.7787,0.0]]]}},{"type":"Feature","properties":{"uso":"Sem dados","estado_conservacao":"Conservado","fonte":"Mapas Palazzi (catálogo MAPEAMENTO E SHAPEFILES_R01)"},"geometry":{"type":"Polygon","coordinates":[[[-46.301341,-23.778662,0.0],[-46.30135,-23.778706,0.0],[-46.301363,-23.778704,0.0],[-46.30136,-23.778689,0.0],[-46.301368,-23.778687,0.0],[-46.301367,-23.778679,0.0],[-46.301382,-23.778676,0.0],[-46.301378,-23.778656,0.0],[-46.301341,-23.778662,0.0]]]}},{"type":"Feature","properties":{"uso":"Público","estado_conservacao":"Conservado","fonte":"Mapas Palazzi (catálogo MAPEAMENTO E SHAPEFILES_R01)"},"geometry":{"type":"MultiPolygon","coordinates":[[[[-46.301279,-23.779064,0.0],[-46.301238,-23.779087,0.0],[-46.301219,-23.779059,0.0],[-46.301181,-23.77908,0.0],[-46.301271,-23.779216,0.0],[-46.301391,-23.779148,0.0],[-46.301305,-23.779023,0.0],[-46.301266,-23.779045,0.0],[-46.301279,-23.779064,0.0]]],[[[-46.301198,-23.778946,0.0],[-46.301122,-23.778988,0.0],[-46.301159,-23.779043,0.0],[-46.301234,-23.779002,0.0],[-46.301198,-23.778946,0.0]]],[[[-46.301863,-23.778881,0.0],[-46.301828,-23.778873,0.0],[-46.301793,-23.778816,0.0],[-46.301708,-23.77886,0.0],[-46.301768,-23.778957,0.0],[-46.301811,-23.778934,0.0],[-46.301801,-23.778912,0.0],[-46.301816,-23.778903,0.0],[-46.301854,-23.778912,0.0],[-46.301863,-23.778881,0.0]]],[[[-46.301085,-23.77875,0.0],[-46.301039,-23.778713,0.0],[-46.300948,-23.778809,0.0],[-46.300994,-23.778846,0.0],[-46.301085,-23.77875,0.0]]],[[[-46.301454,-23.778567,0.0],[-46.301369,-23.778617,0.0],[-46.30139,-23.778647,0.0],[-46.301564,-23.778545,0.0],[-46.301527,-23.778495,0.0],[-46.30144,-23.778546,0.0],[-46.301454,-23.778567,0.0]]],[[[-46.301006,-23.778587,0.0],[-46.301019,-23.778597,0.0],[-46.300879,-23.778745,0.0],[-46.300929,-23.778785,0.0],[-46.301067,-23.778638,0.0],[-46.301075,-23.778644,0.0],[-46.301654,-23.778026,0.0],[-46.301597,-23.777983,0.0],[-46.301553,-23.77803,0.0],[-46.301536,-23.778017,0.0],[-46.301495,-23.778061,0.0],[-46.301508,-23.778072,0.0],[-46.30138,-23.778208,0.0],[-46.301369,-23.778199,0.0],[-46.30135,-23.77822,0.0],[-46.301361,-23.778229,0.0],[-46.301292,-23.778303,0.0],[-46.301281,-23.778294,0.0],[-46.301006,-23.778587,0.0]]],[[[-46.301731,-23.778164,0.0],[-46.3017,-23.778139,0.0],[-46.301719,-23.778118,0.0],[-46.301672,-23.778081,0.0],[-46.30127,-23.778513,0.0],[-46.30135,-23.778577,0.0],[-46.301533,-23.77838,0.0],[-46.301543,-23.778387,0.0],[-46.301725,-23.778191,0.0],[-46.301714,-23.778182,0.0],[-46.301731,-23.778164,0.0]]],[[[-46.300637,-23.778092,0.0],[-46.3006,-23.778056,0.0],[-46.300519,-23.778126,0.0],[-46.300556,-23.778162,0.0],[-46.300637,-23.778092,0.0]]],[[[-46.300102,-23.778208,0.0],[-46.300191,-23.778073,0.0],[-46.300178,-23.778043,0.0],[-46.300122,-23.777997,0.0],[-46.300016,-23.77816,0.0],[-46.300102,-23.778208,0.0]]],[[[-46.300669,-23.778056,0.0],[-46.300697,-23.778083,0.0],[-46.300647,-23.778127,0.0],[-46.300637,-23.778117,0.0],[-46.300608,-23.778142,0.0],[-46.30065,-23.778183,0.0],[-46.300626,-23.778203,0.0],[-46.300657,-23.778234,0.0],[-46.300766,-23.778139,0.0],[-46.300791,-23.778163,0.0],[-46.300892,-23.778071,0.0],[-46.300778,-23.777961,0.0],[-46.300669,-23.778056,0.0]]],[[[-46.299908,-23.777292,0.0],[-46.29983,-23.777312,0.0],[-46.299863,-23.777436,0.0],[-46.299943,-23.777417,0.0],[-46.299908,-23.777292,0.0]]],[[[-46.299908,-23.777292,0.0],[-46.299943,-23.777417,0.0],[-46.300002,-23.777402,0.0],[-46.299966,-23.777278,0.0],[-46.299908,-23.777292,0.0]]],[[[-46.30004,-23.777315,0.0],[-46.300018,-23.777321,0.0],[-46.300003,-23.777269,0.0],[-46.299967,-23.777278,0.0],[-46.300002,-23.777402,0.0],[-46.30006,-23.777388,0.0],[-46.30004,-23.777315,0.0]]]]}},{"type":"Feature","properties":{"uso":"Público não ocupado","estado_conservacao":"Ruínas / péssimas condições","fonte":"Mapas Palazzi (catálogo MAPEAMENTO E SHAPEFILES_R01)"},"geometry":{"type":"MultiPolygon","coordinates":[[[[-46.300394,-23.779814,0.0],[-46.30036,-23.779832,0.0],[-46.300433,-23.779953,0.0],[-46.300466,-23.779933,0.0],[-46.300394,-23.779814,0.0]]],[[[-46.301029,-23.779753,0.0],[-46.301002,-23.779713,0.0],[-46.300985,-23.779721,0.0],[-46.300974,-23.779704,0.0],[-46.300887,-23.779749,0.0],[-46.300929,-23.77981,0.0],[-46.301029,-23.779753,0.0]]],[[[-46.301097,-23.779714,0.0],[-46.301205,-23.779653,0.0],[-46.30119,-23.779624,0.0],[-46.301211,-23.779612,0.0],[-46.301189,-23.779578,0.0],[-46.301057,-23.779656,0.0],[-46.301097,-23.779714,0.0]]],[[[-46.301529,-23.779326,0.0],[-46.301479,-23.779346,0.0],[-46.301486,-23.779359,0.0],[-46.301495,-23.779356,0.0],[-46.3015,-23.779366,0.0],[-46.30154,-23.77935,0.0],[-46.301529,-23.779326,0.0]]],[[[-46.301667,-23.779269,0.0],[-46.301534,-23.779321,0.0],[-46.301548,-23.779353,0.0],[-46.301681,-23.7793,0.0],[-46.301667,-23.779269,0.0]]],[[[-46.300522,-23.777286,0.0],[-46.300609,-23.777267,0.0],[-46.300577,-23.777145,0.0],[-46.300493,-23.777162,0.0],[-46.300522,-23.777286,0.0]]],[[[-46.300477,-23.777112,0.0],[-46.300526,-23.777101,0.0],[-46.300514,-23.777052,0.0],[-46.300466,-23.777063,0.0],[-46.300477,-23.777112,0.0]]],[[[-46.300799,-23.776895,0.0],[-46.30081,-23.77693,0.0],[-46.300841,-23.776923,0.0],[-46.300832,-23.776886,0.0],[-46.300799,-23.776895,0.0]]],[[[-46.300785,-23.7767,0.0],[-46.300735,-23.776711,0.0],[-46.300756,-23.776792,0.0],[-46.300764,-23.776791,0.0],[-46.300777,-23.776839,0.0],[-46.300787,-23.776837,0.0],[-46.300792,-23.776856,0.0],[-46.300823,-23.776849,0.0],[-46.300785,-23.7767,0.0]]],[[[-46.300483,-23.77615,0.0],[-46.300494,-23.776148,0.0],[-46.300472,-23.776072,0.0],[-46.300374,-23.776096,0.0],[-46.300417,-23.776221,0.0],[-46.300498,-23.776202,0.0],[-46.300483,-23.77615,0.0]]],[[[-46.300288,-23.779138,0.0],[-46.3003,-23.779159,0.0],[-46.300265,-23.77918,0.0],[-46.300275,-23.7792,0.0],[-46.300362,-23.77915,0.0],[-46.300334,-23.779109,0.0],[-46.300288,-23.779138,0.0]]],[[[-46.299795,-23.778274,0.0],[-46.299785,-23.77827,0.0],[-46.299822,-23.778214,0.0],[-46.299748,-23.778173,0.0],[-46.299743,-23.77818,0.0],[-46.29969,-23.77815,0.0],[-46.299662,-23.778193,0.0],[-46.299714,-23.778222,0.0],[-46.299693,-23.778254,0.0],[-46.299638,-23.778224,0.0],[-46.29961,-23.778267,0.0],[-46.299665,-23.778297,0.0],[-46.29966,-23.778304,0.0],[-46.299745,-23.778351,0.0],[-46.299795,-23.778274,0.0]]],[[[-46.29952,-23.778222,0.0],[-46.29955,-23.778238,0.0],[-46.299605,-23.778155,0.0],[-46.299575,-23.778138,0.0],[-46.29952,-23.778222,0.0]]],[[[-46.299626,-23.778144,0.0],[-46.299583,-23.778206,0.0],[-46.299606,-23.77822,0.0],[-46.29965,-23.778158,0.0],[-46.299626,-23.778144,0.0]]],[[[-46.300175,-23.777212,0.0],[-46.300215,-23.777352,0.0],[-46.300256,-23.777342,0.0],[-46.300219,-23.777201,0.0],[-46.300175,-23.777212,0.0]]],[[[-46.300288,-23.776554,0.0],[-46.300309,-23.77663,0.0],[-46.30036,-23.776618,0.0],[-46.300316,-23.77645,0.0],[-46.300277,-23.776459,0.0],[-46.300289,-23.776503,0.0],[-46.300279,-23.776505,0.0],[-46.300293,-23.776553,0.0],[-46.300288,-23.776554,0.0]]],[[[-46.300311,-23.776429,0.0],[-46.30036,-23.776618,0.0],[-46.30041,-23.776606,0.0],[-46.30039,-23.77653,0.0],[-46.300382,-23.776532,0.0],[-46.300368,-23.776479,0.0],[-46.300356,-23.776482,0.0],[-46.300341,-23.776423,0.0],[-46.300311,-23.776429,0.0]]],[[[-46.30025,-23.776358,0.0],[-46.300287,-23.776349,0.0],[-46.300278,-23.776315,0.0],[-46.30024,-23.776324,0.0],[-46.30025,-23.776358,0.0]]],[[[-46.300287,-23.776349,0.0],[-46.30032,-23.776341,0.0],[-46.300309,-23.7763,0.0],[-46.300276,-23.776308,0.0],[-46.300287,-23.776349,0.0]]],[[[-46.300205,-23.776213,0.0],[-46.30022,-23.776267,0.0],[-46.300228,-23.776265,0.0],[-46.300235,-23.77629,0.0],[-46.300302,-23.776274,0.0],[-46.300295,-23.77625,0.0],[-46.300305,-23.776248,0.0],[-46.30029,-23.776196,0.0],[-46.300299,-23.776194,0.0],[-46.300278,-23.776118,0.0],[-46.300175,-23.776142,0.0],[-46.300196,-23.776215,0.0],[-46.300205,-23.776213,0.0]]]]}},{"type":"Feature","properties":{"uso":"Hotelaria / Turismo","estado_conservacao":"Ruínas / péssimas condições","fonte":"Mapas Palazzi (catálogo MAPEAMENTO E SHAPEFILES_R01)"},"geometry":{"type":"MultiPolygon","coordinates":[[[[-46.301663,-23.777745,0.0],[-46.301559,-23.777769,0.0],[-46.301577,-23.777837,0.0],[-46.301682,-23.777813,0.0],[-46.301663,-23.777745,0.0]]],[[[-46.301541,-23.777677,0.0],[-46.301549,-23.77771,0.0],[-46.301518,-23.777717,0.0],[-46.301526,-23.777745,0.0],[-46.30158,-23.777733,0.0],[-46.301588,-23.777762,0.0],[-46.301663,-23.777745,0.0],[-46.301637,-23.777654,0.0],[-46.301541,-23.777677,0.0]]],[[[-46.301637,-23.777654,0.0],[-46.301621,-23.777595,0.0],[-46.301485,-23.777625,0.0],[-46.301501,-23.777686,0.0],[-46.301637,-23.777654,0.0]]]]}},{"type":"Feature","properties":{"uso":"Uso misto","estado_conservacao":"Não avaliado","fonte":"Mapas Palazzi (catálogo MAPEAMENTO E SHAPEFILES_R01)"},"geometry":{"type":"Polygon","coordinates":[[[-46.298737,-23.777579,0.0],[-46.298743,-23.777605,0.0],[-46.29879,-23.777595,0.0],[-46.298783,-23.777568,0.0],[-46.298737,-23.777579,0.0]]]}},{"type":"Feature","properties":{"uso":"Uso misto","estado_conservacao":"Não avaliado","fonte":"Mapas Palazzi (catálogo MAPEAMENTO E SHAPEFILES_R01)"},"geometry":{"type":"Polygon","coordinates":[[[-46.298959,-23.777582,0.0],[-46.298944,-23.777533,0.0],[-46.298814,-23.777561,0.0],[-46.298826,-23.777612,0.0],[-46.298959,-23.777582,0.0]]]}},{"type":"Feature","properties":{"uso":"Residencial","estado_conservacao":"Não avaliado","fonte":"Mapas Palazzi (catálogo MAPEAMENTO E SHAPEFILES_R01)"},"geometry":{"type":"Polygon","coordinates":[[[-46.298777,-23.777543,0.0],[-46.29873,-23.777553,0.0],[-46.298736,-23.777578,0.0],[-46.298784,-23.777569,0.0],[-46.298777,-23.777543,0.0]]]}},{"type":"Feature","properties":{"uso":"Esporte","estado_conservacao":"Não avaliado","fonte":"Mapas Palazzi (catálogo MAPEAMENTO E SHAPEFILES_R01)"},"geometry":{"type":"Polygon","coordinates":[[[-46.298051,-23.776814,0.0],[-46.29783,-23.776864,0.0],[-46.297822,-23.776835,0.0],[-46.297717,-23.776859,0.0],[-46.297722,-23.776878,0.0],[-46.297484,-23.776931,0.0],[-46.297717,-23.777812,0.0],[-46.29794,-23.777762,0.0],[-46.297946,-23.777787,0.0],[-46.298055,-23.777763,0.0],[-46.29805,-23.777745,0.0],[-46.298283,-23.777693,0.0],[-46.298051,-23.776814,0.0]]]}},{"type":"Feature","properties":{"uso":"Uso misto","estado_conservacao":"Não avaliado","fonte":"Mapas Palazzi (catálogo MAPEAMENTO E SHAPEFILES_R01)"},"geometry":{"type":"Polygon","coordinates":[[[-46.297184,-23.777274,0.0],[-46.297203,-23.777339,0.0],[-46.297275,-23.777322,0.0],[-46.297272,-23.777309,0.0],[-46.2973,-23.777301,0.0],[-46.297296,-23.777289,0.0],[-46.297315,-23.777283,0.0],[-46.297303,-23.777243,0.0],[-46.297184,-23.777274,0.0]]]}},{"type":"Feature","properties":{"uso":"Sem dados","estado_conservacao":"Não avaliado","fonte":"Mapas Palazzi (catálogo MAPEAMENTO E SHAPEFILES_R01)"},"geometry":{"type":"Polygon","coordinates":[[[-46.297462,-23.777215,0.0],[-46.297482,-23.777263,0.0],[-46.297521,-23.777249,0.0],[-46.297501,-23.777201,0.0],[-46.297462,-23.777215,0.0]]]}},{"type":"Feature","properties":{"uso":"Uso misto","estado_conservacao":"Não avaliado","fonte":"Mapas Palazzi (catálogo MAPEAMENTO E SHAPEFILES_R01)"},"geometry":{"type":"MultiPolygon","coordinates":[[[[-46.297338,-23.777219,0.0],[-46.297338,-23.77722,0.0],[-46.297338,-23.77722,0.0],[-46.297338,-23.777219,0.0]]],[[[-46.2973,-23.777196,0.0],[-46.297328,-23.77719,0.0],[-46.297338,-23.777219,0.0],[-46.297328,-23.777189,0.0],[-46.2973,-23.777196,0.0]]],[[[-46.29731,-23.777225,0.0],[-46.2973,-23.777196,0.0],[-46.29731,-23.777225,0.0],[-46.29731,-23.777225,0.0]]],[[[-46.297347,-23.777249,0.0],[-46.297338,-23.77722,0.0],[-46.29731,-23.777225,0.0],[-46.297321,-23.777256,0.0],[-46.297347,-23.777249,0.0]]]]}},{"type":"Feature","properties":{"uso":"Residencial","estado_conservacao":"Não avaliado","fonte":"Mapas Palazzi (catálogo MAPEAMENTO E SHAPEFILES_R01)"},"geometry":{"type":"Polygon","coordinates":[[[-46.297233,-23.77717,0.0],[-46.29723,-23.777159,0.0],[-46.297158,-23.777177,0.0],[-46.297174,-23.777236,0.0],[-46.297276,-23.777213,0.0],[-46.297262,-23.777163,0.0],[-46.297233,-23.77717,0.0]]]}},{"type":"Feature","properties":{"uso":"Público","estado_conservacao":"Conservado","fonte":"Mapas Palazzi (catálogo MAPEAMENTO E SHAPEFILES_R01)"},"geometry":{"type":"MultiPolygon","coordinates":[[[[-46.298399,-23.777325,0.0],[-46.298413,-23.777382,0.0],[-46.298463,-23.777371,0.0],[-46.298448,-23.777312,0.0],[-46.29847,-23.777307,0.0],[-46.298449,-23.777225,0.0],[-46.298359,-23.777245,0.0],[-46.29838,-23.777329,0.0],[-46.298399,-23.777325,0.0]]],[[[-46.297232,-23.777047,0.0],[-46.297219,-23.776997,0.0],[-46.29719,-23.777004,0.0],[-46.297187,-23.776994,0.0],[-46.297116,-23.777013,0.0],[-46.29713,-23.77707,0.0],[-46.297232,-23.777047,0.0]]]]}},{"type":"Feature","properties":{"uso":"Uso misto","estado_conservacao":"Não avaliado","fonte":"Mapas Palazzi (catálogo MAPEAMENTO E SHAPEFILES_R01)"},"geometry":{"type":"MultiPolygon","coordinates":[[[[-46.29723,-23.777159,0.0],[-46.297227,-23.777147,0.0],[-46.297255,-23.777139,0.0],[-46.297239,-23.777089,0.0],[-46.29714,-23.777116,0.0],[-46.297158,-23.777177,0.0],[-46.29723,-23.777159,0.0]]],[[[-46.297292,-23.777061,0.0],[-46.297263,-23.777066,0.0],[-46.297268,-23.777098,0.0],[-46.297298,-23.777093,0.0],[-46.297292,-23.777061,0.0]]]]}},{"type":"Feature","properties":{"uso":"Sem dados","estado_conservacao":"Não avaliado","fonte":"Mapas Palazzi (catálogo MAPEAMENTO E SHAPEFILES_R01)"},"geometry":{"type":"Polygon","coordinates":[[[-46.298322,-23.7771,0.0],[-46.298409,-23.777078,0.0],[-46.298385,-23.776993,0.0],[-46.298368,-23.776999,0.0],[-46.29835,-23.776938,0.0],[-46.298296,-23.776951,0.0],[-46.298313,-23.777008,0.0],[-46.298296,-23.777012,0.0],[-46.298322,-23.7771,0.0]]]}},{"type":"Feature","properties":{"uso":"Comercial","estado_conservacao":"Não avaliado","fonte":"Mapas Palazzi (catálogo MAPEAMENTO E SHAPEFILES_R01)"},"geometry":{"type":"Polygon","coordinates":[[[-46.298296,-23.776951,0.0],[-46.298313,-23.777008,0.0],[-46.298296,-23.777012,0.0],[-46.298322,-23.7771,0.0],[-46.298495,-23.777057,0.0],[-46.298473,-23.776974,0.0],[-46.298458,-23.776978,0.0],[-46.298442,-23.776919,0.0],[-46.298392,-23.77693,0.0],[-46.298408,-23.776988,0.0],[-46.298368,-23.776999,0.0],[-46.29835,-23.776938,0.0],[-46.298296,-23.776951,0.0]]]}},{"type":"Feature","properties":{"uso":"Hotelaria / Turismo","estado_conservacao":"Não avaliado","fonte":"Mapas Palazzi (catálogo MAPEAMENTO E SHAPEFILES_R01)"},"geometry":{"type":"Polygon","coordinates":[[[-46.298278,-23.776975,0.0],[-46.298246,-23.776983,0.0],[-46.298254,-23.777012,0.0],[-46.298286,-23.777004,0.0],[-46.298278,-23.776975,0.0]]]}},{"type":"Feature","properties":{"uso":"Sem dados","estado_conservacao":"Não avaliado","fonte":"Mapas Palazzi (catálogo MAPEAMENTO E SHAPEFILES_R01)"},"geometry":{"type":"MultiPolygon","coordinates":[[[[-46.298367,-23.77685,0.0],[-46.298329,-23.776859,0.0],[-46.298336,-23.776884,0.0],[-46.298374,-23.776876,0.0],[-46.298367,-23.77685,0.0]]],[[[-46.298949,-23.776873,0.0],[-46.298941,-23.77684,0.0],[-46.298901,-23.776849,0.0],[-46.29891,-23.776883,0.0],[-46.298949,-23.776873,0.0]]]]}},{"type":"Feature","properties":{"uso":"Residencial","estado_conservacao":"Conservado","fonte":"Mapas Palazzi (catálogo MAPEAMENTO E SHAPEFILES_R01)"},"geometry":{"type":"MultiPolygon","coordinates":[[[[-46.29722,-23.776906,0.0],[-46.297249,-23.776899,0.0],[-46.297239,-23.776867,0.0],[-46.29721,-23.776875,0.0],[-46.29722,-23.776906,0.0]]],[[[-46.297209,-23.776909,0.0],[-46.297188,-23.776834,0.0],[-46.297209,-23.776909,0.0],[-46.297111,-23.776931,0.0],[-46.297105,-23.776909,0.0],[-46.297098,-23.77691,0.0],[-46.297111,-23.776931,0.0],[-46.297209,-23.776909,0.0]]],[[[-46.297075,-23.776851,0.0],[-46.297186,-23.776825,0.0],[-46.297188,-23.776834,0.0],[-46.297186,-23.776825,0.0],[-46.297075,-23.776851,0.0]]],[[[-46.297271,-23.776828,0.0],[-46.297294,-23.776822,0.0],[-46.297288,-23.776803,0.0],[-46.297265,-23.77681,0.0],[-46.297271,-23.776828,0.0]]],[[[-46.297048,-23.776792,0.0],[-46.297063,-23.776854,0.0],[-46.297169,-23.776829,0.0],[-46.297152,-23.776768,0.0],[-46.297048,-23.776792,0.0]]],[[[-46.29718,-23.776761,0.0],[-46.297187,-23.776794,0.0],[-46.297215,-23.776789,0.0],[-46.297209,-23.776756,0.0],[-46.29718,-23.776761,0.0]]],[[[-46.296798,-23.776946,0.0],[-46.296789,-23.776918,0.0],[-46.296755,-23.776927,0.0],[-46.296751,-23.776915,0.0],[-46.296692,-23.77693,0.0],[-46.296704,-23.776967,0.0],[-46.296798,-23.776946,0.0]]],[[[-46.296851,-23.776922,0.0],[-46.296857,-23.776944,0.0],[-46.296839,-23.776948,0.0],[-46.296835,-23.776937,0.0],[-46.29681,-23.776943,0.0],[-46.29682,-23.776979,0.0],[-46.296836,-23.776975,0.0],[-46.296843,-23.777,0.0],[-46.296949,-23.776976,0.0],[-46.296914,-23.776852,0.0],[-46.296796,-23.776879,0.0],[-46.296811,-23.776931,0.0],[-46.296851,-23.776922,0.0]]],[[[-46.29708,-23.776915,0.0],[-46.297098,-23.77691,0.0],[-46.297063,-23.776854,0.0],[-46.29708,-23.776915,0.0]]],[[[-46.297075,-23.776851,0.0],[-46.297063,-23.776854,0.0],[-46.297063,-23.776854,0.0],[-46.297075,-23.776851,0.0]]],[[[-46.296811,-23.776769,0.0],[-46.296812,-23.776775,0.0],[-46.296787,-23.77678,0.0],[-46.2968,-23.77683,0.0],[-46.296904,-23.776807,0.0],[-46.296889,-23.776751,0.0],[-46.296811,-23.776769,0.0]]],[[[-46.296773,-23.776779,0.0],[-46.296763,-23.776743,0.0],[-46.296776,-23.77674,0.0],[-46.296781,-23.776762,0.0],[-46.296808,-23.776756,0.0],[-46.296811,-23.776769,0.0],[-46.296889,-23.776751,0.0],[-46.296872,-23.776688,0.0],[-46.296785,-23.776708,0.0],[-46.29678,-23.77669,0.0],[-46.296743,-23.776699,0.0],[-46.296756,-23.776748,0.0],[-46.296716,-23.776758,0.0],[-46.296702,-23.776708,0.0],[-46.296642,-23.776722,0.0],[-46.296664,-23.776803,0.0],[-46.296773,-23.776779,0.0]]]]}},{"type":"Feature","properties":{"uso":"Hotelaria / Turismo","estado_conservacao":"Não avaliado","fonte":"Mapas Palazzi (catálogo MAPEAMENTO E SHAPEFILES_R01)"},"geometry":{"type":"Polygon","coordinates":[[[-46.298332,-23.776796,0.0],[-46.298369,-23.776787,0.0],[-46.298361,-23.776761,0.0],[-46.298325,-23.776769,0.0],[-46.298332,-23.776796,0.0]]]}},{"type":"Feature","properties":{"uso":"Comercial","estado_conservacao":"Ruínas / péssimas condições","fonte":"Mapas Palazzi (catálogo MAPEAMENTO E SHAPEFILES_R01)"},"geometry":{"type":"Polygon","coordinates":[[[-46.29791,-23.776752,0.0],[-46.297914,-23.77677,0.0],[-46.29801,-23.776747,0.0],[-46.298006,-23.776732,0.0],[-46.29803,-23.776726,0.0],[-46.298006,-23.776646,0.0],[-46.297828,-23.776688,0.0],[-46.29784,-23.776728,0.0],[-46.297862,-23.77672,0.0],[-46.297879,-23.776759,0.0],[-46.29791,-23.776752,0.0]]]}},{"type":"Feature","properties":{"uso":"Hotelaria / Turismo","estado_conservacao":"Não avaliado","fonte":"Mapas Palazzi (catálogo MAPEAMENTO E SHAPEFILES_R01)"},"geometry":{"type":"Polygon","coordinates":[[[-46.298319,-23.776559,0.0],[-46.298272,-23.776571,0.0],[-46.298305,-23.776696,0.0],[-46.298346,-23.776686,0.0],[-46.298331,-23.776636,0.0],[-46.298341,-23.776633,0.0],[-46.298319,-23.776559,0.0]]]}},{"type":"Feature","properties":{"uso":"Residencial","estado_conservacao":"Conservado","fonte":"Mapas Palazzi (catálogo MAPEAMENTO E SHAPEFILES_R01)"},"geometry":{"type":"MultiPolygon","coordinates":[[[[-46.298538,-23.776676,0.0],[-46.298506,-23.776684,0.0],[-46.298515,-23.776715,0.0],[-46.298538,-23.77671,0.0],[-46.298545,-23.776736,0.0],[-46.29872,-23.776695,0.0],[-46.298703,-23.776637,0.0],[-46.298538,-23.776676,0.0]]],[[[-46.298538,-23.776676,0.0],[-46.298526,-23.776644,0.0],[-46.298497,-23.776653,0.0],[-46.298506,-23.776684,0.0],[-46.298538,-23.776676,0.0]]],[[[-46.298682,-23.776561,0.0],[-46.298674,-23.776531,0.0],[-46.298542,-23.776563,0.0],[-46.298572,-23.776668,0.0],[-46.298703,-23.776637,0.0],[-46.298703,-23.776637,0.0],[-46.298696,-23.77661,0.0],[-46.298741,-23.7766,0.0],[-46.298727,-23.77655,0.0],[-46.298682,-23.776561,0.0]]],[[[-46.298478,-23.776578,0.0],[-46.298531,-23.776566,0.0],[-46.298509,-23.776483,0.0],[-46.298449,-23.776497,0.0],[-46.298466,-23.776561,0.0],[-46.298473,-23.776559,0.0],[-46.298478,-23.776578,0.0]]],[[[-46.298516,-23.776508,0.0],[-46.298531,-23.776566,0.0],[-46.298674,-23.776531,0.0],[-46.298658,-23.776474,0.0],[-46.298516,-23.776508,0.0]]]]}},{"type":"Feature","properties":{"uso":"Residencial","estado_conservacao":"Conservado","fonte":"Mapas Palazzi (catálogo MAPEAMENTO E SHAPEFILES_R01)"},"geometry":{"type":"MultiPolygon","coordinates":[[[[-46.297221,-23.776626,0.0],[-46.29719,-23.776611,0.0],[-46.297182,-23.776625,0.0],[-46.297192,-23.77663,0.0],[-46.297176,-23.77666,0.0],[-46.297197,-23.77667,0.0],[-46.297221,-23.776626,0.0]]],[[[-46.296861,-23.776649,0.0],[-46.296844,-23.776589,0.0],[-46.296765,-23.776607,0.0],[-46.296768,-23.776617,0.0],[-46.296752,-23.776621,0.0],[-46.29675,-23.77661,0.0],[-46.296732,-23.776615,0.0],[-46.29671,-23.77662,0.0],[-46.296724,-23.776668,0.0],[-46.296753,-23.776662,0.0],[-46.296756,-23.776673,0.0],[-46.296861,-23.776649,0.0]]],[[[-46.297082,-23.776593,0.0],[-46.297135,-23.776621,0.0],[-46.297153,-23.776593,0.0],[-46.2971,-23.776565,0.0],[-46.297082,-23.776593,0.0]]],[[[-46.297001,-23.776562,0.0],[-46.297034,-23.776571,0.0],[-46.297044,-23.776541,0.0],[-46.297011,-23.776532,0.0],[-46.297001,-23.776562,0.0]]],[[[-46.297145,-23.77657,0.0],[-46.297194,-23.776596,0.0],[-46.297249,-23.776509,0.0],[-46.297131,-23.776446,0.0],[-46.297069,-23.776546,0.0],[-46.297092,-23.776559,0.0],[-46.297101,-23.776544,0.0],[-46.297126,-23.776558,0.0],[-46.297139,-23.776537,0.0],[-46.297159,-23.776548,0.0],[-46.297145,-23.77657,0.0]]],[[[-46.297013,-23.776403,0.0],[-46.296987,-23.776473,0.0],[-46.297064,-23.776497,0.0],[-46.29709,-23.776427,0.0],[-46.297013,-23.776403,0.0]]],[[[-46.296787,-23.776803,0.0],[-46.29678,-23.776777,0.0],[-46.296716,-23.776791,0.0],[-46.296725,-23.776819,0.0],[-46.296787,-23.776803,0.0]]],[[[-46.296732,-23.776615,0.0],[-46.296723,-23.776585,0.0],[-46.296663,-23.776601,0.0],[-46.296672,-23.776629,0.0],[-46.296732,-23.776615,0.0]]],[[[-46.296762,-23.776596,0.0],[-46.296765,-23.776607,0.0],[-46.296844,-23.776589,0.0],[-46.296826,-23.776524,0.0],[-46.296723,-23.776548,0.0],[-46.296725,-23.776555,0.0],[-46.296709,-23.776559,0.0],[-46.296715,-23.776581,0.0],[-46.29673,-23.776577,0.0],[-46.296737,-23.776601,0.0],[-46.296762,-23.776596,0.0]]],[[[-46.296627,-23.776466,0.0],[-46.296576,-23.776477,0.0],[-46.296586,-23.776511,0.0],[-46.296637,-23.776498,0.0],[-46.296627,-23.776466,0.0]]],[[[-46.296546,-23.776371,0.0],[-46.296576,-23.776477,0.0],[-46.296699,-23.776449,0.0],[-46.296696,-23.776439,0.0],[-46.296719,-23.776433,0.0],[-46.296725,-23.776454,0.0],[-46.296696,-23.776461,0.0],[-46.296711,-23.776513,0.0],[-46.296818,-23.776488,0.0],[-46.296783,-23.776365,0.0],[-46.296661,-23.776394,0.0],[-46.296675,-23.776441,0.0],[-46.296656,-23.776446,0.0],[-46.296652,-23.776432,0.0],[-46.296624,-23.776439,0.0],[-46.29662,-23.776423,0.0],[-46.296614,-23.776424,0.0],[-46.296595,-23.776359,0.0],[-46.296546,-23.776371,0.0]]]]}},{"type":"Feature","properties":{"uso":"Residencial","estado_conservacao":"Ruínas / péssimas condições","fonte":"Mapas Palazzi (catálogo MAPEAMENTO E SHAPEFILES_R01)"},"geometry":{"type":"MultiPolygon","coordinates":[[[[-46.298305,-23.776774,0.0],[-46.298313,-23.776801,0.0],[-46.298332,-23.776796,0.0],[-46.298325,-23.776769,0.0],[-46.298305,-23.776774,0.0]]],[[[-46.298272,-23.776571,0.0],[-46.298218,-23.776585,0.0],[-46.298239,-23.776656,0.0],[-46.298251,-23.776653,0.0],[-46.298266,-23.776706,0.0],[-46.298305,-23.776696,0.0],[-46.298272,-23.776571,0.0]]],[[[-46.29796,-23.776335,0.0],[-46.297957,-23.776321,0.0],[-46.297866,-23.77634,0.0],[-46.297876,-23.776381,0.0],[-46.297842,-23.776389,0.0],[-46.297869,-23.776496,0.0],[-46.298006,-23.776467,0.0],[-46.297978,-23.776359,0.0],[-46.297943,-23.776367,0.0],[-46.29794,-23.776353,0.0],[-46.297934,-23.776354,0.0],[-46.297931,-23.776341,0.0],[-46.29796,-23.776335,0.0]],[[-46.297916,-23.776395,0.0],[-46.297919,-23.776407,0.0],[-46.297918,-23.776407,0.0],[-46.297916,-23.776395,0.0]],[[-46.297913,-23.776383,0.0],[-46.297913,-23.776383,0.0],[-46.297916,-23.776395,0.0],[-46.297913,-23.776383,0.0]]],[[[-46.298132,-23.776284,0.0],[-46.298066,-23.776297,0.0],[-46.298076,-23.776337,0.0],[-46.298032,-23.776346,0.0],[-46.298058,-23.776455,0.0],[-46.298193,-23.776427,0.0],[-46.298167,-23.776318,0.0],[-46.298142,-23.776323,0.0],[-46.298132,-23.776284,0.0]]],[[[-46.298271,-23.776249,0.0],[-46.29824,-23.776257,0.0],[-46.298252,-23.776305,0.0],[-46.298216,-23.776313,0.0],[-46.298243,-23.776413,0.0],[-46.298309,-23.776398,0.0],[-46.298271,-23.776249,0.0]]],[[[-46.298213,-23.776307,0.0],[-46.298223,-23.776305,0.0],[-46.298213,-23.776264,0.0],[-46.298179,-23.776271,0.0],[-46.298191,-23.776318,0.0],[-46.298216,-23.776313,0.0],[-46.298213,-23.776307,0.0]]]]}},{"type":"Feature","properties":{"uso":"Prestação de serviços","estado_conservacao":"Não avaliado","fonte":"Mapas Palazzi (catálogo MAPEAMENTO E SHAPEFILES_R01)"},"geometry":{"type":"Polygon","coordinates":[[[-46.298378,-23.776382,0.0],[-46.298349,-23.776275,0.0],[-46.298316,-23.776283,0.0],[-46.2983,-23.776243,0.0],[-46.298271,-23.776249,0.0],[-46.298309,-23.776398,0.0],[-46.298378,-23.776382,0.0]]]}},{"type":"Feature","properties":{"uso":"Esporte","estado_conservacao":"Não avaliado","fonte":"Mapas Palazzi (catálogo MAPEAMENTO E SHAPEFILES_R01)"},"geometry":{"type":"Polygon","coordinates":[[[-46.298524,-23.775884,0.0],[-46.298598,-23.776149,0.0],[-46.298803,-23.776104,0.0],[-46.298728,-23.775839,0.0],[-46.298524,-23.775884,0.0]]]}},{"type":"Feature","properties":{"uso":"Comercial","estado_conservacao":"Conservado","fonte":"Mapas Palazzi (catálogo MAPEAMENTO E SHAPEFILES_R01)"},"geometry":{"type":"MultiPolygon","coordinates":[[[[-46.299875,-23.777084,0.0],[-46.299889,-23.777138,0.0],[-46.299986,-23.777113,0.0],[-46.29998,-23.777087,0.0],[-46.299944,-23.777096,0.0],[-46.299937,-23.777069,0.0],[-46.299875,-23.777084,0.0]]],[[[-46.300057,-23.777043,0.0],[-46.300022,-23.77705,0.0],[-46.300027,-23.777074,0.0],[-46.300008,-23.777078,0.0],[-46.300011,-23.77709,0.0],[-46.299982,-23.777096,0.0],[-46.299986,-23.777113,0.0],[-46.30007,-23.777095,0.0],[-46.300057,-23.777043,0.0]]],[[[-46.299993,-23.777024,0.0],[-46.300038,-23.777013,0.0],[-46.300021,-23.776957,0.0],[-46.300031,-23.776954,0.0],[-46.300008,-23.776878,0.0],[-46.299927,-23.776899,0.0],[-46.299946,-23.77697,0.0],[-46.299974,-23.776963,0.0],[-46.299993,-23.777024,0.0]]]]}},{"type":"Feature","properties":{"uso":"Hotelaria / Turismo","estado_conservacao":"Não avaliado","fonte":"Mapas Palazzi (catálogo MAPEAMENTO E SHAPEFILES_R01)"},"geometry":{"type":"Polygon","coordinates":[[[-46.299755,-23.777013,0.0],[-46.299783,-23.777005,0.0],[-46.299802,-23.777068,0.0],[-46.299849,-23.777056,0.0],[-46.299832,-23.777,0.0],[-46.299841,-23.776998,0.0],[-46.299817,-23.776917,0.0],[-46.299735,-23.776939,0.0],[-46.299755,-23.777013,0.0]]]}},{"type":"Feature","properties":{"uso":"Comercial","estado_conservacao":"Conservado","fonte":"Mapas Palazzi (catálogo MAPEAMENTO E SHAPEFILES_R01)"},"geometry":{"type":"Polygon","coordinates":[[[-46.299927,-23.776899,0.0],[-46.299847,-23.776918,0.0],[-46.299868,-23.776992,0.0],[-46.299877,-23.77699,0.0],[-46.299893,-23.777046,0.0],[-46.299926,-23.777039,0.0],[-46.299929,-23.777049,0.0],[-46.299966,-23.777041,0.0],[-46.299927,-23.776899,0.0]]]}},{"type":"Feature","properties":{"uso":"Hotelaria / Turismo","estado_conservacao":"Conservado","fonte":"Mapas Palazzi (catálogo MAPEAMENTO E SHAPEFILES_R01)"},"geometry":{"type":"Polygon","coordinates":[[[-46.299316,-23.776804,0.0],[-46.299332,-23.776858,0.0],[-46.299465,-23.776825,0.0],[-46.299449,-23.776771,0.0],[-46.299316,-23.776804,0.0]]]}},{"type":"Feature","properties":{"uso":"Comercial","estado_conservacao":"Não avaliado","fonte":"Mapas Palazzi (catálogo MAPEAMENTO E SHAPEFILES_R01)"},"geometry":{"type":"Polygon","coordinates":[[[-46.29942,-23.776671,0.0],[-46.299402,-23.776611,0.0],[-46.299269,-23.776644,0.0],[-46.299278,-23.776674,0.0],[-46.299197,-23.776698,0.0],[-46.299187,-23.776677,0.0],[-46.299163,-23.776682,0.0],[-46.299177,-23.776731,0.0],[-46.29942,-23.776671,0.0]]]}},{"type":"Feature","properties":{"uso":"Residencial","estado_conservacao":"Conservado","fonte":"Mapas Palazzi (catálogo MAPEAMENTO E SHAPEFILES_R01)"},"geometry":{"type":"MultiPolygon","coordinates":[[[[-46.299056,-23.776927,0.0],[-46.299064,-23.776953,0.0],[-46.299125,-23.776939,0.0],[-46.299118,-23.776913,0.0],[-46.299097,-23.776918,0.0],[-46.299056,-23.776927,0.0]]],[[[-46.299158,-23.776842,0.0],[-46.299138,-23.776847,0.0],[-46.299141,-23.77686,0.0],[-46.299162,-23.776856,0.0],[-46.299158,-23.776842,0.0]]],[[[-46.299158,-23.776842,0.0],[-46.299154,-23.776825,0.0],[-46.299127,-23.776832,0.0],[-46.299132,-23.776848,0.0],[-46.299158,-23.776842,0.0]]],[[[-46.299106,-23.776706,0.0],[-46.299096,-23.776669,0.0],[-46.299042,-23.776682,0.0],[-46.299052,-23.776718,0.0],[-46.299093,-23.776709,0.0],[-46.299102,-23.776742,0.0],[-46.299122,-23.776738,0.0],[-46.299113,-23.776704,0.0],[-46.299106,-23.776706,0.0]]],[[[-46.29908,-23.776573,0.0],[-46.299067,-23.776532,0.0],[-46.299039,-23.776539,0.0],[-46.299052,-23.77658,0.0],[-46.29908,-23.776573,0.0]]],[[[-46.29914,-23.776439,0.0],[-46.299143,-23.776449,0.0],[-46.299202,-23.776435,0.0],[-46.29921,-23.776465,0.0],[-46.299357,-23.77643,0.0],[-46.299343,-23.776379,0.0],[-46.299114,-23.776433,0.0],[-46.299117,-23.776444,0.0],[-46.29914,-23.776439,0.0]]],[[[-46.29912,-23.776879,0.0],[-46.299112,-23.776853,0.0],[-46.298953,-23.776888,0.0],[-46.298968,-23.776947,0.0],[-46.299097,-23.776918,0.0],[-46.299088,-23.776886,0.0],[-46.29912,-23.776879,0.0]]],[[[-46.299072,-23.776808,0.0],[-46.299039,-23.776697,0.0],[-46.298909,-23.776729,0.0],[-46.298941,-23.77684,0.0],[-46.299072,-23.776808,0.0]]],[[[-46.299021,-23.776624,0.0],[-46.298977,-23.776464,0.0],[-46.298841,-23.776496,0.0],[-46.298885,-23.776656,0.0],[-46.299021,-23.776624,0.0]]],[[[-46.299022,-23.776475,0.0],[-46.299051,-23.776468,0.0],[-46.299045,-23.776448,0.0],[-46.299016,-23.776455,0.0],[-46.299022,-23.776475,0.0]]],[[[-46.298825,-23.776438,0.0],[-46.298841,-23.776496,0.0],[-46.299045,-23.776448,0.0],[-46.299039,-23.776428,0.0],[-46.299,-23.776437,0.0],[-46.298982,-23.776371,0.0],[-46.298922,-23.776385,0.0],[-46.29893,-23.776413,0.0],[-46.298825,-23.776438,0.0]]]]}},{"type":"Feature","properties":{"uso":"Público","estado_conservacao":"Conservado","fonte":"Mapas Palazzi (catálogo MAPEAMENTO E SHAPEFILES_R01)"},"geometry":{"type":"MultiPolygon","coordinates":[[[[-46.30022,-23.776912,0.0],[-46.300198,-23.776837,0.0],[-46.300116,-23.776856,0.0],[-46.300135,-23.776926,0.0],[-46.300158,-23.776921,0.0],[-46.300176,-23.776983,0.0],[-46.300227,-23.776971,0.0],[-46.300211,-23.776914,0.0],[-46.30022,-23.776912,0.0]]],[[[-46.301115,-23.776792,0.0],[-46.301074,-23.776638,0.0],[-46.301021,-23.776649,0.0],[-46.30104,-23.776722,0.0],[-46.301051,-23.77672,0.0],[-46.301066,-23.776774,0.0],[-46.301077,-23.776772,0.0],[-46.301083,-23.776798,0.0],[-46.301115,-23.776792,0.0]]],[[[-46.301148,-23.776745,0.0],[-46.301156,-23.776743,0.0],[-46.301126,-23.776628,0.0],[-46.301074,-23.776638,0.0],[-46.301107,-23.776765,0.0],[-46.301151,-23.776755,0.0],[-46.301148,-23.776745,0.0]]],[[[-46.300098,-23.77659,0.0],[-46.300095,-23.776567,0.0],[-46.300102,-23.776566,0.0],[-46.300072,-23.776455,0.0],[-46.300064,-23.776457,0.0],[-46.30005,-23.776406,0.0],[-46.300058,-23.776404,0.0],[-46.300026,-23.776288,0.0],[-46.300018,-23.77629,0.0],[-46.300001,-23.776262,0.0],[-46.299974,-23.776256,0.0],[-46.299966,-23.776227,0.0],[-46.299939,-23.776233,0.0],[-46.299932,-23.77621,0.0],[-46.299866,-23.776226,0.0],[-46.299992,-23.776689,0.0],[-46.300059,-23.776674,0.0],[-46.300054,-23.776647,0.0],[-46.300079,-23.776641,0.0],[-46.300072,-23.776614,0.0],[-46.300098,-23.77659,0.0]]],[[[-46.300954,-23.776318,0.0],[-46.300933,-23.776323,0.0],[-46.300975,-23.77648,0.0],[-46.300998,-23.776474,0.0],[-46.301007,-23.776508,0.0],[-46.301068,-23.776493,0.0],[-46.301058,-23.776458,0.0],[-46.301086,-23.776452,0.0],[-46.301062,-23.776366,0.0],[-46.301024,-23.776227,0.0],[-46.301009,-23.776231,0.0],[-46.301028,-23.776301,0.0],[-46.301006,-23.776306,0.0],[-46.300999,-23.776281,0.0],[-46.300947,-23.776292,0.0],[-46.300954,-23.776318,0.0]]],[[[-46.301115,-23.776467,0.0],[-46.301183,-23.776452,0.0],[-46.301112,-23.776206,0.0],[-46.301024,-23.776227,0.0],[-46.301086,-23.776452,0.0],[-46.301109,-23.776447,0.0],[-46.301115,-23.776467,0.0]]],[[[-46.301179,-23.776386,0.0],[-46.301208,-23.77638,0.0],[-46.301213,-23.776397,0.0],[-46.301334,-23.77637,0.0],[-46.301299,-23.776238,0.0],[-46.301286,-23.776241,0.0],[-46.301283,-23.77623,0.0],[-46.301239,-23.77624,0.0],[-46.301243,-23.776255,0.0],[-46.301178,-23.77627,0.0],[-46.301193,-23.776326,0.0],[-46.301165,-23.776332,0.0],[-46.301179,-23.776386,0.0]]],[[[-46.30164,-23.776147,0.0],[-46.301564,-23.776292,0.0],[-46.30166,-23.776334,0.0],[-46.301679,-23.776296,0.0],[-46.301728,-23.776317,0.0],[-46.301757,-23.776262,0.0],[-46.30171,-23.776241,0.0],[-46.301736,-23.77619,0.0],[-46.30164,-23.776147,0.0]]],[[[-46.301534,-23.776135,0.0],[-46.301481,-23.776111,0.0],[-46.301384,-23.776293,0.0],[-46.301415,-23.776307,0.0],[-46.301425,-23.776289,0.0],[-46.301447,-23.776299,0.0],[-46.301534,-23.776135,0.0]]],[[[-46.301243,-23.776185,0.0],[-46.30125,-23.776208,0.0],[-46.301271,-23.776204,0.0],[-46.301265,-23.776178,0.0],[-46.301243,-23.776185,0.0]]],[[[-46.29984,-23.777229,0.0],[-46.299862,-23.777223,0.0],[-46.299857,-23.777206,0.0],[-46.299836,-23.777211,0.0],[-46.29984,-23.777229,0.0]]],[[[-46.299935,-23.777208,0.0],[-46.299957,-23.777202,0.0],[-46.299953,-23.777185,0.0],[-46.299932,-23.77719,0.0],[-46.299935,-23.777208,0.0]]],[[[-46.299894,-23.776714,0.0],[-46.29997,-23.776696,0.0],[-46.299911,-23.77648,0.0],[-46.299934,-23.776475,0.0],[-46.299926,-23.776445,0.0],[-46.299903,-23.77645,0.0],[-46.299899,-23.776438,0.0],[-46.29982,-23.776457,0.0],[-46.299894,-23.776714,0.0]]],[[[-46.299566,-23.776533,0.0],[-46.299596,-23.776525,0.0],[-46.29962,-23.776614,0.0],[-46.299801,-23.776571,0.0],[-46.299783,-23.776508,0.0],[-46.299809,-23.776502,0.0],[-46.299798,-23.776464,0.0],[-46.299773,-23.77647,0.0],[-46.299708,-23.776238,0.0],[-46.299528,-23.776281,0.0],[-46.299552,-23.776366,0.0],[-46.299521,-23.776373,0.0],[-46.299566,-23.776533,0.0]]],[[[-46.299803,-23.776404,0.0],[-46.299816,-23.776449,0.0],[-46.299862,-23.776438,0.0],[-46.29985,-23.776393,0.0],[-46.299803,-23.776404,0.0]]],[[[-46.298703,-23.776231,0.0],[-46.298716,-23.77631,0.0],[-46.298824,-23.776283,0.0],[-46.298801,-23.776206,0.0],[-46.298703,-23.776231,0.0]]],[[[-46.298703,-23.776231,0.0],[-46.298676,-23.776139,0.0],[-46.2986,-23.776158,0.0],[-46.298646,-23.776316,0.0],[-46.298715,-23.776299,0.0],[-46.298703,-23.776231,0.0]]],[[[-46.299229,-23.775962,0.0],[-46.29897,-23.776019,0.0],[-46.298994,-23.776108,0.0],[-46.298945,-23.776119,0.0],[-46.298976,-23.776242,0.0],[-46.299286,-23.776173,0.0],[-46.299229,-23.775962,0.0]]],[[[-46.298336,-23.775847,0.0],[-46.298469,-23.77632,0.0],[-46.298621,-23.776284,0.0],[-46.298488,-23.77581,0.0],[-46.298336,-23.775847,0.0]]]]}},{"type":"Feature","properties":{"uso":"Comercial","estado_conservacao":"Não avaliado","fonte":"Mapas Palazzi (catálogo MAPEAMENTO E SHAPEFILES_R01)"},"geometry":{"type":"Polygon","coordinates":[[[-46.299326,-23.776319,0.0],[-46.299162,-23.776359,0.0],[-46.299179,-23.776417,0.0],[-46.299343,-23.776379,0.0],[-46.299326,-23.776319,0.0]]]}},{"type":"Feature","properties":{"uso":"Sem dados","estado_conservacao":"Ruínas / péssimas condições","fonte":"Mapas Palazzi (catálogo MAPEAMENTO E SHAPEFILES_R01)"},"geometry":{"type":"MultiPolygon","coordinates":[[[[-46.300454,-23.776307,0.0],[-46.300477,-23.776303,0.0],[-46.300469,-23.776274,0.0],[-46.300448,-23.776278,0.0],[-46.300454,-23.776307,0.0]]],[[[-46.300567,-23.776267,0.0],[-46.300551,-23.77621,0.0],[-46.300514,-23.776219,0.0],[-46.300529,-23.776276,0.0],[-46.300567,-23.776267,0.0]]],[[[-46.300562,-23.776235,0.0],[-46.300591,-23.776228,0.0],[-46.300583,-23.776197,0.0],[-46.300553,-23.776204,0.0],[-46.300562,-23.776235,0.0]]]]}},{"type":"Feature","properties":{"uso":"Público não ocupado","estado_conservacao":"Ruínas / péssimas condições","fonte":"Mapas Palazzi (catálogo MAPEAMENTO E SHAPEFILES_R01)"},"geometry":{"type":"MultiPolygon","coordinates":[[[[-46.299229,-23.776487,0.0],[-46.299119,-23.776512,0.0],[-46.299127,-23.77654,0.0],[-46.299237,-23.776516,0.0],[-46.299372,-23.776486,0.0],[-46.299357,-23.77643,0.0],[-46.299222,-23.776462,0.0],[-46.299229,-23.776487,0.0]]],[[[-46.299385,-23.77654,0.0],[-46.299372,-23.776486,0.0],[-46.299237,-23.776516,0.0],[-46.29925,-23.776569,0.0],[-46.299385,-23.77654,0.0]]],[[[-46.29965,-23.775863,0.0],[-46.299612,-23.775871,0.0],[-46.299628,-23.775926,0.0],[-46.299606,-23.775932,0.0],[-46.29961,-23.775947,0.0],[-46.299592,-23.775951,0.0],[-46.299609,-23.776007,0.0],[-46.299601,-23.776009,0.0],[-46.299624,-23.776087,0.0],[-46.299705,-23.776066,0.0],[-46.299671,-23.77594,0.0],[-46.299646,-23.775946,0.0],[-46.299634,-23.775925,0.0],[-46.299665,-23.775917,0.0],[-46.29965,-23.775863,0.0]]],[[[-46.300555,-23.775674,0.0],[-46.300517,-23.775683,0.0],[-46.30057,-23.775869,0.0],[-46.300624,-23.775857,0.0],[-46.300602,-23.775777,0.0],[-46.300588,-23.77578,0.0],[-46.300574,-23.775732,0.0],[-46.300559,-23.775735,0.0],[-46.300551,-23.775706,0.0],[-46.300563,-23.775703,0.0],[-46.300555,-23.775674,0.0]]],[[[-46.29955,-23.775668,0.0],[-46.299635,-23.775653,0.0],[-46.299602,-23.775497,0.0],[-46.299517,-23.775512,0.0],[-46.29955,-23.775668,0.0]]],[[[-46.299673,-23.775646,0.0],[-46.299758,-23.775631,0.0],[-46.299726,-23.775478,0.0],[-46.299701,-23.775482,0.0],[-46.299696,-23.775459,0.0],[-46.299636,-23.77547,0.0],[-46.299673,-23.775646,0.0]]],[[[-46.299581,-23.775405,0.0],[-46.299589,-23.775449,0.0],[-46.299645,-23.775439,0.0],[-46.299637,-23.775398,0.0],[-46.299581,-23.775405,0.0]]],[[[-46.29909,-23.776804,0.0],[-46.298941,-23.77684,0.0],[-46.298953,-23.776888,0.0],[-46.299104,-23.776854,0.0],[-46.29909,-23.776804,0.0]]],[[[-46.299132,-23.776848,0.0],[-46.299158,-23.776842,0.0],[-46.299154,-23.776825,0.0],[-46.299127,-23.776832,0.0],[-46.299132,-23.776848,0.0]]],[[[-46.298701,-23.775611,0.0],[-46.298717,-23.775608,0.0],[-46.298723,-23.775636,0.0],[-46.298792,-23.775623,0.0],[-46.298774,-23.775554,0.0],[-46.298791,-23.77555,0.0],[-46.298778,-23.775496,0.0],[-46.298756,-23.7755,0.0],[-46.298742,-23.775445,0.0],[-46.298747,-23.775444,0.0],[-46.298733,-23.775388,0.0],[-46.298737,-23.775383,0.0],[-46.29872,-23.775353,0.0],[-46.298702,-23.775362,0.0],[-46.298719,-23.775392,0.0],[-46.298695,-23.775397,0.0],[-46.298708,-23.775448,0.0],[-46.298686,-23.775453,0.0],[-46.298695,-23.77549,0.0],[-46.298687,-23.775492,0.0],[-46.298699,-23.775541,0.0],[-46.298657,-23.775551,0.0],[-46.298666,-23.775587,0.0],[-46.298695,-23.77558,0.0],[-46.298701,-23.775611,0.0]]],[[[-46.298605,-23.775546,0.0],[-46.298634,-23.775658,0.0],[-46.298681,-23.775648,0.0],[-46.298666,-23.775587,0.0],[-46.298653,-23.775535,0.0],[-46.298605,-23.775546,0.0]]],[[[-46.298883,-23.775537,0.0],[-46.298849,-23.775543,0.0],[-46.298832,-23.775465,0.0],[-46.298774,-23.775476,0.0],[-46.298794,-23.775567,0.0],[-46.298803,-23.775565,0.0],[-46.298809,-23.775592,0.0],[-46.298892,-23.775576,0.0],[-46.298883,-23.775537,0.0]]],[[[-46.298968,-23.775428,0.0],[-46.298919,-23.775438,0.0],[-46.298922,-23.775451,0.0],[-46.298904,-23.775455,0.0],[-46.29893,-23.775568,0.0],[-46.299022,-23.77555,0.0],[-46.299012,-23.77551,0.0],[-46.298996,-23.775513,0.0],[-46.29899,-23.775486,0.0],[-46.299014,-23.775481,0.0],[-46.299003,-23.775439,0.0],[-46.298972,-23.775445,0.0],[-46.298968,-23.775428,0.0]]]]}},{"type":"Feature","properties":{"uso":"Residencial","estado_conservacao":"Ruínas / péssimas condições","fonte":"Mapas Palazzi (catálogo MAPEAMENTO E SHAPEFILES_R01)"},"geometry":{"type":"MultiPolygon","coordinates":[[[[-46.300653,-23.776205,0.0],[-46.300649,-23.77619,0.0],[-46.300609,-23.776043,0.0],[-46.300556,-23.776056,0.0],[-46.300593,-23.776173,0.0],[-46.300601,-23.776171,0.0],[-46.300604,-23.776179,0.0],[-46.300618,-23.776175,0.0],[-46.300629,-23.776211,0.0],[-46.300653,-23.776205,0.0]]],[[[-46.300934,-23.77609,0.0],[-46.300921,-23.776049,0.0],[-46.300813,-23.776074,0.0],[-46.300821,-23.776105,0.0],[-46.300826,-23.776103,0.0],[-46.300855,-23.776207,0.0],[-46.301067,-23.776156,0.0],[-46.301032,-23.77602,0.0],[-46.300921,-23.776049,0.0],[-46.300934,-23.77609,0.0]],[[-46.300981,-23.776079,0.0],[-46.301005,-23.776171,0.0],[-46.301005,-23.776171,0.0],[-46.300981,-23.776079,0.0]]],[[[-46.300659,-23.77603,0.0],[-46.300609,-23.776043,0.0],[-46.300649,-23.77619,0.0],[-46.300679,-23.776183,0.0],[-46.300673,-23.776161,0.0],[-46.300685,-23.776158,0.0],[-46.30067,-23.776108,0.0],[-46.300681,-23.776105,0.0],[-46.300659,-23.77603,0.0]]],[[[-46.301179,-23.776129,0.0],[-46.301174,-23.77611,0.0],[-46.30116,-23.776059,0.0],[-46.30116,-23.776059,0.0],[-46.30116,-23.776059,0.0],[-46.301049,-23.776086,0.0],[-46.301067,-23.776156,0.0],[-46.301179,-23.776129,0.0]]],[[[-46.301196,-23.776051,0.0],[-46.30116,-23.776059,0.0],[-46.301174,-23.77611,0.0],[-46.301197,-23.776105,0.0],[-46.301193,-23.776091,0.0],[-46.301202,-23.776089,0.0],[-46.301211,-23.77612,0.0],[-46.301261,-23.776109,0.0],[-46.301245,-23.776049,0.0],[-46.301199,-23.77606,0.0],[-46.301196,-23.776051,0.0]]]]}},{"type":"Feature","properties":{"uso":"Público não ocupado","estado_conservacao":"Conservado","fonte":"Mapas Palazzi (catálogo MAPEAMENTO E SHAPEFILES_R01)"},"geometry":{"type":"Polygon","coordinates":[[[-46.300553,-23.775675,0.0],[-46.300595,-23.775664,0.0],[-46.300586,-23.775633,0.0],[-46.300543,-23.775642,0.0],[-46.300553,-23.775675,0.0]]]}},{"type":"Feature","properties":{"uso":"Público","estado_conservacao":"Conservado","fonte":"Mapas Palazzi (catálogo MAPEAMENTO E SHAPEFILES_R01)"},"geometry":{"type":"Polygon","coordinates":[[[-46.300661,-23.77567,0.0],[-46.300703,-23.775659,0.0],[-46.300694,-23.775628,0.0],[-46.300651,-23.775637,0.0],[-46.300661,-23.77567,0.0]]]}},{"type":"Feature","properties":{"uso":"Uso misto","estado_conservacao":"Não avaliado","fonte":"Mapas Palazzi (catálogo MAPEAMENTO E SHAPEFILES_R01)"},"geometry":{"type":"MultiPolygon","coordinates":[[[[-46.299548,-23.77596,0.0],[-46.299494,-23.775972,0.0],[-46.299497,-23.775981,0.0],[-46.299481,-23.775985,0.0],[-46.299515,-23.77611,0.0],[-46.299595,-23.776092,0.0],[-46.299574,-23.776012,0.0],[-46.299563,-23.776014,0.0],[-46.299548,-23.77596,0.0]]],[[[-46.299513,-23.775931,0.0],[-46.299548,-23.775922,0.0],[-46.299533,-23.775874,0.0],[-46.299471,-23.775891,0.0],[-46.299469,-23.775885,0.0],[-46.299455,-23.775889,0.0],[-46.299461,-23.775912,0.0],[-46.299504,-23.775901,0.0],[-46.299513,-23.775931,0.0]]]]}},{"type":"Feature","properties":{"uso":"Residencial","estado_conservacao":"Não avaliado","fonte":"Mapas Palazzi (catálogo MAPEAMENTO E SHAPEFILES_R01)"},"geometry":{"type":"MultiPolygon","coordinates":[[[[-46.299402,-23.775994,0.0],[-46.299417,-23.776047,0.0],[-46.2994,-23.776052,0.0],[-46.299407,-23.776077,0.0],[-46.299418,-23.776074,0.0],[-46.299434,-23.77613,0.0],[-46.299515,-23.776111,0.0],[-46.299494,-23.776033,0.0],[-46.299484,-23.776036,0.0],[-46.29947,-23.775987,0.0],[-46.299461,-23.775989,0.0],[-46.299459,-23.77598,0.0],[-46.299402,-23.775994,0.0]]],[[[-46.299681,-23.77594,0.0],[-46.299696,-23.775991,0.0],[-46.299686,-23.775994,0.0],[-46.299705,-23.776066,0.0],[-46.299786,-23.776046,0.0],[-46.299764,-23.775969,0.0],[-46.299752,-23.775971,0.0],[-46.299737,-23.775917,0.0],[-46.29969,-23.775928,0.0],[-46.299693,-23.775937,0.0],[-46.299681,-23.77594,0.0]]],[[[-46.299768,-23.77592,0.0],[-46.299784,-23.775976,0.0],[-46.299796,-23.775973,0.0],[-46.299815,-23.776041,0.0],[-46.299896,-23.776022,0.0],[-46.299875,-23.775947,0.0],[-46.299864,-23.77595,0.0],[-46.29985,-23.775898,0.0],[-46.29984,-23.775901,0.0],[-46.299838,-23.775893,0.0],[-46.299789,-23.775905,0.0],[-46.299792,-23.775914,0.0],[-46.299768,-23.77592,0.0]]],[[[-46.299957,-23.775925,0.0],[-46.299946,-23.775927,0.0],[-46.299931,-23.775872,0.0],[-46.299885,-23.775882,0.0],[-46.299887,-23.775891,0.0],[-46.299862,-23.775897,0.0],[-46.299896,-23.776022,0.0],[-46.299978,-23.776003,0.0],[-46.299957,-23.775925,0.0]]],[[[-46.299406,-23.775974,0.0],[-46.299465,-23.77596,0.0],[-46.299458,-23.775934,0.0],[-46.299466,-23.775932,0.0],[-46.299455,-23.775889,0.0],[-46.299363,-23.775917,0.0],[-46.299373,-23.775952,0.0],[-46.299398,-23.775946,0.0],[-46.299406,-23.775974,0.0]]],[[[-46.299693,-23.775905,0.0],[-46.29968,-23.775857,0.0],[-46.29965,-23.775863,0.0],[-46.299663,-23.775912,0.0],[-46.299693,-23.775905,0.0]]],[[[-46.299814,-23.775845,0.0],[-46.299846,-23.775838,0.0],[-46.299835,-23.7758,0.0],[-46.299804,-23.775808,0.0],[-46.299814,-23.775845,0.0]]],[[[-46.29989,-23.775849,0.0],[-46.299874,-23.775792,0.0],[-46.299835,-23.7758,0.0],[-46.299851,-23.775856,0.0],[-46.29989,-23.775849,0.0]]]]}},{"type":"Feature","properties":{"uso":"Residencial","estado_conservacao":"Ruínas / péssimas condições","fonte":"Mapas Palazzi (catálogo MAPEAMENTO E SHAPEFILES_R01)"},"geometry":{"type":"MultiPolygon","coordinates":[[[[-46.300328,-23.77573,0.0],[-46.300379,-23.77591,0.0],[-46.300431,-23.775897,0.0],[-46.300409,-23.775822,0.0],[-46.300397,-23.775825,0.0],[-46.300383,-23.775777,0.0],[-46.300392,-23.775775,0.0],[-46.300376,-23.775718,0.0],[-46.300328,-23.77573,0.0]]],[[[-46.300283,-23.775712,0.0],[-46.300298,-23.775764,0.0],[-46.300291,-23.775765,0.0],[-46.300313,-23.775844,0.0],[-46.300304,-23.775846,0.0],[-46.300326,-23.775923,0.0],[-46.300379,-23.77591,0.0],[-46.300328,-23.77573,0.0],[-46.300328,-23.77573,0.0],[-46.30032,-23.775703,0.0],[-46.300283,-23.775712,0.0]]],[[[-46.300475,-23.775893,0.0],[-46.300534,-23.775879,0.0],[-46.300546,-23.775921,0.0],[-46.300582,-23.775912,0.0],[-46.300517,-23.775683,0.0],[-46.300483,-23.775691,0.0],[-46.300508,-23.775801,0.0],[-46.300453,-23.775814,0.0],[-46.300475,-23.775893,0.0]]],[[[-46.30026,-23.775777,0.0],[-46.300264,-23.775792,0.0],[-46.300288,-23.775787,0.0],[-46.300274,-23.77574,0.0],[-46.300235,-23.775749,0.0],[-46.300244,-23.775781,0.0],[-46.30026,-23.775777,0.0]]],[[[-46.30038,-23.77568,0.0],[-46.300386,-23.775699,0.0],[-46.300409,-23.775695,0.0],[-46.300406,-23.775676,0.0],[-46.30038,-23.77568,0.0]]],[[[-46.300152,-23.775827,0.0],[-46.300111,-23.775836,0.0],[-46.300125,-23.775887,0.0],[-46.300112,-23.77589,0.0],[-46.300133,-23.775966,0.0],[-46.300188,-23.775952,0.0],[-46.300152,-23.775827,0.0]]],[[[-46.300217,-23.775865,0.0],[-46.300205,-23.775868,0.0],[-46.300195,-23.775827,0.0],[-46.300213,-23.775824,0.0],[-46.300204,-23.775788,0.0],[-46.300194,-23.77579,0.0],[-46.300188,-23.775765,0.0],[-46.300173,-23.775768,0.0],[-46.300165,-23.775735,0.0],[-46.30013,-23.775748,0.0],[-46.300152,-23.775827,0.0],[-46.300188,-23.775952,0.0],[-46.300236,-23.775943,0.0],[-46.300217,-23.775865,0.0]]],[[[-46.300073,-23.775811,0.0],[-46.300065,-23.775778,0.0],[-46.300038,-23.775783,0.0],[-46.300047,-23.775817,0.0],[-46.300073,-23.775811,0.0]]],[[[-46.300111,-23.775814,0.0],[-46.300147,-23.775807,0.0],[-46.300138,-23.775777,0.0],[-46.300104,-23.775784,0.0],[-46.300111,-23.775814,0.0]]],[[[-46.30021,-23.77576,0.0],[-46.300233,-23.775754,0.0],[-46.300225,-23.775726,0.0],[-46.300202,-23.775733,0.0],[-46.30021,-23.77576,0.0]]]]}},{"type":"Feature","properties":{"uso":"Hotelaria / Turismo","estado_conservacao":"Conservado","fonte":"Mapas Palazzi (catálogo MAPEAMENTO E SHAPEFILES_R01)"},"geometry":{"type":"Polygon","coordinates":[[[-46.30294,-23.781452,0.0],[-46.302874,-23.781479,0.0],[-46.302902,-23.781537,0.0],[-46.30288,-23.781546,0.0],[-46.302946,-23.781683,0.0],[-46.303005,-23.781658,0.0],[-46.302994,-23.781637,0.0],[-46.303012,-23.78163,0.0],[-46.303002,-23.78161,0.0],[-46.303014,-23.781605,0.0],[-46.30294,-23.781452,0.0]]]}},{"type":"Feature","properties":{"uso":"Hotelaria / Turismo","estado_conservacao":"Conservado","fonte":"Mapas Palazzi (catálogo MAPEAMENTO E SHAPEFILES_R01)"},"geometry":{"type":"Polygon","coordinates":[[[-46.302846,-23.781442,0.0],[-46.302864,-23.781465,0.0],[-46.302916,-23.781432,0.0],[-46.302898,-23.781409,0.0],[-46.302846,-23.781442,0.0]]]}},{"type":"Feature","properties":{"uso":"Público não ocupado","estado_conservacao":"Ruínas / péssimas condições","fonte":"Mapas Palazzi (catálogo MAPEAMENTO E SHAPEFILES_R01)"},"geometry":{"type":"Polygon","coordinates":[[[-46.303305,-23.781399,0.0],[-46.303306,-23.78138,0.0],[-46.303366,-23.781384,0.0],[-46.30337,-23.781319,0.0],[-46.303137,-23.781303,0.0],[-46.303128,-23.781374,0.0],[-46.303178,-23.781378,0.0],[-46.303177,-23.78139,0.0],[-46.303215,-23.781393,0.0],[-46.303213,-23.781416,0.0],[-46.303273,-23.78142,0.0],[-46.303275,-23.781397,0.0],[-46.303305,-23.781399,0.0]]]}},{"type":"Feature","properties":{"uso":"Hotelaria / Turismo","estado_conservacao":"Não avaliado","fonte":"Mapas Palazzi (catálogo MAPEAMENTO E SHAPEFILES_R01)"},"geometry":{"type":"Polygon","coordinates":[[[-46.302203,-23.781144,0.0],[-46.30213,-23.781175,0.0],[-46.302177,-23.781267,0.0],[-46.302234,-23.781242,0.0],[-46.302225,-23.781223,0.0],[-46.302241,-23.781218,0.0],[-46.302203,-23.781144,0.0]]]}},{"type":"Feature","properties":{"uso":"Hotelaria / Turismo","estado_conservacao":"Ruínas / péssimas condições","fonte":"Mapas Palazzi (catálogo MAPEAMENTO E SHAPEFILES_R01)"},"geometry":{"type":"Polygon","coordinates":[[[-46.303212,-23.781234,0.0],[-46.303381,-23.781246,0.0],[-46.303383,-23.781227,0.0],[-46.303428,-23.781229,0.0],[-46.30343,-23.781181,0.0],[-46.303383,-23.781178,0.0],[-46.303386,-23.781138,0.0],[-46.303221,-23.781127,0.0],[-46.303212,-23.781234,0.0]]]}},{"type":"Feature","properties":{"uso":"Hotelaria / Turismo","estado_conservacao":"Conservado","fonte":"Mapas Palazzi (catálogo MAPEAMENTO E SHAPEFILES_R01)"},"geometry":{"type":"Polygon","coordinates":[[[-46.302241,-23.781218,0.0],[-46.302253,-23.781214,0.0],[-46.302261,-23.781231,0.0],[-46.302323,-23.781205,0.0],[-46.302278,-23.781113,0.0],[-46.302203,-23.781144,0.0],[-46.302241,-23.781218,0.0]]]}},{"type":"Feature","properties":{"uso":"Público não ocupado","estado_conservacao":"Ruínas / péssimas condições","fonte":"Mapas Palazzi (catálogo MAPEAMENTO E SHAPEFILES_R01)"},"geometry":{"type":"Polygon","coordinates":[[[-46.30338,-23.781137,0.0],[-46.303383,-23.781105,0.0],[-46.30334,-23.781102,0.0],[-46.303343,-23.781064,0.0],[-46.303228,-23.781054,0.0],[-46.303221,-23.781127,0.0],[-46.30338,-23.781137,0.0]]]}},{"type":"Feature","properties":{"uso":"Público não ocupado","estado_conservacao":"Ruínas / péssimas condições","fonte":"Mapas Palazzi (catálogo MAPEAMENTO E SHAPEFILES_R01)"},"geometry":{"type":"MultiPolygon","coordinates":[[[[-46.303403,-23.781009,0.0],[-46.303289,-23.780999,0.0],[-46.303283,-23.781059,0.0],[-46.303431,-23.781071,0.0],[-46.303436,-23.781025,0.0],[-46.303402,-23.781022,0.0],[-46.303403,-23.781009,0.0]]],[[[-46.303154,-23.781047,0.0],[-46.303204,-23.781052,0.0],[-46.303217,-23.780918,0.0],[-46.303167,-23.780914,0.0],[-46.303154,-23.781047,0.0]]]]}},{"type":"Feature","properties":{"uso":"Público não ocupado","estado_conservacao":"Ruínas / péssimas condições","fonte":"Mapas Palazzi (catálogo MAPEAMENTO E SHAPEFILES_R01)"},"geometry":{"type":"MultiPolygon","coordinates":[[[[-46.303402,-23.781022,0.0],[-46.303403,-23.781009,0.0],[-46.303289,-23.780999,0.0],[-46.303283,-23.781059,0.0],[-46.303431,-23.781071,0.0],[-46.303436,-23.781025,0.0],[-46.303402,-23.781022,0.0]]],[[[-46.303283,-23.781058,0.0],[-46.303294,-23.78095,0.0],[-46.303254,-23.780946,0.0],[-46.303249,-23.780996,0.0],[-46.30321,-23.780993,0.0],[-46.303204,-23.781052,0.0],[-46.303283,-23.781058,0.0]]],[[[-46.303167,-23.780914,0.0],[-46.303154,-23.781047,0.0],[-46.303204,-23.781052,0.0],[-46.303217,-23.780918,0.0],[-46.303167,-23.780914,0.0]]],[[[-46.302628,-23.780694,0.0],[-46.302627,-23.780708,0.0],[-46.302671,-23.78071,0.0],[-46.302672,-23.780689,0.0],[-46.302691,-23.78069,0.0],[-46.302693,-23.780654,0.0],[-46.302615,-23.780647,0.0],[-46.302611,-23.780693,0.0],[-46.302628,-23.780694,0.0]]],[[[-46.302537,-23.780579,0.0],[-46.302532,-23.780648,0.0],[-46.302573,-23.780651,0.0],[-46.302578,-23.780582,0.0],[-46.302537,-23.780579,0.0]]],[[[-46.302585,-23.780582,0.0],[-46.302578,-23.780582,0.0],[-46.302573,-23.780644,0.0],[-46.302715,-23.780656,0.0],[-46.302717,-23.780633,0.0],[-46.302725,-23.780634,0.0],[-46.30273,-23.780566,0.0],[-46.302723,-23.780566,0.0],[-46.302724,-23.780553,0.0],[-46.302588,-23.780544,0.0],[-46.302585,-23.780582,0.0]]],[[[-46.301274,-23.780479,0.0],[-46.301299,-23.780522,0.0],[-46.301328,-23.780508,0.0],[-46.301322,-23.780497,0.0],[-46.301348,-23.780483,0.0],[-46.30133,-23.780452,0.0],[-46.301274,-23.780479,0.0]]],[[[-46.301447,-23.780408,0.0],[-46.301401,-23.780333,0.0],[-46.301328,-23.78037,0.0],[-46.301374,-23.780446,0.0],[-46.301447,-23.780408,0.0]]],[[[-46.301356,-23.780055,0.0],[-46.301261,-23.779944,0.0],[-46.301205,-23.779984,0.0],[-46.3013,-23.780095,0.0],[-46.301356,-23.780055,0.0]]]]}},{"type":"Feature","properties":{"uso":"Público","estado_conservacao":"Conservado","fonte":"Mapas Palazzi (catálogo MAPEAMENTO E SHAPEFILES_R01)"},"geometry":{"type":"MultiPolygon","coordinates":[[[[-46.30243,-23.781107,0.0],[-46.302582,-23.781124,0.0],[-46.302597,-23.781014,0.0],[-46.302444,-23.780997,0.0],[-46.30243,-23.781107,0.0]]],[[[-46.302595,-23.781032,0.0],[-46.302595,-23.781032,0.0],[-46.302595,-23.781032,0.0],[-46.302595,-23.781032,0.0]]],[[[-46.301551,-23.779777,0.0],[-46.301587,-23.779837,0.0],[-46.301706,-23.779777,0.0],[-46.301672,-23.779718,0.0],[-46.301551,-23.779777,0.0]]]]}},{"type":"Feature","properties":{"uso":"Residencial","estado_conservacao":"Conservado","fonte":"Mapas Palazzi (catálogo MAPEAMENTO E SHAPEFILES_R01)"},"geometry":{"type":"MultiPolygon","coordinates":[[[[-46.301825,-23.781627,0.0],[-46.30185,-23.781559,0.0],[-46.301738,-23.781525,0.0],[-46.301711,-23.781593,0.0],[-46.301825,-23.781627,0.0]]],[[[-46.303414,-23.781324,0.0],[-46.30337,-23.781319,0.0],[-46.303367,-23.78137,0.0],[-46.30341,-23.781373,0.0],[-46.303414,-23.781324,0.0]]],[[[-46.303177,-23.781123,0.0],[-46.303113,-23.78112,0.0],[-46.303112,-23.781133,0.0],[-46.303071,-23.781131,0.0],[-46.303066,-23.781215,0.0],[-46.303103,-23.781217,0.0],[-46.303103,-23.781225,0.0],[-46.303171,-23.781229,0.0],[-46.303177,-23.781123,0.0]]],[[[-46.303204,-23.781052,0.0],[-46.303283,-23.781058,0.0],[-46.303294,-23.78095,0.0],[-46.303254,-23.780946,0.0],[-46.303249,-23.780996,0.0],[-46.30321,-23.780993,0.0],[-46.303204,-23.781052,0.0]]],[[[-46.302078,-23.780888,0.0],[-46.302088,-23.780915,0.0],[-46.302112,-23.780908,0.0],[-46.302102,-23.78088,0.0],[-46.302078,-23.780888,0.0]]],[[[-46.302168,-23.780889,0.0],[-46.302288,-23.780884,0.0],[-46.302287,-23.780858,0.0],[-46.302166,-23.780863,0.0],[-46.302168,-23.780889,0.0]]],[[[-46.30214,-23.780821,0.0],[-46.302332,-23.780839,0.0],[-46.302341,-23.780768,0.0],[-46.302218,-23.780756,0.0],[-46.302216,-23.780771,0.0],[-46.302147,-23.780764,0.0],[-46.30214,-23.780821,0.0]]],[[[-46.301997,-23.780587,0.0],[-46.302065,-23.780593,0.0],[-46.302076,-23.780487,0.0],[-46.302036,-23.780483,0.0],[-46.302034,-23.7805,0.0],[-46.301965,-23.780495,0.0],[-46.301959,-23.780553,0.0],[-46.301997,-23.780587,0.0]]],[[[-46.30235,-23.780468,0.0],[-46.30224,-23.780458,0.0],[-46.302236,-23.780497,0.0],[-46.302325,-23.780505,0.0],[-46.302324,-23.780525,0.0],[-46.302344,-23.780526,0.0],[-46.30235,-23.780468,0.0]]],[[[-46.301899,-23.780009,0.0],[-46.30193,-23.780013,0.0],[-46.301936,-23.779964,0.0],[-46.301905,-23.779961,0.0],[-46.301899,-23.780009,0.0]]],[[[-46.301944,-23.779918,0.0],[-46.301924,-23.779881,0.0],[-46.301807,-23.779934,0.0],[-46.301825,-23.779969,0.0],[-46.301944,-23.779918,0.0]]],[[[-46.301788,-23.779857,0.0],[-46.301865,-23.779826,0.0],[-46.30184,-23.779775,0.0],[-46.301764,-23.779806,0.0],[-46.301788,-23.779857,0.0]]],[[[-46.301849,-23.779791,0.0],[-46.301875,-23.779781,0.0],[-46.301868,-23.779767,0.0],[-46.301885,-23.77976,0.0],[-46.30185,-23.779689,0.0],[-46.301773,-23.77972,0.0],[-46.301806,-23.779789,0.0],[-46.30184,-23.779775,0.0],[-46.301849,-23.779791,0.0]]],[[[-46.30173,-23.779631,0.0],[-46.301764,-23.779702,0.0],[-46.301779,-23.779696,0.0],[-46.301784,-23.779705,0.0],[-46.301827,-23.779688,0.0],[-46.301821,-23.779677,0.0],[-46.30184,-23.779669,0.0],[-46.301806,-23.779599,0.0],[-46.30173,-23.779631,0.0]]],[[[-46.301762,-23.779507,0.0],[-46.301686,-23.779539,0.0],[-46.30172,-23.77961,0.0],[-46.301744,-23.7796,0.0],[-46.301749,-23.779611,0.0],[-46.301778,-23.7796,0.0],[-46.301773,-23.779588,0.0],[-46.301796,-23.779579,0.0],[-46.301762,-23.779507,0.0]]],[[[-46.301935,-23.779503,0.0],[-46.301994,-23.779479,0.0],[-46.301968,-23.77942,0.0],[-46.301831,-23.779477,0.0],[-46.301848,-23.77951,0.0],[-46.301923,-23.779479,0.0],[-46.301935,-23.779503,0.0]]],[[[-46.301815,-23.779442,0.0],[-46.301831,-23.779477,0.0],[-46.301949,-23.779428,0.0],[-46.301933,-23.779394,0.0],[-46.301815,-23.779442,0.0]]],[[[-46.302197,-23.779169,0.0],[-46.301998,-23.779242,0.0],[-46.302003,-23.779254,0.0],[-46.301988,-23.779259,0.0],[-46.302013,-23.779318,0.0],[-46.302036,-23.779309,0.0],[-46.302033,-23.779301,0.0],[-46.302082,-23.779283,0.0],[-46.302092,-23.779304,0.0],[-46.302235,-23.779248,0.0],[-46.302197,-23.779169,0.0]]],[[[-46.301857,-23.779245,0.0],[-46.301929,-23.779217,0.0],[-46.301914,-23.779178,0.0],[-46.301893,-23.779185,0.0],[-46.301872,-23.779131,0.0],[-46.301819,-23.779149,0.0],[-46.301857,-23.779245,0.0]]],[[[-46.301165,-23.780368,0.0],[-46.301149,-23.780348,0.0],[-46.301105,-23.780377,0.0],[-46.301122,-23.780399,0.0],[-46.301165,-23.780368,0.0]]],[[[-46.301323,-23.780324,0.0],[-46.301266,-23.78035,0.0],[-46.301279,-23.780372,0.0],[-46.301335,-23.780346,0.0],[-46.301323,-23.780324,0.0]]],[[[-46.301187,-23.780315,0.0],[-46.30126,-23.780275,0.0],[-46.301249,-23.780255,0.0],[-46.301173,-23.780292,0.0],[-46.301187,-23.780315,0.0]]],[[[-46.301401,-23.780273,0.0],[-46.301322,-23.780154,0.0],[-46.301201,-23.780222,0.0],[-46.301229,-23.780264,0.0],[-46.301274,-23.780239,0.0],[-46.301298,-23.780276,0.0],[-46.301272,-23.78029,0.0],[-46.301299,-23.78033,0.0],[-46.301401,-23.780273,0.0]]],[[[-46.301684,-23.780152,0.0],[-46.301667,-23.780123,0.0],[-46.301618,-23.780147,0.0],[-46.301636,-23.780177,0.0],[-46.301684,-23.780152,0.0]]],[[[-46.301696,-23.780082,0.0],[-46.30165,-23.780009,0.0],[-46.301663,-23.780001,0.0],[-46.301644,-23.779971,0.0],[-46.301626,-23.77998,0.0],[-46.301581,-23.779909,0.0],[-46.301571,-23.779914,0.0],[-46.301561,-23.779897,0.0],[-46.301474,-23.779944,0.0],[-46.301597,-23.78014,0.0],[-46.301696,-23.780082,0.0]]],[[[-46.300563,-23.779954,0.0],[-46.300601,-23.779918,0.0],[-46.300588,-23.779905,0.0],[-46.300548,-23.779936,0.0],[-46.300563,-23.779954,0.0]]],[[[-46.300327,-23.779848,0.0],[-46.300359,-23.779896,0.0],[-46.300331,-23.779911,0.0],[-46.300364,-23.779961,0.0],[-46.30042,-23.779932,0.0],[-46.30036,-23.779832,0.0],[-46.300327,-23.779848,0.0]]],[[[-46.300482,-23.779959,0.0],[-46.30054,-23.779922,0.0],[-46.30053,-23.779906,0.0],[-46.300544,-23.779898,0.0],[-46.300464,-23.779776,0.0],[-46.300394,-23.779814,0.0],[-46.300482,-23.779959,0.0]]],[[[-46.301242,-23.779745,0.0],[-46.30121,-23.779765,0.0],[-46.301297,-23.779883,0.0],[-46.301329,-23.779863,0.0],[-46.301242,-23.779745,0.0]]],[[[-46.301309,-23.779749,0.0],[-46.301291,-23.779719,0.0],[-46.301268,-23.779734,0.0],[-46.301284,-23.779758,0.0],[-46.301309,-23.779749,0.0]]],[[[-46.3017,-23.779664,0.0],[-46.301714,-23.779692,0.0],[-46.301745,-23.779678,0.0],[-46.301729,-23.779648,0.0],[-46.3017,-23.779664,0.0]]],[[[-46.301631,-23.779525,0.0],[-46.3016,-23.779537,0.0],[-46.301614,-23.779556,0.0],[-46.301596,-23.779564,0.0],[-46.301613,-23.779598,0.0],[-46.301664,-23.779578,0.0],[-46.301631,-23.779525,0.0]]],[[[-46.301719,-23.779417,0.0],[-46.301643,-23.779448,0.0],[-46.301677,-23.779518,0.0],[-46.301693,-23.779511,0.0],[-46.301698,-23.779523,0.0],[-46.301738,-23.779507,0.0],[-46.301733,-23.779496,0.0],[-46.301753,-23.779488,0.0],[-46.301719,-23.779417,0.0]]],[[[-46.301706,-23.779351,0.0],[-46.301603,-23.779391,0.0],[-46.301627,-23.779443,0.0],[-46.30173,-23.779402,0.0],[-46.301706,-23.779351,0.0]]],[[[-46.301453,-23.779317,0.0],[-46.30151,-23.779295,0.0],[-46.301504,-23.779282,0.0],[-46.301481,-23.779291,0.0],[-46.301476,-23.779281,0.0],[-46.301442,-23.779294,0.0],[-46.301453,-23.779317,0.0]]],[[[-46.301534,-23.779321,0.0],[-46.301667,-23.779269,0.0],[-46.30164,-23.779207,0.0],[-46.301507,-23.77926,0.0],[-46.301534,-23.779321,0.0]]],[[[-46.301725,-23.77926,0.0],[-46.30173,-23.779272,0.0],[-46.30175,-23.779265,0.0],[-46.301693,-23.779131,0.0],[-46.301657,-23.779144,0.0],[-46.301709,-23.779266,0.0],[-46.301725,-23.77926,0.0]]]]}},{"type":"Feature","properties":{"uso":"Público não ocupado","estado_conservacao":"Ruínas / péssimas condições","fonte":"Mapas Palazzi (catálogo MAPEAMENTO E SHAPEFILES_R01)"},"geometry":{"type":"MultiPolygon","coordinates":[[[[-46.301774,-23.779925,0.0],[-46.301784,-23.779944,0.0],[-46.301807,-23.779934,0.0],[-46.301798,-23.779914,0.0],[-46.301774,-23.779925,0.0]]],[[[-46.301788,-23.779894,0.0],[-46.301798,-23.779914,0.0],[-46.301807,-23.779934,0.0],[-46.301924,-23.779881,0.0],[-46.301906,-23.779843,0.0],[-46.301788,-23.779894,0.0]]],[[[-46.301788,-23.779857,0.0],[-46.301803,-23.779888,0.0],[-46.301852,-23.779867,0.0],[-46.301837,-23.779837,0.0],[-46.301788,-23.779857,0.0]]],[[[-46.301957,-23.77951,0.0],[-46.301878,-23.779539,0.0],[-46.301904,-23.779599,0.0],[-46.301994,-23.779572,0.0],[-46.301957,-23.77951,0.0]]],[[[-46.301785,-23.779381,0.0],[-46.301815,-23.779442,0.0],[-46.301933,-23.779394,0.0],[-46.301903,-23.779333,0.0],[-46.301785,-23.779381,0.0]]]]}},{"type":"Feature","properties":{"uso":"Comercial","estado_conservacao":"Não avaliado","fonte":"Mapas Palazzi (catálogo MAPEAMENTO E SHAPEFILES_R01)"},"geometry":{"type":"MultiPolygon","coordinates":[[[[-46.301889,-23.779304,0.0],[-46.301771,-23.779352,0.0],[-46.301785,-23.779381,0.0],[-46.301903,-23.779333,0.0],[-46.301889,-23.779304,0.0]]],[[[-46.301883,-23.779282,0.0],[-46.301877,-23.77927,0.0],[-46.301755,-23.779319,0.0],[-46.301771,-23.779352,0.0],[-46.301913,-23.779294,0.0],[-46.301903,-23.779274,0.0],[-46.301883,-23.779282,0.0]]]]}},{"type":"Feature","properties":{"uso":"Comercial","estado_conservacao":"Conservado","fonte":"Mapas Palazzi (catálogo MAPEAMENTO E SHAPEFILES_R01)"},"geometry":{"type":"MultiPolygon","coordinates":[[[[-46.301459,-23.779068,0.0],[-46.301596,-23.779045,0.0],[-46.301587,-23.779006,0.0],[-46.301466,-23.779028,0.0],[-46.301451,-23.779031,0.0],[-46.301459,-23.779068,0.0]]],[[[-46.301443,-23.77899,0.0],[-46.301445,-23.779,0.0],[-46.301459,-23.778998,0.0],[-46.301466,-23.779028,0.0],[-46.301587,-23.779006,0.0],[-46.301578,-23.778964,0.0],[-46.301443,-23.77899,0.0]]],[[[-46.301399,-23.778961,0.0],[-46.301407,-23.778996,0.0],[-46.301443,-23.77899,0.0],[-46.301443,-23.77899,0.0],[-46.301578,-23.778964,0.0],[-46.30157,-23.778928,0.0],[-46.301399,-23.778961,0.0]]],[[[-46.301874,-23.779005,0.0],[-46.301923,-23.779121,0.0],[-46.302154,-23.77904,0.0],[-46.3021,-23.778915,0.0],[-46.301874,-23.779005,0.0]]],[[[-46.30157,-23.778928,0.0],[-46.301561,-23.778889,0.0],[-46.301442,-23.778914,0.0],[-46.301443,-23.778919,0.0],[-46.301404,-23.778927,0.0],[-46.301412,-23.778958,0.0],[-46.30157,-23.778928,0.0]]]]}},{"type":"Feature","properties":{"uso":"Uso misto","estado_conservacao":"Ruínas / péssimas condições","fonte":"Mapas Palazzi (catálogo MAPEAMENTO E SHAPEFILES_R01)"},"geometry":{"type":"Polygon","coordinates":[[[-46.301862,-23.77876,0.0],[-46.301851,-23.778726,0.0],[-46.301715,-23.778763,0.0],[-46.301724,-23.778791,0.0],[-46.301736,-23.778788,0.0],[-46.301739,-23.778795,0.0],[-46.301748,-23.778793,0.0],[-46.301752,-23.778806,0.0],[-46.301798,-23.778793,0.0],[-46.301794,-23.778779,0.0],[-46.301862,-23.77876,0.0]]]}},{"type":"Feature","properties":{"uso":"Comercial","estado_conservacao":"Não avaliado","fonte":"Mapas Palazzi (catálogo MAPEAMENTO E SHAPEFILES_R01)"},"geometry":{"type":"Polygon","coordinates":[[[-46.302326,-23.778771,0.0],[-46.302322,-23.778738,0.0],[-46.302278,-23.778742,0.0],[-46.302282,-23.778776,0.0],[-46.302326,-23.778771,0.0]]]}},{"type":"Feature","properties":{"uso":"Comercial","estado_conservacao":"Não avaliado","fonte":"Mapas Palazzi (catálogo MAPEAMENTO E SHAPEFILES_R01)"},"geometry":{"type":"Polygon","coordinates":[[[-46.302322,-23.778738,0.0],[-46.302317,-23.778704,0.0],[-46.302274,-23.778709,0.0],[-46.302278,-23.778742,0.0],[-46.302322,-23.778738,0.0]]]}},{"type":"Feature","properties":{"uso":"Comercial","estado_conservacao":"Não avaliado","fonte":"Mapas Palazzi (catálogo MAPEAMENTO E SHAPEFILES_R01)"},"geometry":{"type":"Polygon","coordinates":[[[-46.302317,-23.778704,0.0],[-46.302313,-23.77867,0.0],[-46.302269,-23.778675,0.0],[-46.302274,-23.778709,0.0],[-46.302317,-23.778704,0.0]]]}},{"type":"Feature","properties":{"uso":"Comercial","estado_conservacao":"Não avaliado","fonte":"Mapas Palazzi (catálogo MAPEAMENTO E SHAPEFILES_R01)"},"geometry":{"type":"Polygon","coordinates":[[[-46.302313,-23.77867,0.0],[-46.302309,-23.778637,0.0],[-46.302265,-23.778642,0.0],[-46.302269,-23.778675,0.0],[-46.302313,-23.77867,0.0]]]}},{"type":"Feature","properties":{"uso":"Comercial","estado_conservacao":"Não avaliado","fonte":"Mapas Palazzi (catálogo MAPEAMENTO E SHAPEFILES_R01)"},"geometry":{"type":"Polygon","coordinates":[[[-46.302309,-23.778637,0.0],[-46.302305,-23.778603,0.0],[-46.302261,-23.778608,0.0],[-46.302265,-23.778642,0.0],[-46.302309,-23.778637,0.0]]]}},{"type":"Feature","properties":{"uso":"Sem dados","estado_conservacao":"Não avaliado","fonte":"Mapas Palazzi (catálogo MAPEAMENTO E SHAPEFILES_R01)"},"geometry":{"type":"MultiPolygon","coordinates":[[[[-46.304592,-23.781143,0.0],[-46.304808,-23.781258,0.0],[-46.304834,-23.781216,0.0],[-46.304618,-23.781101,0.0],[-46.304592,-23.781143,0.0]]],[[[-46.304481,-23.78112,0.0],[-46.304505,-23.781084,0.0],[-46.304423,-23.781038,0.0],[-46.304399,-23.781075,0.0],[-46.304481,-23.78112,0.0]]],[[[-46.303994,-23.781129,0.0],[-46.304026,-23.781092,0.0],[-46.304128,-23.781166,0.0],[-46.304218,-23.781062,0.0],[-46.304036,-23.78093,0.0],[-46.303946,-23.781035,0.0],[-46.303983,-23.781062,0.0],[-46.303952,-23.781098,0.0],[-46.303994,-23.781129,0.0]]],[[[-46.30443,-23.780938,0.0],[-46.304507,-23.780981,0.0],[-46.304523,-23.780956,0.0],[-46.304446,-23.780913,0.0],[-46.30443,-23.780938,0.0]]],[[[-46.30435,-23.780842,0.0],[-46.304328,-23.780876,0.0],[-46.304428,-23.780932,0.0],[-46.304451,-23.780898,0.0],[-46.30435,-23.780842,0.0]]],[[[-46.304536,-23.780832,0.0],[-46.30455,-23.78081,0.0],[-46.304512,-23.78079,0.0],[-46.304498,-23.780812,0.0],[-46.304536,-23.780832,0.0]]]]}},{"type":"Feature","properties":{"uso":"Sem dados","estado_conservacao":"Não avaliado","fonte":"Mapas Palazzi (catálogo MAPEAMENTO E SHAPEFILES_R01)"},"geometry":{"type":"MultiPolygon","coordinates":[[[[-46.304446,-23.780913,0.0],[-46.30443,-23.780938,0.0],[-46.304507,-23.780981,0.0],[-46.304523,-23.780956,0.0],[-46.304446,-23.780913,0.0]]],[[[-46.304428,-23.780932,0.0],[-46.304451,-23.780898,0.0],[-46.30435,-23.780842,0.0],[-46.304328,-23.780876,0.0],[-46.304428,-23.780932,0.0]]]]}},{"type":"Feature","properties":{"uso":"Sem dados","estado_conservacao":"Não avaliado","fonte":"Mapas Palazzi (catálogo MAPEAMENTO E SHAPEFILES_R01)"},"geometry":{"type":"Polygon","coordinates":[[[-46.304398,-23.780421,0.0],[-46.304422,-23.780398,0.0],[-46.304401,-23.78038,0.0],[-46.304377,-23.780403,0.0],[-46.304398,-23.780421,0.0]]]}},{"type":"Feature","properties":{"uso":"A confirmar","estado_conservacao":"Não avaliado","fonte":"Mapas Palazzi (catálogo MAPEAMENTO E SHAPEFILES_R01)"},"geometry":{"type":"Polygon","coordinates":[[[-46.309683,-23.780144,0.0],[-46.30967,-23.779957,0.0],[-46.309661,-23.779929,0.0],[-46.309645,-23.779907,0.0],[-46.309617,-23.779899,0.0],[-46.309585,-23.779904,0.0],[-46.309565,-23.779928,0.0],[-46.309564,-23.779948,0.0],[-46.30958,-23.780005,0.0],[-46.309582,-23.780041,0.0],[-46.309579,-23.780079,0.0],[-46.309563,-23.780117,0.0],[-46.309555,-23.780158,0.0],[-46.309563,-23.780189,0.0],[-46.309587,-23.780213,0.0],[-46.309631,-23.780217,0.0],[-46.309659,-23.780206,0.0],[-46.309679,-23.780178,0.0],[-46.309683,-23.780144,0.0]]]}},{"type":"Feature","properties":{"uso":"Sem dados","estado_conservacao":"Não avaliado","fonte":"Mapas Palazzi (catálogo MAPEAMENTO E SHAPEFILES_R01)"},"geometry":{"type":"MultiPolygon","coordinates":[[[[-46.3039,-23.780426,0.0],[-46.303866,-23.780408,0.0],[-46.303847,-23.780439,0.0],[-46.303881,-23.780457,0.0],[-46.3039,-23.780426,0.0]]],[[[-46.303505,-23.780122,0.0],[-46.303468,-23.78018,0.0],[-46.303677,-23.780293,0.0],[-46.303713,-23.780236,0.0],[-46.303505,-23.780122,0.0]]],[[[-46.303799,-23.780236,0.0],[-46.303883,-23.780154,0.0],[-46.303491,-23.779813,0.0],[-46.303386,-23.779916,0.0],[-46.303619,-23.780118,0.0],[-46.303639,-23.780098,0.0],[-46.303799,-23.780236,0.0]]],[[[-46.305003,-23.779806,0.0],[-46.305015,-23.779794,0.0],[-46.304991,-23.779774,0.0],[-46.304979,-23.779786,0.0],[-46.305003,-23.779806,0.0]]],[[[-46.304903,-23.779736,0.0],[-46.304886,-23.77975,0.0],[-46.304972,-23.779833,0.0],[-46.30499,-23.779815,0.0],[-46.304903,-23.779736,0.0]]],[[[-46.304873,-23.779655,0.0],[-46.304908,-23.779623,0.0],[-46.304877,-23.779599,0.0],[-46.304819,-23.779656,0.0],[-46.304835,-23.779672,0.0],[-46.304863,-23.779645,0.0],[-46.304873,-23.779655,0.0]]],[[[-46.305125,-23.779642,0.0],[-46.305117,-23.779635,0.0],[-46.305182,-23.779569,0.0],[-46.305145,-23.779538,0.0],[-46.30508,-23.779605,0.0],[-46.305018,-23.779554,0.0],[-46.305078,-23.779492,0.0],[-46.305133,-23.779538,0.0],[-46.305219,-23.77945,0.0],[-46.305097,-23.779349,0.0],[-46.304877,-23.779574,0.0],[-46.305114,-23.77977,0.0],[-46.305173,-23.77971,0.0],[-46.30511,-23.779657,0.0],[-46.305125,-23.779642,0.0]]],[[[-46.30438,-23.779421,0.0],[-46.304368,-23.77944,0.0],[-46.304397,-23.779457,0.0],[-46.30441,-23.779438,0.0],[-46.30438,-23.779421,0.0]]]]}},{"type":"Feature","properties":{"uso":"Sem dados","estado_conservacao":"Não avaliado","fonte":"Mapas Palazzi (catálogo MAPEAMENTO E SHAPEFILES_R01)"},"geometry":{"type":"MultiPolygon","coordinates":[[[[-46.30998,-23.779993,0.0],[-46.309928,-23.779974,0.0],[-46.309889,-23.780065,0.0],[-46.310012,-23.780109,0.0],[-46.310037,-23.780051,0.0],[-46.309965,-23.780026,0.0],[-46.30998,-23.779993,0.0]]],[[[-46.311173,-23.779496,0.0],[-46.311153,-23.779488,0.0],[-46.311174,-23.779441,0.0],[-46.311034,-23.77939,0.0],[-46.310979,-23.779516,0.0],[-46.311138,-23.779575,0.0],[-46.311173,-23.779496,0.0]]]]}},{"type":"Feature","properties":{"uso":"Sem dados","estado_conservacao":"Não avaliado","fonte":"Mapas Palazzi (catálogo MAPEAMENTO E SHAPEFILES_R01)"},"geometry":{"type":"MultiPolygon","coordinates":[[[[-46.306693,-23.779701,0.0],[-46.306667,-23.779718,0.0],[-46.306692,-23.779751,0.0],[-46.306718,-23.779734,0.0],[-46.306693,-23.779701,0.0]]],[[[-46.306585,-23.779713,0.0],[-46.306603,-23.779718,0.0],[-46.306608,-23.779701,0.0],[-46.30659,-23.779697,0.0],[-46.306585,-23.779713,0.0]]]]}},{"type":"Feature","properties":{"uso":"Esporte","estado_conservacao":"Não avaliado","fonte":"Mapas Palazzi (catálogo MAPEAMENTO E SHAPEFILES_R01)"},"geometry":{"type":"Polygon","coordinates":[[[-46.30584,-23.77968,0.0],[-46.3054,-23.779507,0.0],[-46.305293,-23.779738,0.0],[-46.305726,-23.779907,0.0],[-46.30584,-23.77968,0.0]]]}},{"type":"Feature","properties":{"uso":"A confirmar","estado_conservacao":"Não avaliado","fonte":"Mapas Palazzi (catálogo MAPEAMENTO E SHAPEFILES_R01)"},"geometry":{"type":"Polygon","coordinates":[[[-46.304659,-23.779146,0.0],[-46.304632,-23.779141,0.0],[-46.304618,-23.779147,0.0],[-46.304609,-23.77916,0.0],[-46.304613,-23.779188,0.0],[-46.30464,-23.779199,0.0],[-46.304655,-23.779193,0.0],[-46.304667,-23.779181,0.0],[-46.304668,-23.77916,0.0],[-46.304659,-23.779146,0.0]]]}},{"type":"Feature","properties":{"uso":"Sem dados","estado_conservacao":"Não avaliado","fonte":"Mapas Palazzi (catálogo MAPEAMENTO E SHAPEFILES_R01)"},"geometry":{"type":"Polygon","coordinates":[[[-46.304785,-23.778516,0.0],[-46.304806,-23.778588,0.0],[-46.304869,-23.778576,0.0],[-46.304849,-23.778509,0.0],[-46.304785,-23.778516,0.0]]]}},{"type":"Feature","properties":{"uso":"Sem dados","estado_conservacao":"Conservado","fonte":"Mapas Palazzi (catálogo MAPEAMENTO E SHAPEFILES_R01)"},"geometry":{"type":"MultiPolygon","coordinates":[[[[-46.30104,-23.780027,0.0],[-46.301048,-23.780039,0.0],[-46.301027,-23.78005,0.0],[-46.301039,-23.780068,0.0],[-46.301078,-23.780046,0.0],[-46.301059,-23.780017,0.0],[-46.30104,-23.780027,0.0]]],[[[-46.301167,-23.779936,0.0],[-46.301187,-23.779955,0.0],[-46.301245,-23.779905,0.0],[-46.301226,-23.779886,0.0],[-46.301167,-23.779936,0.0]]]]}},{"type":"Feature","properties":{"uso":"Hotelaria / Turismo","estado_conservacao":"Não avaliado","fonte":"Mapas Palazzi (catálogo MAPEAMENTO E SHAPEFILES_R01)"},"geometry":{"type":"Polygon","coordinates":[[[-46.300936,-23.78005,0.0],[-46.301051,-23.779965,0.0],[-46.301069,-23.779986,0.0],[-46.301106,-23.779959,0.0],[-46.301084,-23.779933,0.0],[-46.301213,-23.779838,0.0],[-46.301185,-23.779805,0.0],[-46.300903,-23.780013,0.0],[-46.300936,-23.78005,0.0]]]}},{"type":"Feature","properties":{"uso":"Comercial","estado_conservacao":"Conservado","fonte":"Mapas Palazzi (catálogo MAPEAMENTO E SHAPEFILES_R01)"},"geometry":{"type":"Polygon","coordinates":[[[-46.301041,-23.779633,0.0],[-46.300973,-23.77967,0.0],[-46.301029,-23.779753,0.0],[-46.301097,-23.779714,0.0],[-46.301041,-23.779633,0.0]]]}},{"type":"Feature","properties":{"uso":"Comercial","estado_conservacao":"Conservado","fonte":"Mapas Palazzi (catálogo MAPEAMENTO E SHAPEFILES_R01)"},"geometry":{"type":"Polygon","coordinates":[[[-46.301187,-23.779489,0.0],[-46.301218,-23.779535,0.0],[-46.301241,-23.779521,0.0],[-46.30127,-23.779562,0.0],[-46.301321,-23.779531,0.0],[-46.301307,-23.779511,0.0],[-46.301334,-23.779495,0.0],[-46.301288,-23.779429,0.0],[-46.301187,-23.779489,0.0]]]}},{"type":"Feature","properties":{"uso":"Prestação de serviços","estado_conservacao":"Não avaliado","fonte":"Mapas Palazzi (catálogo MAPEAMENTO E SHAPEFILES_R01)"},"geometry":{"type":"Polygon","coordinates":[[[-46.300717,-23.779507,0.0],[-46.300832,-23.779441,0.0],[-46.300815,-23.779415,0.0],[-46.300699,-23.77948,0.0],[-46.300717,-23.779507,0.0]]]}},{"type":"Feature","properties":{"uso":"Residencial","estado_conservacao":"Não avaliado","fonte":"Mapas Palazzi (catálogo MAPEAMENTO E SHAPEFILES_R01)"},"geometry":{"type":"Polygon","coordinates":[[[-46.300798,-23.77939,0.0],[-46.300775,-23.779403,0.0],[-46.300769,-23.779394,0.0],[-46.300676,-23.779445,0.0],[-46.300699,-23.77948,0.0],[-46.300815,-23.779415,0.0],[-46.300798,-23.77939,0.0]]]}},{"type":"Feature","properties":{"uso":"Comercial","estado_conservacao":"Não avaliado","fonte":"Mapas Palazzi (catálogo MAPEAMENTO E SHAPEFILES_R01)"},"geometry":{"type":"Polygon","coordinates":[[[-46.301535,-23.779415,0.0],[-46.301518,-23.779382,0.0],[-46.30144,-23.779417,0.0],[-46.301457,-23.77945,0.0],[-46.301535,-23.779415,0.0]]]}},{"type":"Feature","properties":{"uso":"Residencial","estado_conservacao":"Conservado","fonte":"Mapas Palazzi (catálogo MAPEAMENTO E SHAPEFILES_R01)"},"geometry":{"type":"GeometryCollection","geometries":[{"type":"LineString","coordinates":[[-46.300798,-23.77939,0.0],[-46.300815,-23.779415,0.0]]},{"type":"Polygon","coordinates":[[[-46.300712,-23.77932,0.0],[-46.300626,-23.779368,0.0],[-46.300676,-23.779445,0.0],[-46.300762,-23.779398,0.0],[-46.300712,-23.77932,0.0]]]}]}},{"type":"Feature","properties":{"uso":"Comercial","estado_conservacao":"Ruínas / péssimas condições","fonte":"Mapas Palazzi (catálogo MAPEAMENTO E SHAPEFILES_R01)"},"geometry":{"type":"Polygon","coordinates":[[[-46.301706,-23.779351,0.0],[-46.301682,-23.7793,0.0],[-46.301579,-23.77934,0.0],[-46.301603,-23.779391,0.0],[-46.301706,-23.779351,0.0]]]}},{"type":"Feature","properties":{"uso":"Comercial","estado_conservacao":"Conservado","fonte":"Mapas Palazzi (catálogo MAPEAMENTO E SHAPEFILES_R01)"},"geometry":{"type":"Polygon","coordinates":[[[-46.301625,-23.779173,0.0],[-46.301517,-23.779214,0.0],[-46.301522,-23.779225,0.0],[-46.301488,-23.779238,0.0],[-46.301481,-23.779223,0.0],[-46.301365,-23.779281,0.0],[-46.301378,-23.779311,0.0],[-46.30164,-23.779207,0.0],[-46.301625,-23.779173,0.0]]]}},{"type":"Feature","properties":{"uso":"Comercial","estado_conservacao":"Não avaliado","fonte":"Mapas Palazzi (catálogo MAPEAMENTO E SHAPEFILES_R01)"},"geometry":{"type":"Polygon","coordinates":[[[-46.302305,-23.778603,0.0],[-46.302301,-23.77857,0.0],[-46.302257,-23.778574,0.0],[-46.302261,-23.778608,0.0],[-46.302305,-23.778603,0.0]]]}},{"type":"Feature","properties":{"uso":"Sem dados","estado_conservacao":"Não avaliado","fonte":"Mapas Palazzi (catálogo MAPEAMENTO E SHAPEFILES_R01)"},"geometry":{"type":"MultiPolygon","coordinates":[[[[-46.304132,-23.77872,0.0],[-46.304157,-23.778715,0.0],[-46.304151,-23.778685,0.0],[-46.304125,-23.77869,0.0],[-46.304132,-23.77872,0.0]]],[[[-46.30397,-23.778644,0.0],[-46.303974,-23.778677,0.0],[-46.30399,-23.778675,0.0],[-46.303987,-23.778642,0.0],[-46.30397,-23.778644,0.0]]],[[[-46.30429,-23.778589,0.0],[-46.304259,-23.778592,0.0],[-46.304251,-23.778527,0.0],[-46.304268,-23.778526,0.0],[-46.304264,-23.778498,0.0],[-46.304164,-23.778508,0.0],[-46.304196,-23.778751,0.0],[-46.304203,-23.778767,0.0],[-46.304217,-23.778778,0.0],[-46.304258,-23.778774,0.0],[-46.30427,-23.778758,0.0],[-46.304274,-23.778741,0.0],[-46.304269,-23.778708,0.0],[-46.304304,-23.778705,0.0],[-46.30429,-23.778589,0.0]]],[[[-46.304041,-23.778514,0.0],[-46.304003,-23.778516,0.0],[-46.304004,-23.778551,0.0],[-46.30404,-23.778551,0.0],[-46.304041,-23.778514,0.0]]],[[[-46.303947,-23.778456,0.0],[-46.303969,-23.778443,0.0],[-46.30397,-23.778424,0.0],[-46.303934,-23.778419,0.0],[-46.303936,-23.778411,0.0],[-46.303907,-23.778407,0.0],[-46.303906,-23.778417,0.0],[-46.303883,-23.778414,0.0],[-46.303875,-23.778463,0.0],[-46.303944,-23.778472,0.0],[-46.303947,-23.778456,0.0]]],[[[-46.30439,-23.778412,0.0],[-46.304388,-23.778386,0.0],[-46.304343,-23.77839,0.0],[-46.304347,-23.778415,0.0],[-46.30439,-23.778412,0.0]]],[[[-46.304646,-23.778441,0.0],[-46.304693,-23.77838,0.0],[-46.304627,-23.778337,0.0],[-46.30458,-23.778398,0.0],[-46.304646,-23.778441,0.0]]],[[[-46.304296,-23.77832,0.0],[-46.304303,-23.778393,0.0],[-46.304343,-23.77839,0.0],[-46.304441,-23.778382,0.0],[-46.304438,-23.778348,0.0],[-46.304416,-23.77835,0.0],[-46.304413,-23.778311,0.0],[-46.304296,-23.77832,0.0]]],[[[-46.30401,-23.778376,0.0],[-46.30402,-23.778332,0.0],[-46.30395,-23.778319,0.0],[-46.303938,-23.778361,0.0],[-46.30401,-23.778376,0.0]]],[[[-46.304461,-23.778281,0.0],[-46.304495,-23.778334,0.0],[-46.304529,-23.778315,0.0],[-46.304495,-23.778262,0.0],[-46.304461,-23.778281,0.0]]],[[[-46.303972,-23.778219,0.0],[-46.30395,-23.778319,0.0],[-46.30401,-23.77833,0.0],[-46.304034,-23.778232,0.0],[-46.303972,-23.778219,0.0]]],[[[-46.304418,-23.778311,0.0],[-46.304416,-23.778287,0.0],[-46.304399,-23.778289,0.0],[-46.304393,-23.77822,0.0],[-46.304288,-23.778226,0.0],[-46.304296,-23.77832,0.0],[-46.304418,-23.778311,0.0]]],[[[-46.304087,-23.778225,0.0],[-46.304099,-23.778151,0.0],[-46.304064,-23.778146,0.0],[-46.304051,-23.77822,0.0],[-46.304087,-23.778225,0.0]]],[[[-46.303717,-23.778962,0.0],[-46.303689,-23.778931,0.0],[-46.303651,-23.778965,0.0],[-46.303676,-23.778994,0.0],[-46.303717,-23.778962,0.0]]],[[[-46.30376,-23.778953,0.0],[-46.303731,-23.778928,0.0],[-46.303706,-23.77895,0.0],[-46.303731,-23.778978,0.0],[-46.30376,-23.778953,0.0]]],[[[-46.303766,-23.778959,0.0],[-46.303792,-23.778935,0.0],[-46.30381,-23.778892,0.0],[-46.303763,-23.778875,0.0],[-46.303731,-23.778928,0.0],[-46.303766,-23.778959,0.0]]],[[[-46.30383,-23.778898,0.0],[-46.303925,-23.778669,0.0],[-46.303942,-23.778604,0.0],[-46.303883,-23.778585,0.0],[-46.303763,-23.778875,0.0],[-46.30383,-23.778898,0.0]]],[[[-46.303667,-23.778633,0.0],[-46.303623,-23.778658,0.0],[-46.303641,-23.778694,0.0],[-46.303695,-23.778676,0.0],[-46.303667,-23.778633,0.0]]],[[[-46.303895,-23.778557,0.0],[-46.303883,-23.778585,0.0],[-46.30392,-23.778597,0.0],[-46.303927,-23.778567,0.0],[-46.303895,-23.778557,0.0]]],[[[-46.303603,-23.778616,0.0],[-46.303753,-23.778557,0.0],[-46.303722,-23.77849,0.0],[-46.303595,-23.778541,0.0],[-46.30359,-23.77853,0.0],[-46.303567,-23.77854,0.0],[-46.303603,-23.778616,0.0]]],[[[-46.303737,-23.778484,0.0],[-46.303757,-23.778524,0.0],[-46.303777,-23.778516,0.0],[-46.303757,-23.778476,0.0],[-46.303737,-23.778484,0.0]]],[[[-46.30366,-23.778484,0.0],[-46.3037,-23.778472,0.0],[-46.303702,-23.778483,0.0],[-46.303766,-23.778462,0.0],[-46.303756,-23.778431,0.0],[-46.303552,-23.778458,0.0],[-46.30357,-23.778524,0.0],[-46.303664,-23.778495,0.0],[-46.30366,-23.778484,0.0]]],[[[-46.30387,-23.778458,0.0],[-46.303867,-23.778399,0.0],[-46.303808,-23.778402,0.0],[-46.30381,-23.77846,0.0],[-46.30387,-23.778458,0.0]]],[[[-46.303686,-23.778262,0.0],[-46.3037,-23.778372,0.0],[-46.303714,-23.778371,0.0],[-46.303718,-23.778408,0.0],[-46.303804,-23.778406,0.0],[-46.303786,-23.778252,0.0],[-46.303686,-23.778262,0.0]]],[[[-46.303838,-23.778371,0.0],[-46.30384,-23.778388,0.0],[-46.303877,-23.778383,0.0],[-46.303876,-23.778369,0.0],[-46.303889,-23.778368,0.0],[-46.303885,-23.778321,0.0],[-46.303902,-23.77832,0.0],[-46.303898,-23.778256,0.0],[-46.303799,-23.778262,0.0],[-46.303805,-23.778332,0.0],[-46.303826,-23.77833,0.0],[-46.303829,-23.778371,0.0],[-46.303838,-23.778371,0.0]]]]}},{"type":"Feature","properties":{"uso":"Sem dados","estado_conservacao":"Conservado","fonte":"Mapas Palazzi (catálogo MAPEAMENTO E SHAPEFILES_R01)"},"geometry":{"type":"GeometryCollection","geometries":[{"type":"LineString","coordinates":[[-46.304574,-23.778044,0.0],[-46.304574,-23.778044,0.0]]},{"type":"LineString","coordinates":[[-46.304102,-23.777633,0.0],[-46.304102,-23.777633,0.0]]},{"type":"Polygon","coordinates":[[[-46.304674,-23.778045,0.0],[-46.304574,-23.778044,0.0],[-46.30442,-23.778043,0.0],[-46.304419,-23.778085,0.0],[-46.304673,-23.778089,0.0],[-46.304674,-23.778045,0.0]]]},{"type":"Polygon","coordinates":[[[-46.304697,-23.778045,0.0],[-46.304765,-23.778044,0.0],[-46.304765,-23.778013,0.0],[-46.304697,-23.778013,0.0],[-46.304697,-23.778045,0.0]]]},{"type":"Polygon","coordinates":[[[-46.304689,-23.777993,0.0],[-46.304722,-23.777992,0.0],[-46.304724,-23.777957,0.0],[-46.304691,-23.777956,0.0],[-46.304689,-23.777993,0.0]]]},{"type":"Polygon","coordinates":[[[-46.304425,-23.777902,0.0],[-46.304646,-23.7779,0.0],[-46.304646,-23.777858,0.0],[-46.304425,-23.77786,0.0],[-46.304425,-23.777902,0.0]]]},{"type":"Polygon","coordinates":[[[-46.304644,-23.777819,0.0],[-46.304643,-23.777797,0.0],[-46.304608,-23.777797,0.0],[-46.304609,-23.777819,0.0],[-46.304644,-23.777819,0.0]]]},{"type":"Polygon","coordinates":[[[-46.305293,-23.777791,0.0],[-46.305295,-23.777772,0.0],[-46.305251,-23.777768,0.0],[-46.305249,-23.777788,0.0],[-46.305293,-23.777791,0.0]]]},{"type":"Polygon","coordinates":[[[-46.304657,-23.777753,0.0],[-46.304657,-23.777767,0.0],[-46.304685,-23.777767,0.0],[-46.304685,-23.777753,0.0],[-46.304657,-23.777753,0.0]]]},{"type":"Polygon","coordinates":[[[-46.304853,-23.77777,0.0],[-46.304886,-23.777768,0.0],[-46.304886,-23.777748,0.0],[-46.304854,-23.777749,0.0],[-46.304853,-23.77777,0.0]]]},{"type":"Polygon","coordinates":[[[-46.304848,-23.777727,0.0],[-46.304707,-23.777722,0.0],[-46.304706,-23.777768,0.0],[-46.304853,-23.77777,0.0],[-46.304854,-23.777728,0.0],[-46.304848,-23.777727,0.0]]]},{"type":"Polygon","coordinates":[[[-46.304657,-23.777767,0.0],[-46.304658,-23.777721,0.0],[-46.304566,-23.77772,0.0],[-46.304566,-23.77772,0.0],[-46.304547,-23.77772,0.0],[-46.304547,-23.777731,0.0],[-46.304426,-23.77773,0.0],[-46.304427,-23.777767,0.0],[-46.304657,-23.777767,0.0]]]},{"type":"Polygon","coordinates":[[[-46.304914,-23.777692,0.0],[-46.304803,-23.777688,0.0],[-46.304802,-23.777726,0.0],[-46.304951,-23.777731,0.0],[-46.304952,-23.777704,0.0],[-46.304914,-23.777702,0.0],[-46.304914,-23.777692,0.0]]]},{"type":"Polygon","coordinates":[[[-46.304566,-23.777713,0.0],[-46.304566,-23.77772,0.0],[-46.304668,-23.777721,0.0],[-46.304669,-23.777685,0.0],[-46.304428,-23.77768,0.0],[-46.304427,-23.77771,0.0],[-46.304566,-23.777713,0.0]]]},{"type":"Polygon","coordinates":[[[-46.305083,-23.777625,0.0],[-46.304958,-23.777638,0.0],[-46.30496,-23.777656,0.0],[-46.305086,-23.777643,0.0],[-46.305083,-23.777625,0.0]]]},{"type":"Polygon","coordinates":[[[-46.304692,-23.777625,0.0],[-46.304622,-23.777624,0.0],[-46.304432,-23.777621,0.0],[-46.30443,-23.777649,0.0],[-46.304691,-23.777653,0.0],[-46.304692,-23.777625,0.0]]]},{"type":"Polygon","coordinates":[[[-46.304598,-23.777568,0.0],[-46.304435,-23.777569,0.0],[-46.304433,-23.777596,0.0],[-46.304731,-23.777599,0.0],[-46.304731,-23.777578,0.0],[-46.304712,-23.777578,0.0],[-46.304712,-23.777573,0.0],[-46.304599,-23.777573,0.0],[-46.304598,-23.777568,0.0]]]},{"type":"Polygon","coordinates":[[[-46.30467,-23.777543,0.0],[-46.304612,-23.777544,0.0],[-46.304612,-23.777567,0.0],[-46.304669,-23.777567,0.0],[-46.30467,-23.777543,0.0]]]},{"type":"Polygon","coordinates":[[[-46.304732,-23.777566,0.0],[-46.304732,-23.777542,0.0],[-46.304707,-23.777543,0.0],[-46.304708,-23.777566,0.0],[-46.304732,-23.777566,0.0]]]},{"type":"Polygon","coordinates":[[[-46.304433,-23.777496,0.0],[-46.304435,-23.77753,0.0],[-46.30457,-23.777528,0.0],[-46.304731,-23.777524,0.0],[-46.30473,-23.777494,0.0],[-46.304433,-23.777496,0.0]]]},{"type":"Polygon","coordinates":[[[-46.304749,-23.777494,0.0],[-46.304738,-23.777494,0.0],[-46.304739,-23.777526,0.0],[-46.304772,-23.777525,0.0],[-46.30477,-23.777493,0.0],[-46.304749,-23.777494,0.0]]]},{"type":"Polygon","coordinates":[[[-46.304748,-23.777467,0.0],[-46.304749,-23.777493,0.0],[-46.304829,-23.77749,0.0],[-46.304829,-23.777466,0.0],[-46.304748,-23.777467,0.0]]]},{"type":"Polygon","coordinates":[[[-46.304686,-23.777384,0.0],[-46.304587,-23.777385,0.0],[-46.304587,-23.777396,0.0],[-46.304552,-23.777397,0.0],[-46.304551,-23.777437,0.0],[-46.304686,-23.777436,0.0],[-46.304686,-23.777384,0.0]]]},{"type":"Polygon","coordinates":[[[-46.304982,-23.777396,0.0],[-46.304972,-23.777397,0.0],[-46.304974,-23.777425,0.0],[-46.305025,-23.77742,0.0],[-46.305017,-23.777348,0.0],[-46.304977,-23.777352,0.0],[-46.304982,-23.777396,0.0]]]},{"type":"Polygon","coordinates":[[[-46.304623,-23.777376,0.0],[-46.304621,-23.777336,0.0],[-46.304432,-23.777341,0.0],[-46.304433,-23.777376,0.0],[-46.304623,-23.777376,0.0]]]},{"type":"Polygon","coordinates":[[[-46.304528,-23.777171,0.0],[-46.304564,-23.777169,0.0],[-46.304563,-23.777153,0.0],[-46.304555,-23.777153,0.0],[-46.304553,-23.777126,0.0],[-46.304525,-23.777127,0.0],[-46.304528,-23.777171,0.0]]]},{"type":"Polygon","coordinates":[[[-46.304612,-23.778044,0.0],[-46.304613,-23.777993,0.0],[-46.304409,-23.777995,0.0],[-46.304407,-23.778043,0.0],[-46.304574,-23.778044,0.0],[-46.304612,-23.778044,0.0]]]},{"type":"Polygon","coordinates":[[[-46.304426,-23.777981,0.0],[-46.304607,-23.777985,0.0],[-46.304607,-23.777954,0.0],[-46.304427,-23.777952,0.0],[-46.304426,-23.777981,0.0]]]},{"type":"Polygon","coordinates":[[[-46.304577,-23.777954,0.0],[-46.304578,-23.7779,0.0],[-46.304425,-23.777902,0.0],[-46.304427,-23.777952,0.0],[-46.304577,-23.777954,0.0]]]},{"type":"Polygon","coordinates":[[[-46.304601,-23.777819,0.0],[-46.304378,-23.777819,0.0],[-46.304379,-23.77786,0.0],[-46.304646,-23.777858,0.0],[-46.304644,-23.777819,0.0],[-46.304601,-23.777819,0.0]]]},{"type":"Polygon","coordinates":[[[-46.304581,-23.777792,0.0],[-46.304581,-23.777776,0.0],[-46.304424,-23.777775,0.0],[-46.304425,-23.777819,0.0],[-46.304601,-23.777819,0.0],[-46.304601,-23.777792,0.0],[-46.304581,-23.777792,0.0]]]},{"type":"Polygon","coordinates":[[[-46.30443,-23.777649,0.0],[-46.304428,-23.77768,0.0],[-46.304621,-23.777684,0.0],[-46.304621,-23.777666,0.0],[-46.304602,-23.777665,0.0],[-46.304602,-23.777652,0.0],[-46.30443,-23.777649,0.0]]]},{"type":"Polygon","coordinates":[[[-46.304622,-23.777624,0.0],[-46.304623,-23.777613,0.0],[-46.304603,-23.777612,0.0],[-46.304603,-23.777598,0.0],[-46.304433,-23.777596,0.0],[-46.304432,-23.777621,0.0],[-46.304622,-23.777624,0.0]]]},{"type":"Polygon","coordinates":[[[-46.304435,-23.77753,0.0],[-46.304436,-23.777565,0.0],[-46.304571,-23.77756,0.0],[-46.30457,-23.777528,0.0],[-46.304435,-23.77753,0.0]]]},{"type":"Polygon","coordinates":[[[-46.304619,-23.777465,0.0],[-46.304434,-23.777467,0.0],[-46.304433,-23.777496,0.0],[-46.30462,-23.777495,0.0],[-46.304619,-23.777465,0.0]]]},{"type":"Polygon","coordinates":[[[-46.304592,-23.777465,0.0],[-46.304592,-23.777437,0.0],[-46.304434,-23.777438,0.0],[-46.304434,-23.777467,0.0],[-46.304592,-23.777465,0.0]]]},{"type":"Polygon","coordinates":[[[-46.304433,-23.777376,0.0],[-46.304434,-23.777438,0.0],[-46.30454,-23.777437,0.0],[-46.304539,-23.777376,0.0],[-46.304433,-23.777376,0.0]]]},{"type":"Polygon","coordinates":[[[-46.304592,-23.777267,0.0],[-46.304431,-23.777269,0.0],[-46.304432,-23.777306,0.0],[-46.304593,-23.777304,0.0],[-46.304592,-23.777267,0.0]]]},{"type":"Polygon","coordinates":[[[-46.304465,-23.777241,0.0],[-46.304428,-23.777243,0.0],[-46.30443,-23.777261,0.0],[-46.304466,-23.777259,0.0],[-46.304465,-23.777241,0.0]]]},{"type":"Polygon","coordinates":[[[-46.304428,-23.777243,0.0],[-46.30453,-23.777238,0.0],[-46.304528,-23.777206,0.0],[-46.304426,-23.777212,0.0],[-46.304428,-23.777243,0.0]]]},{"type":"Polygon","coordinates":[[[-46.304423,-23.777176,0.0],[-46.304426,-23.777212,0.0],[-46.304546,-23.777205,0.0],[-46.304544,-23.77717,0.0],[-46.304423,-23.777176,0.0]]]},{"type":"Polygon","coordinates":[[[-46.304422,-23.777115,0.0],[-46.304423,-23.777176,0.0],[-46.304511,-23.777172,0.0],[-46.304508,-23.777112,0.0],[-46.304422,-23.777115,0.0]]]},{"type":"Polygon","coordinates":[[[-46.304422,-23.777115,0.0],[-46.304431,-23.777096,0.0],[-46.304255,-23.777081,0.0],[-46.304247,-23.777135,0.0],[-46.304378,-23.777147,0.0],[-46.304379,-23.77713,0.0],[-46.304422,-23.777115,0.0]]]},{"type":"Polygon","coordinates":[[[-46.304255,-23.777081,0.0],[-46.304455,-23.777097,0.0],[-46.304457,-23.777066,0.0],[-46.304434,-23.777065,0.0],[-46.304435,-23.77704,0.0],[-46.3044,-23.777039,0.0],[-46.304398,-23.777061,0.0],[-46.304258,-23.77705,0.0],[-46.304255,-23.777081,0.0]]]},{"type":"Polygon","coordinates":[[[-46.304384,-23.776914,0.0],[-46.304458,-23.776905,0.0],[-46.304485,-23.776906,0.0],[-46.304486,-23.776879,0.0],[-46.304456,-23.776878,0.0],[-46.304456,-23.77687,0.0],[-46.304298,-23.776875,0.0],[-46.3043,-23.776962,0.0],[-46.304487,-23.776947,0.0],[-46.304484,-23.776932,0.0],[-46.304446,-23.776935,0.0],[-46.304444,-23.776907,0.0],[-46.304384,-23.776914,0.0]]]},{"type":"Polygon","coordinates":[[[-46.304446,-23.776817,0.0],[-46.304376,-23.776821,0.0],[-46.304377,-23.776854,0.0],[-46.304449,-23.776848,0.0],[-46.304446,-23.776817,0.0]]]},{"type":"Polygon","coordinates":[[[-46.304399,-23.776814,0.0],[-46.304449,-23.776804,0.0],[-46.304442,-23.77677,0.0],[-46.304391,-23.776779,0.0],[-46.304399,-23.776814,0.0]]]},{"type":"Polygon","coordinates":[[[-46.304276,-23.776756,0.0],[-46.304289,-23.776818,0.0],[-46.304384,-23.776801,0.0],[-46.304371,-23.776739,0.0],[-46.304276,-23.776756,0.0]]]},{"type":"Polygon","coordinates":[[[-46.304508,-23.776727,0.0],[-46.304524,-23.776682,0.0],[-46.304505,-23.776673,0.0],[-46.30447,-23.776687,0.0],[-46.304464,-23.776713,0.0],[-46.304508,-23.776727,0.0]]]},{"type":"Polygon","coordinates":[[[-46.304515,-23.776659,0.0],[-46.304466,-23.776562,0.0],[-46.304423,-23.77658,0.0],[-46.304429,-23.776591,0.0],[-46.304399,-23.776604,0.0],[-46.304442,-23.776689,0.0],[-46.304515,-23.776659,0.0]]]},{"type":"Polygon","coordinates":[[[-46.304068,-23.778066,0.0],[-46.304095,-23.778014,0.0],[-46.304035,-23.777987,0.0],[-46.304023,-23.778007,0.0],[-46.304031,-23.77801,0.0],[-46.304025,-23.778025,0.0],[-46.30404,-23.77803,0.0],[-46.304021,-23.778076,0.0],[-46.304068,-23.778066,0.0]]]},{"type":"Polygon","coordinates":[[[-46.304349,-23.777995,0.0],[-46.304282,-23.777994,0.0],[-46.30428,-23.778025,0.0],[-46.304348,-23.778027,0.0],[-46.304349,-23.777995,0.0]]]},{"type":"Polygon","coordinates":[[[-46.304013,-23.777958,0.0],[-46.304005,-23.777956,0.0],[-46.303916,-23.777934,0.0],[-46.30389,-23.77802,0.0],[-46.303986,-23.778043,0.0],[-46.304013,-23.777958,0.0]]]},{"type":"Polygon","coordinates":[[[-46.304095,-23.778014,0.0],[-46.304141,-23.778035,0.0],[-46.304185,-23.777954,0.0],[-46.304073,-23.77791,0.0],[-46.304035,-23.777987,0.0],[-46.304095,-23.778014,0.0]]]},{"type":"Polygon","coordinates":[[[-46.303934,-23.777874,0.0],[-46.303916,-23.777934,0.0],[-46.304005,-23.777956,0.0],[-46.304022,-23.777896,0.0],[-46.303934,-23.777874,0.0]]]},{"type":"Polygon","coordinates":[[[-46.304197,-23.777832,0.0],[-46.304151,-23.777817,0.0],[-46.304151,-23.777817,0.0],[-46.304123,-23.777808,0.0],[-46.304105,-23.777839,0.0],[-46.304129,-23.777848,0.0],[-46.304103,-23.777902,0.0],[-46.30408,-23.777895,0.0],[-46.304073,-23.77791,0.0],[-46.3042,-23.77796,0.0],[-46.304217,-23.777928,0.0],[-46.304196,-23.777919,0.0],[-46.304211,-23.777893,0.0],[-46.30422,-23.777898,0.0],[-46.304241,-23.777863,0.0],[-46.304193,-23.777844,0.0],[-46.304197,-23.777832,0.0]]]},{"type":"Polygon","coordinates":[[[-46.304022,-23.777896,0.0],[-46.304063,-23.777906,0.0],[-46.304078,-23.777878,0.0],[-46.303942,-23.777845,0.0],[-46.303934,-23.777874,0.0],[-46.304022,-23.777896,0.0]]]},{"type":"Polygon","coordinates":[[[-46.303968,-23.777778,0.0],[-46.303942,-23.777845,0.0],[-46.30404,-23.777869,0.0],[-46.304053,-23.777827,0.0],[-46.30408,-23.777833,0.0],[-46.304088,-23.777809,0.0],[-46.303968,-23.777778,0.0]]]},{"type":"Polygon","coordinates":[[[-46.304158,-23.777799,0.0],[-46.304151,-23.777817,0.0],[-46.304189,-23.77783,0.0],[-46.304196,-23.777811,0.0],[-46.304158,-23.777799,0.0]]]},{"type":"Polygon","coordinates":[[[-46.304181,-23.777774,0.0],[-46.304255,-23.777789,0.0],[-46.304261,-23.777762,0.0],[-46.304191,-23.777746,0.0],[-46.304181,-23.777774,0.0]]]},{"type":"Polygon","coordinates":[[[-46.304161,-23.777739,0.0],[-46.304131,-23.77773,0.0],[-46.304118,-23.777771,0.0],[-46.304144,-23.777779,0.0],[-46.304161,-23.777739,0.0]]]},{"type":"Polygon","coordinates":[[[-46.30409,-23.777783,0.0],[-46.304076,-23.77778,0.0],[-46.30409,-23.777735,0.0],[-46.304112,-23.77774,0.0],[-46.304117,-23.777725,0.0],[-46.304,-23.777695,0.0],[-46.303968,-23.777778,0.0],[-46.304082,-23.777807,0.0],[-46.30409,-23.777783,0.0]]]},{"type":"Polygon","coordinates":[[[-46.304165,-23.777613,0.0],[-46.304112,-23.7776,0.0],[-46.304102,-23.777633,0.0],[-46.304093,-23.777666,0.0],[-46.304152,-23.777678,0.0],[-46.304165,-23.77765,0.0],[-46.304155,-23.777647,0.0],[-46.304165,-23.777613,0.0]]]},{"type":"Polygon","coordinates":[[[-46.304093,-23.777666,0.0],[-46.304102,-23.777633,0.0],[-46.304112,-23.7776,0.0],[-46.304026,-23.777579,0.0],[-46.304007,-23.777647,0.0],[-46.304093,-23.777666,0.0]]]},{"type":"Polygon","coordinates":[[[-46.304026,-23.777579,0.0],[-46.304207,-23.777623,0.0],[-46.304215,-23.777539,0.0],[-46.304163,-23.777536,0.0],[-46.304159,-23.777562,0.0],[-46.304043,-23.777531,0.0],[-46.304026,-23.777579,0.0]]]},{"type":"Polygon","coordinates":[[[-46.304192,-23.777479,0.0],[-46.3042,-23.777371,0.0],[-46.304135,-23.777366,0.0],[-46.304134,-23.777379,0.0],[-46.304053,-23.777375,0.0],[-46.304039,-23.777516,0.0],[-46.304114,-23.777522,0.0],[-46.304114,-23.777532,0.0],[-46.304186,-23.777537,0.0],[-46.304189,-23.777515,0.0],[-46.304156,-23.777513,0.0],[-46.304159,-23.777477,0.0],[-46.304192,-23.777479,0.0]]]},{"type":"Polygon","coordinates":[[[-46.303983,-23.777319,0.0],[-46.303975,-23.777372,0.0],[-46.303974,-23.777419,0.0],[-46.303973,-23.777465,0.0],[-46.30401,-23.777472,0.0],[-46.304016,-23.777324,0.0],[-46.303983,-23.777319,0.0]]]},{"type":"Polygon","coordinates":[[[-46.304212,-23.777372,0.0],[-46.304213,-23.777437,0.0],[-46.304244,-23.777436,0.0],[-46.304244,-23.777442,0.0],[-46.304367,-23.777437,0.0],[-46.304365,-23.777337,0.0],[-46.304212,-23.777346,0.0],[-46.304212,-23.777372,0.0]]]},{"type":"Polygon","coordinates":[[[-46.304179,-23.777253,0.0],[-46.304066,-23.777245,0.0],[-46.304054,-23.777359,0.0],[-46.304212,-23.777372,0.0],[-46.304212,-23.777346,0.0],[-46.304172,-23.777342,0.0],[-46.304179,-23.777253,0.0]]]},{"type":"Polygon","coordinates":[[[-46.304368,-23.777249,0.0],[-46.304311,-23.77725,0.0],[-46.304311,-23.777283,0.0],[-46.304273,-23.777283,0.0],[-46.304274,-23.777296,0.0],[-46.304228,-23.777299,0.0],[-46.304229,-23.777318,0.0],[-46.304273,-23.777317,0.0],[-46.304273,-23.777327,0.0],[-46.304367,-23.777325,0.0],[-46.304368,-23.777249,0.0]]]},{"type":"Polygon","coordinates":[[[-46.304149,-23.777251,0.0],[-46.304191,-23.777254,0.0],[-46.304187,-23.777186,0.0],[-46.304159,-23.777186,0.0],[-46.304156,-23.777233,0.0],[-46.304147,-23.777232,0.0],[-46.304149,-23.777251,0.0]]]},{"type":"Polygon","coordinates":[[[-46.304259,-23.777176,0.0],[-46.304259,-23.777185,0.0],[-46.304228,-23.777186,0.0],[-46.304228,-23.77725,0.0],[-46.304331,-23.777249,0.0],[-46.30433,-23.777193,0.0],[-46.304302,-23.777192,0.0],[-46.304301,-23.777177,0.0],[-46.304259,-23.777176,0.0]]]},{"type":"Polygon","coordinates":[[[-46.304122,-23.777185,0.0],[-46.304073,-23.777183,0.0],[-46.304071,-23.77724,0.0],[-46.304119,-23.777241,0.0],[-46.304122,-23.777185,0.0]]]},{"type":"Polygon","coordinates":[[[-46.304185,-23.776946,0.0],[-46.304106,-23.776895,0.0],[-46.304024,-23.776992,0.0],[-46.3041,-23.777047,0.0],[-46.304185,-23.776946,0.0]]]},{"type":"Polygon","coordinates":[[[-46.30394,-23.78039,0.0],[-46.303879,-23.780359,0.0],[-46.303861,-23.780388,0.0],[-46.303922,-23.78042,0.0],[-46.30394,-23.78039,0.0]]]},{"type":"Polygon","coordinates":[[[-46.303671,-23.780343,0.0],[-46.303814,-23.78042,0.0],[-46.303869,-23.780334,0.0],[-46.303727,-23.780256,0.0],[-46.303671,-23.780343,0.0]]]},{"type":"Polygon","coordinates":[[[-46.30329,-23.779456,0.0],[-46.303128,-23.779321,0.0],[-46.30316,-23.779299,0.0],[-46.303122,-23.779169,0.0],[-46.303088,-23.779177,0.0],[-46.303057,-23.779072,0.0],[-46.303041,-23.779076,0.0],[-46.303024,-23.779016,0.0],[-46.302924,-23.779041,0.0],[-46.302942,-23.779103,0.0],[-46.302909,-23.779113,0.0],[-46.302886,-23.779052,0.0],[-46.302839,-23.779072,0.0],[-46.302854,-23.779129,0.0],[-46.30283,-23.779131,0.0],[-46.302897,-23.779363,0.0],[-46.302906,-23.779364,0.0],[-46.302929,-23.779415,0.0],[-46.303145,-23.779601,0.0],[-46.30329,-23.779456,0.0]]]},{"type":"Polygon","coordinates":[[[-46.302299,-23.778853,0.0],[-46.302393,-23.779149,0.0],[-46.302486,-23.779124,0.0],[-46.302394,-23.77883,0.0],[-46.302299,-23.778853,0.0]]]},{"type":"Polygon","coordinates":[[[-46.303636,-23.778177,0.0],[-46.303644,-23.778214,0.0],[-46.303701,-23.778199,0.0],[-46.30369,-23.778163,0.0],[-46.303676,-23.778167,0.0],[-46.303636,-23.778177,0.0]]]},{"type":"Polygon","coordinates":[[[-46.303773,-23.778201,0.0],[-46.303799,-23.778197,0.0],[-46.303805,-23.778167,0.0],[-46.303765,-23.778162,0.0],[-46.303773,-23.778201,0.0]]]},{"type":"Polygon","coordinates":[[[-46.303888,-23.778205,0.0],[-46.303899,-23.77816,0.0],[-46.303854,-23.778152,0.0],[-46.303843,-23.778195,0.0],[-46.303888,-23.778205,0.0]]]},{"type":"Polygon","coordinates":[[[-46.303714,-23.778133,0.0],[-46.303611,-23.778118,0.0],[-46.303538,-23.778107,0.0],[-46.303512,-23.778194,0.0],[-46.303553,-23.778182,0.0],[-46.303551,-23.778174,0.0],[-46.303566,-23.778224,0.0],[-46.303642,-23.778205,0.0],[-46.30363,-23.778154,0.0],[-46.303636,-23.778177,0.0],[-46.303676,-23.778167,0.0],[-46.303676,-23.778157,0.0],[-46.303713,-23.778157,0.0],[-46.303714,-23.778133,0.0]]]},{"type":"Polygon","coordinates":[[[-46.303911,-23.778162,0.0],[-46.303916,-23.77814,0.0],[-46.303933,-23.778143,0.0],[-46.30396,-23.778037,0.0],[-46.30389,-23.77802,0.0],[-46.303854,-23.778152,0.0],[-46.303899,-23.77816,0.0],[-46.303911,-23.778162,0.0]]]},{"type":"Polygon","coordinates":[[[-46.303573,-23.778009,0.0],[-46.303538,-23.778107,0.0],[-46.303611,-23.778118,0.0],[-46.303617,-23.778097,0.0],[-46.303654,-23.778108,0.0],[-46.303682,-23.778039,0.0],[-46.303573,-23.778009,0.0]]]},{"type":"Polygon","coordinates":[[[-46.303763,-23.778041,0.0],[-46.303755,-23.778062,0.0],[-46.303817,-23.778081,0.0],[-46.303829,-23.778047,0.0],[-46.303819,-23.778044,0.0],[-46.303827,-23.778018,0.0],[-46.303777,-23.778004,0.0],[-46.303763,-23.778041,0.0]]]},{"type":"Polygon","coordinates":[[[-46.303676,-23.778007,0.0],[-46.303645,-23.777998,0.0],[-46.303636,-23.778026,0.0],[-46.303736,-23.778055,0.0],[-46.303743,-23.778035,0.0],[-46.303763,-23.778041,0.0],[-46.303777,-23.778004,0.0],[-46.303686,-23.777978,0.0],[-46.303676,-23.778007,0.0]]]},{"type":"Polygon","coordinates":[[[-46.30385,-23.778025,0.0],[-46.30387,-23.777954,0.0],[-46.303829,-23.777943,0.0],[-46.303818,-23.777975,0.0],[-46.303792,-23.777967,0.0],[-46.303777,-23.778004,0.0],[-46.30385,-23.778025,0.0]]]},{"type":"Polygon","coordinates":[[[-46.303763,-23.777987,0.0],[-46.303782,-23.777932,0.0],[-46.303733,-23.777918,0.0],[-46.303726,-23.777936,0.0],[-46.303701,-23.777928,0.0],[-46.303706,-23.777911,0.0],[-46.303617,-23.777886,0.0],[-46.303592,-23.777955,0.0],[-46.303681,-23.777981,0.0],[-46.303687,-23.777965,0.0],[-46.303763,-23.777987,0.0]]]},{"type":"Polygon","coordinates":[[[-46.303831,-23.777892,0.0],[-46.303818,-23.77794,0.0],[-46.303859,-23.777951,0.0],[-46.303872,-23.777902,0.0],[-46.303831,-23.777892,0.0]]]},{"type":"Polygon","coordinates":[[[-46.303794,-23.777869,0.0],[-46.303808,-23.777873,0.0],[-46.303817,-23.777846,0.0],[-46.303645,-23.777794,0.0],[-46.303617,-23.777886,0.0],[-46.303802,-23.777938,0.0],[-46.303816,-23.777895,0.0],[-46.303788,-23.777887,0.0],[-46.303794,-23.777869,0.0]]]},{"type":"Polygon","coordinates":[[[-46.303845,-23.7778,0.0],[-46.303848,-23.777792,0.0],[-46.303813,-23.777782,0.0],[-46.303795,-23.777839,0.0],[-46.3039,-23.77787,0.0],[-46.303935,-23.777756,0.0],[-46.303896,-23.777744,0.0],[-46.303888,-23.777768,0.0],[-46.30388,-23.777766,0.0],[-46.303866,-23.777807,0.0],[-46.303845,-23.7778,0.0]]]},{"type":"Polygon","coordinates":[[[-46.303675,-23.777735,0.0],[-46.303667,-23.777733,0.0],[-46.303645,-23.777794,0.0],[-46.303786,-23.777836,0.0],[-46.303807,-23.777775,0.0],[-46.303675,-23.777735,0.0]]]},{"type":"Polygon","coordinates":[[[-46.303675,-23.777735,0.0],[-46.303759,-23.777761,0.0],[-46.303763,-23.777749,0.0],[-46.303806,-23.777763,0.0],[-46.303815,-23.777738,0.0],[-46.303787,-23.777729,0.0],[-46.303793,-23.777712,0.0],[-46.303766,-23.777704,0.0],[-46.303758,-23.777725,0.0],[-46.303728,-23.777715,0.0],[-46.303735,-23.777695,0.0],[-46.303695,-23.777682,0.0],[-46.303675,-23.777735,0.0]]]},{"type":"Polygon","coordinates":[[[-46.303885,-23.777631,0.0],[-46.303905,-23.777635,0.0],[-46.303914,-23.777596,0.0],[-46.303963,-23.777606,0.0],[-46.303972,-23.777566,0.0],[-46.303747,-23.77751,0.0],[-46.303689,-23.77768,0.0],[-46.303695,-23.777682,0.0],[-46.303802,-23.777715,0.0],[-46.30381,-23.777697,0.0],[-46.303832,-23.777704,0.0],[-46.303842,-23.777678,0.0],[-46.303819,-23.777671,0.0],[-46.303825,-23.777655,0.0],[-46.303838,-23.777659,0.0],[-46.303847,-23.777636,0.0],[-46.303833,-23.777633,0.0],[-46.303882,-23.777642,0.0],[-46.303885,-23.777631,0.0]],[[-46.303822,-23.77763,0.0],[-46.30383,-23.777598,0.0],[-46.303823,-23.77763,0.0],[-46.303833,-23.777633,0.0],[-46.303822,-23.77763,0.0]]]},{"type":"Polygon","coordinates":[[[-46.303779,-23.777424,0.0],[-46.303747,-23.77751,0.0],[-46.303926,-23.777555,0.0],[-46.303933,-23.777528,0.0],[-46.303916,-23.777524,0.0],[-46.303922,-23.777501,0.0],[-46.303938,-23.777505,0.0],[-46.303949,-23.77746,0.0],[-46.303779,-23.777424,0.0]]]},{"type":"Polygon","coordinates":[[[-46.303949,-23.77746,0.0],[-46.303973,-23.777465,0.0],[-46.303974,-23.777419,0.0],[-46.303898,-23.777399,0.0],[-46.303899,-23.777386,0.0],[-46.303803,-23.777364,0.0],[-46.303779,-23.777424,0.0],[-46.303949,-23.77746,0.0]]]},{"type":"Polygon","coordinates":[[[-46.303868,-23.777268,0.0],[-46.303855,-23.777266,0.0],[-46.303843,-23.777329,0.0],[-46.303912,-23.77734,0.0],[-46.30391,-23.777353,0.0],[-46.303976,-23.777364,0.0],[-46.303983,-23.777319,0.0],[-46.303991,-23.77732,0.0],[-46.303993,-23.777288,0.0],[-46.303868,-23.777268,0.0]]]},{"type":"Polygon","coordinates":[[[-46.303978,-23.777286,0.0],[-46.303998,-23.777156,0.0],[-46.303906,-23.777151,0.0],[-46.303868,-23.777268,0.0],[-46.303978,-23.777286,0.0]]]}]}},{"type":"Feature","properties":{"uso":"A confirmar","estado_conservacao":"Não avaliado","fonte":"Mapas Palazzi (catálogo MAPEAMENTO E SHAPEFILES_R01)"},"geometry":{"type":"MultiPolygon","coordinates":[[[[-46.303641,-23.778694,0.0],[-46.303649,-23.778802,0.0],[-46.303701,-23.778809,0.0],[-46.303695,-23.778676,0.0],[-46.303641,-23.778694,0.0]]],[[[-46.304118,-23.778416,0.0],[-46.304123,-23.778454,0.0],[-46.304262,-23.778439,0.0],[-46.304256,-23.778402,0.0],[-46.304118,-23.778416,0.0]]],[[[-46.303523,-23.778299,0.0],[-46.303541,-23.778444,0.0],[-46.303688,-23.778429,0.0],[-46.303671,-23.778284,0.0],[-46.303523,-23.778299,0.0]]],[[[-46.303458,-23.778041,0.0],[-46.303394,-23.778032,0.0],[-46.303383,-23.778101,0.0],[-46.303445,-23.778111,0.0],[-46.303458,-23.778041,0.0]]]]}},{"type":"Feature","properties":{"uso":"Sem dados","estado_conservacao":"Não avaliado","fonte":"Mapas Palazzi (catálogo MAPEAMENTO E SHAPEFILES_R01)"},"geometry":{"type":"Polygon","coordinates":[[[-46.301975,-23.77824,0.0],[-46.3021,-23.777796,0.0],[-46.302015,-23.777776,0.0],[-46.301889,-23.778219,0.0],[-46.301975,-23.77824,0.0]]]}},{"type":"Feature","properties":{"uso":"Sem dados","estado_conservacao":"Não avaliado","fonte":"Mapas Palazzi (catálogo MAPEAMENTO E SHAPEFILES_R01)"},"geometry":{"type":"Polygon","coordinates":[[[-46.303636,-23.778026,0.0],[-46.303654,-23.777973,0.0],[-46.303592,-23.777955,0.0],[-46.303573,-23.778009,0.0],[-46.303636,-23.778026,0.0]]]}},{"type":"Feature","properties":{"uso":"Sem dados","estado_conservacao":"Não avaliado","fonte":"Mapas Palazzi (catálogo MAPEAMENTO E SHAPEFILES_R01)"},"geometry":{"type":"MultiPolygon","coordinates":[[[[-46.303394,-23.777771,0.0],[-46.30334,-23.77777,0.0],[-46.303337,-23.777865,0.0],[-46.303391,-23.777866,0.0],[-46.303394,-23.777771,0.0]]],[[[-46.303409,-23.777447,0.0],[-46.303399,-23.77749,0.0],[-46.303448,-23.7775,0.0],[-46.303458,-23.777457,0.0],[-46.303409,-23.777447,0.0]]]]}},{"type":"Feature","properties":{"uso":"Sem dados","estado_conservacao":"Não avaliado","fonte":"Mapas Palazzi (catálogo MAPEAMENTO E SHAPEFILES_R01)"},"geometry":{"type":"MultiPolygon","coordinates":[[[[-46.303018,-23.777812,0.0],[-46.303045,-23.777808,0.0],[-46.303038,-23.777768,0.0],[-46.30301,-23.777772,0.0],[-46.303018,-23.777812,0.0]]],[[[-46.302794,-23.777523,0.0],[-46.302849,-23.777532,0.0],[-46.302863,-23.777463,0.0],[-46.302807,-23.777454,0.0],[-46.302794,-23.777523,0.0]]]]}},{"type":"Feature","properties":{"uso":"A confirmar","estado_conservacao":"Não avaliado","fonte":"Mapas Palazzi (catálogo MAPEAMENTO E SHAPEFILES_R01)"},"geometry":{"type":"Polygon","coordinates":[[[-46.304229,-23.776894,0.0],[-46.304153,-23.77684,0.0],[-46.304106,-23.776895,0.0],[-46.304185,-23.776946,0.0],[-46.304229,-23.776894,0.0]]]}},{"type":"Feature","properties":{"uso":"Público","estado_conservacao":"Conservado","fonte":"Mapas Palazzi (catálogo MAPEAMENTO E SHAPEFILES_R01)"},"geometry":{"type":"Polygon","coordinates":[[[-46.302332,-23.776546,0.0],[-46.301834,-23.776789,0.0],[-46.301837,-23.776794,0.0],[-46.301814,-23.776805,0.0],[-46.301832,-23.776836,0.0],[-46.301853,-23.776826,0.0],[-46.301858,-23.776835,0.0],[-46.301889,-23.77682,0.0],[-46.301938,-23.776906,0.0],[-46.302408,-23.776678,0.0],[-46.302332,-23.776546,0.0]]]}},{"type":"Feature","properties":{"uso":"Sem dados","estado_conservacao":"Não avaliado","fonte":"Mapas Palazzi (catálogo MAPEAMENTO E SHAPEFILES_R01)"},"geometry":{"type":"Polygon","coordinates":[[[-46.300676,-23.777397,0.0],[-46.30061,-23.777412,0.0],[-46.300641,-23.777531,0.0],[-46.300696,-23.777519,0.0],[-46.300685,-23.77748,0.0],[-46.300697,-23.777477,0.0],[-46.300676,-23.777397,0.0]]]}},{"type":"Feature","properties":{"uso":"Prestação de serviços","estado_conservacao":"Conservado","fonte":"Mapas Palazzi (catálogo MAPEAMENTO E SHAPEFILES_R01)"},"geometry":{"type":"MultiPolygon","coordinates":[[[[-46.301066,-23.7775,0.0],[-46.301058,-23.777454,0.0],[-46.301048,-23.777456,0.0],[-46.301042,-23.777434,0.0],[-46.301073,-23.777429,0.0],[-46.301072,-23.777374,0.0],[-46.301028,-23.777384,0.0],[-46.301013,-23.777327,0.0],[-46.300945,-23.777343,0.0],[-46.300991,-23.777517,0.0],[-46.301066,-23.7775,0.0]]],[[[-46.301948,-23.777349,0.0],[-46.302099,-23.777223,0.0],[-46.302049,-23.777173,0.0],[-46.301899,-23.777299,0.0],[-46.301948,-23.777349,0.0]]]]}},{"type":"Feature","properties":{"uso":"Comercial","estado_conservacao":"Conservado","fonte":"Mapas Palazzi (catálogo MAPEAMENTO E SHAPEFILES_R01)"},"geometry":{"type":"MultiPolygon","coordinates":[[[[-46.300634,-23.777126,0.0],[-46.300574,-23.777137,0.0],[-46.300609,-23.777267,0.0],[-46.300667,-23.777252,0.0],[-46.300634,-23.777126,0.0]]],[[[-46.300727,-23.777236,0.0],[-46.300694,-23.777116,0.0],[-46.300634,-23.777126,0.0],[-46.300667,-23.777252,0.0],[-46.300727,-23.777236,0.0]]],[[[-46.300731,-23.777121,0.0],[-46.300739,-23.777153,0.0],[-46.300706,-23.77716,0.0],[-46.300727,-23.777236,0.0],[-46.300784,-23.77722,0.0],[-46.300756,-23.777116,0.0],[-46.300731,-23.777121,0.0]]],[[[-46.300844,-23.77721,0.0],[-46.300816,-23.777104,0.0],[-46.300756,-23.777114,0.0],[-46.300784,-23.77722,0.0],[-46.300844,-23.77721,0.0]]],[[[-46.300844,-23.77721,0.0],[-46.300917,-23.777193,0.0],[-46.300884,-23.777065,0.0],[-46.30081,-23.77708,0.0],[-46.300817,-23.777104,0.0],[-46.300844,-23.77721,0.0]]],[[[-46.30067,-23.777031,0.0],[-46.300646,-23.777037,0.0],[-46.300656,-23.777071,0.0],[-46.30068,-23.777066,0.0],[-46.30067,-23.777031,0.0]]],[[[-46.300805,-23.777063,0.0],[-46.30079,-23.777008,0.0],[-46.30075,-23.777017,0.0],[-46.300765,-23.777072,0.0],[-46.300805,-23.777063,0.0]]],[[[-46.3007,-23.777009,0.0],[-46.300707,-23.77704,0.0],[-46.300735,-23.777035,0.0],[-46.300726,-23.777003,0.0],[-46.3007,-23.777009,0.0]]]]}},{"type":"Feature","properties":{"uso":"Sem dados","estado_conservacao":"Não avaliado","fonte":"Mapas Palazzi (catálogo MAPEAMENTO E SHAPEFILES_R01)"},"geometry":{"type":"Polygon","coordinates":[[[-46.30075,-23.777017,0.0],[-46.300765,-23.777072,0.0],[-46.300805,-23.777063,0.0],[-46.30079,-23.777008,0.0],[-46.30075,-23.777017,0.0]]]}},{"type":"Feature","properties":{"uso":"Sem dados","estado_conservacao":"Não avaliado","fonte":"Mapas Palazzi (catálogo MAPEAMENTO E SHAPEFILES_R01)"},"geometry":{"type":"Polygon","coordinates":[[[-46.3007,-23.777009,0.0],[-46.300707,-23.77704,0.0],[-46.300735,-23.777035,0.0],[-46.300726,-23.777003,0.0],[-46.3007,-23.777009,0.0]]]}},{"type":"Feature","properties":{"uso":"Público","estado_conservacao":"Não avaliado","fonte":"Mapas Palazzi (catálogo MAPEAMENTO E SHAPEFILES_R01)"},"geometry":{"type":"Polygon","coordinates":[[[-46.301399,-23.777022,0.0],[-46.301577,-23.776936,0.0],[-46.301535,-23.776862,0.0],[-46.301357,-23.776949,0.0],[-46.301399,-23.777022,0.0]]]}},{"type":"Feature","properties":{"uso":"Comercial","estado_conservacao":"Conservado","fonte":"Mapas Palazzi (catálogo MAPEAMENTO E SHAPEFILES_R01)"},"geometry":{"type":"MultiPolygon","coordinates":[[[[-46.30036,-23.776993,0.0],[-46.300371,-23.777031,0.0],[-46.300423,-23.777019,0.0],[-46.300411,-23.776981,0.0],[-46.30036,-23.776993,0.0]]],[[[-46.300685,-23.776917,0.0],[-46.300641,-23.776927,0.0],[-46.30065,-23.776967,0.0],[-46.300696,-23.776956,0.0],[-46.300685,-23.776917,0.0]]],[[[-46.300432,-23.777017,0.0],[-46.300457,-23.777011,0.0],[-46.300449,-23.776983,0.0],[-46.300458,-23.776981,0.0],[-46.300449,-23.77695,0.0],[-46.300405,-23.776787,0.0],[-46.300354,-23.776799,0.0],[-46.300376,-23.776875,0.0],[-46.300386,-23.776873,0.0],[-46.300401,-23.776924,0.0],[-46.300407,-23.776923,0.0],[-46.300432,-23.777017,0.0]]],[[[-46.300471,-23.776909,0.0],[-46.300479,-23.776907,0.0],[-46.300476,-23.776898,0.0],[-46.300489,-23.776895,0.0],[-46.300453,-23.776774,0.0],[-46.300405,-23.776787,0.0],[-46.300449,-23.77695,0.0],[-46.300481,-23.776942,0.0],[-46.300471,-23.776909,0.0]]],[[[-46.300609,-23.776913,0.0],[-46.300636,-23.776908,0.0],[-46.300595,-23.776743,0.0],[-46.300549,-23.776752,0.0],[-46.300568,-23.776831,0.0],[-46.30058,-23.776829,0.0],[-46.300592,-23.776879,0.0],[-46.300601,-23.776878,0.0],[-46.300609,-23.776913,0.0]]],[[[-46.300661,-23.776811,0.0],[-46.300669,-23.776809,0.0],[-46.300649,-23.776732,0.0],[-46.300595,-23.776743,0.0],[-46.300627,-23.776872,0.0],[-46.300674,-23.776862,0.0],[-46.300661,-23.776811,0.0]]],[[[-46.300818,-23.77683,0.0],[-46.300861,-23.77682,0.0],[-46.300859,-23.776813,0.0],[-46.30087,-23.77681,0.0],[-46.300836,-23.776688,0.0],[-46.300785,-23.7767,0.0],[-46.300818,-23.77683,0.0]]]]}},{"type":"Feature","properties":{"uso":"Comercial","estado_conservacao":"Não avaliado","fonte":"Mapas Palazzi (catálogo MAPEAMENTO E SHAPEFILES_R01)"},"geometry":{"type":"MultiPolygon","coordinates":[[[[-46.301583,-23.776688,0.0],[-46.301592,-23.776671,0.0],[-46.301564,-23.776658,0.0],[-46.301554,-23.776675,0.0],[-46.301428,-23.776617,0.0],[-46.301384,-23.776698,0.0],[-46.301415,-23.776713,0.0],[-46.301406,-23.776729,0.0],[-46.301449,-23.776749,0.0],[-46.301458,-23.776734,0.0],[-46.301553,-23.776778,0.0],[-46.301598,-23.776695,0.0],[-46.301583,-23.776688,0.0]]],[[[-46.30175,-23.776568,0.0],[-46.301721,-23.776555,0.0],[-46.301729,-23.77654,0.0],[-46.301529,-23.776447,0.0],[-46.301483,-23.77653,0.0],[-46.301649,-23.776607,0.0],[-46.301658,-23.77659,0.0],[-46.301722,-23.776619,0.0],[-46.30175,-23.776568,0.0]]]]}},{"type":"Feature","properties":{"uso":"Comercial","estado_conservacao":"Conservado","fonte":"Mapas Palazzi (catálogo MAPEAMENTO E SHAPEFILES_R01)"},"geometry":{"type":"MultiPolygon","coordinates":[[[[-46.300482,-23.776521,0.0],[-46.300501,-23.776586,0.0],[-46.30055,-23.776573,0.0],[-46.300513,-23.77643,0.0],[-46.300511,-23.776422,0.0],[-46.30048,-23.77643,0.0],[-46.300482,-23.776437,0.0],[-46.300447,-23.776446,0.0],[-46.30047,-23.776524,0.0],[-46.300482,-23.776521,0.0]]],[[[-46.300582,-23.776487,0.0],[-46.300574,-23.776489,0.0],[-46.300559,-23.776436,0.0],[-46.300552,-23.776438,0.0],[-46.300547,-23.776422,0.0],[-46.300513,-23.77643,0.0],[-46.30055,-23.776573,0.0],[-46.300603,-23.77656,0.0],[-46.300582,-23.776487,0.0]]],[[[-46.300741,-23.776532,0.0],[-46.300707,-23.776401,0.0],[-46.300618,-23.776424,0.0],[-46.300656,-23.776549,0.0],[-46.300741,-23.776532,0.0]]],[[[-46.300397,-23.776373,0.0],[-46.300412,-23.776429,0.0],[-46.300463,-23.776415,0.0],[-46.300444,-23.776362,0.0],[-46.300397,-23.776373,0.0]]],[[[-46.300502,-23.776386,0.0],[-46.300492,-23.77635,0.0],[-46.30046,-23.776358,0.0],[-46.300467,-23.776381,0.0],[-46.300476,-23.776378,0.0],[-46.300481,-23.776393,0.0],[-46.300502,-23.776386,0.0]]],[[[-46.300507,-23.776347,0.0],[-46.300492,-23.77635,0.0],[-46.3005,-23.776381,0.0],[-46.300515,-23.776378,0.0],[-46.300507,-23.776347,0.0]]],[[[-46.300686,-23.776339,0.0],[-46.300677,-23.776309,0.0],[-46.300661,-23.776312,0.0],[-46.30067,-23.776343,0.0],[-46.300686,-23.776339,0.0]]]]}},{"type":"Feature","properties":{"uso":"Residencial","estado_conservacao":"Não avaliado","fonte":"Mapas Palazzi (catálogo MAPEAMENTO E SHAPEFILES_R01)"},"geometry":{"type":"Polygon","coordinates":[[[-46.300795,-23.776519,0.0],[-46.300758,-23.776402,0.0],[-46.300805,-23.776391,0.0],[-46.300791,-23.776334,0.0],[-46.300737,-23.776347,0.0],[-46.300749,-23.776391,0.0],[-46.300707,-23.776401,0.0],[-46.300741,-23.776532,0.0],[-46.300795,-23.776519,0.0]]]}},{"type":"Feature","properties":{"uso":"A confirmar","estado_conservacao":"Não avaliado","fonte":"Mapas Palazzi (catálogo MAPEAMENTO E SHAPEFILES_R01)"},"geometry":{"type":"Polygon","coordinates":[[[-46.30485,-23.778509,0.0],[-46.30481,-23.778518,0.0],[-46.304813,-23.778532,0.0],[-46.304798,-23.778535,0.0],[-46.304806,-23.778567,0.0],[-46.304821,-23.778565,0.0],[-46.304829,-23.778585,0.0],[-46.304869,-23.778576,0.0],[-46.30485,-23.778509,0.0]]]}},{"type":"Feature","properties":{"uso":"A confirmar","estado_conservacao":"Não avaliado","fonte":"Mapas Palazzi (catálogo MAPEAMENTO E SHAPEFILES_R01)"},"geometry":{"type":"Polygon","coordinates":[[[-46.304262,-23.778439,0.0],[-46.304297,-23.778434,0.0],[-46.304291,-23.778397,0.0],[-46.304256,-23.778402,0.0],[-46.304262,-23.778439,0.0]]]}},{"type":"Feature","properties":{"uso":"A confirmar","estado_conservacao":"Não avaliado","fonte":"Mapas Palazzi (catálogo MAPEAMENTO E SHAPEFILES_R01)"},"geometry":{"type":"Polygon","coordinates":[[[-46.304862,-23.77832,0.0],[-46.30489,-23.778345,0.0],[-46.304889,-23.778294,0.0],[-46.304862,-23.77832,0.0]]]}},{"type":"Feature","properties":{"uso":"Sem dados","estado_conservacao":"Não avaliado","fonte":"Mapas Palazzi (catálogo MAPEAMENTO E SHAPEFILES_R01)"},"geometry":{"type":"Polygon","coordinates":[[[-46.304426,-23.77773,0.0],[-46.304411,-23.77773,0.0],[-46.304412,-23.777766,0.0],[-46.304427,-23.777767,0.0],[-46.304426,-23.77773,0.0]]]}},{"type":"Feature","properties":{"uso":"A confirmar","estado_conservacao":"Não avaliado","fonte":"Mapas Palazzi (catálogo MAPEAMENTO E SHAPEFILES_R01)"},"geometry":{"type":"Polygon","coordinates":[[[-46.304432,-23.777306,0.0],[-46.304432,-23.777341,0.0],[-46.304534,-23.777338,0.0],[-46.304533,-23.777305,0.0],[-46.304432,-23.777306,0.0]]]}},{"type":"Feature","properties":{"uso":"A confirmar","estado_conservacao":"Não avaliado","fonte":"Mapas Palazzi (catálogo MAPEAMENTO E SHAPEFILES_R01)"},"geometry":{"type":"Polygon","coordinates":[[[-46.307063,-23.776475,0.0],[-46.307059,-23.776445,0.0],[-46.307009,-23.77645,0.0],[-46.307013,-23.776479,0.0],[-46.307063,-23.776475,0.0]]]}},{"type":"Feature","properties":{"uso":"A confirmar","estado_conservacao":"Não avaliado","fonte":"Mapas Palazzi (catálogo MAPEAMENTO E SHAPEFILES_R01)"},"geometry":{"type":"Polygon","coordinates":[[[-46.309808,-23.775632,0.0],[-46.309818,-23.775606,0.0],[-46.309762,-23.775588,0.0],[-46.309752,-23.775614,0.0],[-46.309808,-23.775632,0.0]]]}},{"type":"Feature","properties":{"uso":"Sem dados","estado_conservacao":"Não avaliado","fonte":"Mapas Palazzi (catálogo MAPEAMENTO E SHAPEFILES_R01)"},"geometry":{"type":"MultiPolygon","coordinates":[[[[-46.308279,-23.775545,0.0],[-46.308286,-23.775488,0.0],[-46.308163,-23.775475,0.0],[-46.308152,-23.775557,0.0],[-46.3082,-23.775562,0.0],[-46.308204,-23.775537,0.0],[-46.308279,-23.775545,0.0]]],[[[-46.308758,-23.775509,0.0],[-46.308806,-23.775504,0.0],[-46.308802,-23.775478,0.0],[-46.308755,-23.775484,0.0],[-46.308758,-23.775509,0.0]]],[[[-46.308681,-23.775513,0.0],[-46.308685,-23.77547,0.0],[-46.308656,-23.775468,0.0],[-46.308652,-23.77551,0.0],[-46.308681,-23.775513,0.0]]]]}},{"type":"Feature","properties":{"uso":"Sem dados","estado_conservacao":"Não avaliado","fonte":"Mapas Palazzi (catálogo MAPEAMENTO E SHAPEFILES_R01)"},"geometry":{"type":"MultiPolygon","coordinates":[[[[-46.307825,-23.775704,0.0],[-46.307837,-23.775684,0.0],[-46.307816,-23.775673,0.0],[-46.307804,-23.775693,0.0],[-46.307825,-23.775704,0.0]]],[[[-46.307629,-23.775622,0.0],[-46.307593,-23.775652,0.0],[-46.307639,-23.775695,0.0],[-46.307671,-23.775666,0.0],[-46.307629,-23.775622,0.0]]],[[[-46.307844,-23.775673,0.0],[-46.307849,-23.775641,0.0],[-46.30782,-23.775637,0.0],[-46.307815,-23.775669,0.0],[-46.307844,-23.775673,0.0]]],[[[-46.307857,-23.775563,0.0],[-46.307859,-23.775558,0.0],[-46.307894,-23.775571,0.0],[-46.307912,-23.775529,0.0],[-46.307849,-23.775506,0.0],[-46.307829,-23.775552,0.0],[-46.307857,-23.775563,0.0]]],[[[-46.30771,-23.775388,0.0],[-46.307774,-23.775421,0.0],[-46.307821,-23.775349,0.0],[-46.307839,-23.77532,0.0],[-46.307775,-23.775285,0.0],[-46.30771,-23.775388,0.0]]],[[[-46.307866,-23.775423,0.0],[-46.307843,-23.775409,0.0],[-46.307866,-23.775376,0.0],[-46.307821,-23.775349,0.0],[-46.307774,-23.775421,0.0],[-46.307841,-23.775461,0.0],[-46.307866,-23.775423,0.0]]],[[[-46.307727,-23.775348,0.0],[-46.307723,-23.775346,0.0],[-46.30776,-23.775268,0.0],[-46.307719,-23.775252,0.0],[-46.307682,-23.77533,0.0],[-46.307692,-23.775334,0.0],[-46.307682,-23.775355,0.0],[-46.307717,-23.775369,0.0],[-46.307727,-23.775348,0.0]]],[[[-46.30802,-23.775273,0.0],[-46.307971,-23.775279,0.0],[-46.30798,-23.775338,0.0],[-46.308029,-23.775332,0.0],[-46.30802,-23.775273,0.0]]],[[[-46.307673,-23.775338,0.0],[-46.307709,-23.775252,0.0],[-46.307665,-23.775237,0.0],[-46.30763,-23.775323,0.0],[-46.307673,-23.775338,0.0]]],[[[-46.30753,-23.775551,0.0],[-46.307485,-23.775507,0.0],[-46.307436,-23.775545,0.0],[-46.307479,-23.77559,0.0],[-46.30753,-23.775551,0.0]]],[[[-46.307444,-23.775539,0.0],[-46.307485,-23.775507,0.0],[-46.307409,-23.775439,0.0],[-46.307372,-23.775474,0.0],[-46.307444,-23.775539,0.0]]],[[[-46.307648,-23.77525,0.0],[-46.307578,-23.775231,0.0],[-46.307555,-23.775299,0.0],[-46.307625,-23.775319,0.0],[-46.307648,-23.77525,0.0]]],[[[-46.307423,-23.775258,0.0],[-46.307469,-23.775209,0.0],[-46.30736,-23.775126,0.0],[-46.307313,-23.775178,0.0],[-46.307423,-23.775258,0.0]]],[[[-46.307446,-23.775287,0.0],[-46.307472,-23.775258,0.0],[-46.307443,-23.775236,0.0],[-46.307416,-23.775266,0.0],[-46.307446,-23.775287,0.0]]],[[[-46.307556,-23.775273,0.0],[-46.307563,-23.775275,0.0],[-46.307578,-23.775231,0.0],[-46.30751,-23.775211,0.0],[-46.307487,-23.775263,0.0],[-46.307514,-23.775275,0.0],[-46.307512,-23.775285,0.0],[-46.307539,-23.775293,0.0],[-46.307541,-23.775285,0.0],[-46.307552,-23.775288,0.0],[-46.307556,-23.775273,0.0]]],[[[-46.307667,-23.775084,0.0],[-46.307598,-23.77508,0.0],[-46.307595,-23.775135,0.0],[-46.307665,-23.775138,0.0],[-46.307667,-23.775084,0.0]]],[[[-46.307538,-23.775105,0.0],[-46.307556,-23.775106,0.0],[-46.307554,-23.775133,0.0],[-46.307594,-23.775135,0.0],[-46.307598,-23.77508,0.0],[-46.307539,-23.775077,0.0],[-46.307538,-23.775105,0.0]]],[[[-46.307555,-23.775012,0.0],[-46.30753,-23.775013,0.0],[-46.30753,-23.775005,0.0],[-46.307472,-23.775007,0.0],[-46.307476,-23.775071,0.0],[-46.307557,-23.775068,0.0],[-46.307555,-23.775012,0.0]]]]}},{"type":"Feature","properties":{"uso":"Sem dados","estado_conservacao":"Não avaliado","fonte":"Mapas Palazzi (catálogo MAPEAMENTO E SHAPEFILES_R01)"},"geometry":{"type":"MultiPolygon","coordinates":[[[[-46.309321,-23.775437,0.0],[-46.309379,-23.7754,0.0],[-46.309341,-23.77535,0.0],[-46.309264,-23.775399,0.0],[-46.30929,-23.775433,0.0],[-46.309309,-23.775421,0.0],[-46.309321,-23.775437,0.0]]],[[[-46.309409,-23.775294,0.0],[-46.309434,-23.775346,0.0],[-46.30951,-23.775315,0.0],[-46.309484,-23.775262,0.0],[-46.309409,-23.775294,0.0]]],[[[-46.309732,-23.775192,0.0],[-46.309631,-23.775215,0.0],[-46.309656,-23.775308,0.0],[-46.309757,-23.775285,0.0],[-46.309732,-23.775192,0.0]]]]}},{"type":"Feature","properties":{"uso":"Sem dados","estado_conservacao":"Não avaliado","fonte":"Mapas Palazzi (catálogo MAPEAMENTO E SHAPEFILES_R01)"},"geometry":{"type":"MultiPolygon","coordinates":[[[[-46.303353,-23.776571,0.0],[-46.303373,-23.776572,0.0],[-46.303373,-23.776552,0.0],[-46.303353,-23.776552,0.0],[-46.303353,-23.776571,0.0]]],[[[-46.30387,-23.776473,0.0],[-46.30389,-23.776498,0.0],[-46.303945,-23.776462,0.0],[-46.303924,-23.776436,0.0],[-46.30387,-23.776473,0.0]]]]}},{"type":"Feature","properties":{"uso":"Sem dados","estado_conservacao":"Ruínas / péssimas condições","fonte":"Mapas Palazzi (catálogo MAPEAMENTO E SHAPEFILES_R01)"},"geometry":{"type":"MultiPolygon","coordinates":[[[[-46.303657,-23.777039,0.0],[-46.303805,-23.776872,0.0],[-46.303753,-23.776833,0.0],[-46.303604,-23.777,0.0],[-46.303657,-23.777039,0.0]]],[[[-46.302049,-23.776379,0.0],[-46.301956,-23.776424,0.0],[-46.301983,-23.77647,0.0],[-46.302075,-23.776425,0.0],[-46.302049,-23.776379,0.0]]],[[[-46.302108,-23.776132,0.0],[-46.302157,-23.776243,0.0],[-46.302142,-23.776249,0.0],[-46.302227,-23.776441,0.0],[-46.302331,-23.776403,0.0],[-46.302196,-23.776107,0.0],[-46.302162,-23.776119,0.0],[-46.302159,-23.776113,0.0],[-46.302108,-23.776132,0.0]]],[[[-46.302332,-23.775984,0.0],[-46.302263,-23.775996,0.0],[-46.302287,-23.776114,0.0],[-46.302357,-23.776102,0.0],[-46.302332,-23.775984,0.0]]],[[[-46.302257,-23.775977,0.0],[-46.302199,-23.775985,0.0],[-46.30222,-23.776116,0.0],[-46.302277,-23.776108,0.0],[-46.302257,-23.775977,0.0]]],[[[-46.30199,-23.776072,0.0],[-46.302123,-23.776068,0.0],[-46.30212,-23.776003,0.0],[-46.302115,-23.776004,0.0],[-46.302114,-23.775988,0.0],[-46.301986,-23.775992,0.0],[-46.30199,-23.776072,0.0]]],[[[-46.303434,-23.775814,0.0],[-46.303415,-23.775764,0.0],[-46.303325,-23.775793,0.0],[-46.303344,-23.775843,0.0],[-46.303434,-23.775814,0.0]]]]}},{"type":"Feature","properties":{"uso":"Sem dados","estado_conservacao":"Conservado","fonte":"Mapas Palazzi (catálogo MAPEAMENTO E SHAPEFILES_R01)"},"geometry":{"type":"Polygon","coordinates":[[[-46.302804,-23.776181,0.0],[-46.302808,-23.776197,0.0],[-46.302883,-23.776181,0.0],[-46.302879,-23.776165,0.0],[-46.302935,-23.776153,0.0],[-46.302921,-23.776095,0.0],[-46.302389,-23.776207,0.0],[-46.302415,-23.776315,0.0],[-46.302526,-23.776291,0.0],[-46.302513,-23.776243,0.0],[-46.302804,-23.776181,0.0]]]}},{"type":"Feature","properties":{"uso":"Sem dados","estado_conservacao":"Não avaliado","fonte":"Mapas Palazzi (catálogo MAPEAMENTO E SHAPEFILES_R01)"},"geometry":{"type":"Polygon","coordinates":[[[-46.308946,-23.775215,0.0],[-46.308843,-23.775216,0.0],[-46.308844,-23.77527,0.0],[-46.308908,-23.77527,0.0],[-46.308908,-23.775282,0.0],[-46.308922,-23.775281,0.0],[-46.308922,-23.775293,0.0],[-46.308946,-23.775293,0.0],[-46.308946,-23.775215,0.0]]]}},{"type":"Feature","properties":{"uso":"Sem dados","estado_conservacao":"Não avaliado","fonte":"Mapas Palazzi (catálogo MAPEAMENTO E SHAPEFILES_R01)"},"geometry":{"type":"MultiPolygon","coordinates":[[[[-46.304004,-23.775814,0.0],[-46.304039,-23.775784,0.0],[-46.304017,-23.775762,0.0],[-46.303982,-23.775792,0.0],[-46.304004,-23.775814,0.0]]],[[[-46.304284,-23.775575,0.0],[-46.304263,-23.775553,0.0],[-46.304227,-23.775583,0.0],[-46.304247,-23.775604,0.0],[-46.304284,-23.775575,0.0]]],[[[-46.307088,-23.775153,0.0],[-46.307108,-23.775151,0.0],[-46.307105,-23.775135,0.0],[-46.307086,-23.775137,0.0],[-46.307088,-23.775153,0.0]]],[[[-46.307084,-23.775127,0.0],[-46.307041,-23.775097,0.0],[-46.307025,-23.775116,0.0],[-46.307067,-23.775147,0.0],[-46.307084,-23.775127,0.0]]],[[[-46.306803,-23.774729,0.0],[-46.306672,-23.774759,0.0],[-46.306705,-23.774881,0.0],[-46.306836,-23.774851,0.0],[-46.306803,-23.774729,0.0]]],[[[-46.306797,-23.774613,0.0],[-46.306791,-23.774585,0.0],[-46.306756,-23.774591,0.0],[-46.306761,-23.774619,0.0],[-46.306797,-23.774613,0.0]]]]}},{"type":"Feature","properties":{"uso":"Sem dados","estado_conservacao":"Não avaliado","fonte":"Mapas Palazzi (catálogo MAPEAMENTO E SHAPEFILES_R01)"},"geometry":{"type":"MultiPolygon","coordinates":[[[[-46.308826,-23.775158,0.0],[-46.30881,-23.775155,0.0],[-46.308817,-23.775113,0.0],[-46.308696,-23.775095,0.0],[-46.308685,-23.775155,0.0],[-46.308717,-23.77516,0.0],[-46.308711,-23.775194,0.0],[-46.308747,-23.775199,0.0],[-46.308742,-23.775226,0.0],[-46.308773,-23.775231,0.0],[-46.308771,-23.775242,0.0],[-46.308791,-23.775245,0.0],[-46.308802,-23.775186,0.0],[-46.30882,-23.775189,0.0],[-46.308826,-23.775158,0.0]]],[[[-46.308556,-23.77509,0.0],[-46.308501,-23.775087,0.0],[-46.308499,-23.775115,0.0],[-46.308549,-23.77512,0.0],[-46.308556,-23.77509,0.0]]]]}},{"type":"Feature","properties":{"uso":"Sem dados","estado_conservacao":"Não avaliado","fonte":"Mapas Palazzi (catálogo MAPEAMENTO E SHAPEFILES_R01)"},"geometry":{"type":"MultiPolygon","coordinates":[[[[-46.310143,-23.775338,0.0],[-46.310249,-23.775306,0.0],[-46.31024,-23.775281,0.0],[-46.310247,-23.775279,0.0],[-46.310236,-23.775249,0.0],[-46.310218,-23.775255,0.0],[-46.310199,-23.775203,0.0],[-46.31016,-23.775215,0.0],[-46.310171,-23.775247,0.0],[-46.310132,-23.775259,0.0],[-46.310137,-23.775274,0.0],[-46.310122,-23.775279,0.0],[-46.310143,-23.775338,0.0]]],[[[-46.310375,-23.775189,0.0],[-46.310302,-23.775204,0.0],[-46.310321,-23.775282,0.0],[-46.310357,-23.775274,0.0],[-46.310359,-23.775283,0.0],[-46.310396,-23.775275,0.0],[-46.310375,-23.775189,0.0]]],[[[-46.310414,-23.775258,0.0],[-46.310471,-23.775245,0.0],[-46.310452,-23.775171,0.0],[-46.310395,-23.775183,0.0],[-46.310414,-23.775258,0.0]]],[[[-46.310517,-23.775157,0.0],[-46.310459,-23.775172,0.0],[-46.310483,-23.775249,0.0],[-46.310509,-23.775242,0.0],[-46.310505,-23.775229,0.0],[-46.310537,-23.775221,0.0],[-46.310517,-23.775157,0.0]]],[[[-46.31059,-23.775139,0.0],[-46.310656,-23.775114,0.0],[-46.310661,-23.775126,0.0],[-46.310796,-23.775078,0.0],[-46.310786,-23.775056,0.0],[-46.310745,-23.774974,0.0],[-46.310724,-23.774981,0.0],[-46.310721,-23.774974,0.0],[-46.31057,-23.775026,0.0],[-46.310574,-23.775038,0.0],[-46.310549,-23.775048,0.0],[-46.31059,-23.775139,0.0]]],[[[-46.310798,-23.774955,0.0],[-46.310745,-23.774974,0.0],[-46.310786,-23.775056,0.0],[-46.310838,-23.775036,0.0],[-46.310798,-23.774955,0.0]]],[[[-46.310918,-23.774972,0.0],[-46.310849,-23.774992,0.0],[-46.310859,-23.775024,0.0],[-46.31093,-23.775003,0.0],[-46.310918,-23.774972,0.0]]],[[[-46.310934,-23.774945,0.0],[-46.31082,-23.774946,0.0],[-46.310823,-23.77498,0.0],[-46.310936,-23.774967,0.0],[-46.310934,-23.774945,0.0]]]]}},{"type":"Feature","properties":{"uso":"Sem dados","estado_conservacao":"Não avaliado","fonte":"Mapas Palazzi (catálogo MAPEAMENTO E SHAPEFILES_R01)"},"geometry":{"type":"MultiPolygon","coordinates":[[[[-46.30786,-23.775115,0.0],[-46.307859,-23.775095,0.0],[-46.30783,-23.775091,0.0],[-46.307825,-23.775123,0.0],[-46.307749,-23.775119,0.0],[-46.307744,-23.775155,0.0],[-46.307866,-23.775174,0.0],[-46.307874,-23.775117,0.0],[-46.30786,-23.775115,0.0]]],[[[-46.307556,-23.775106,0.0],[-46.307554,-23.775133,0.0],[-46.307594,-23.775135,0.0],[-46.307598,-23.77508,0.0],[-46.307539,-23.775077,0.0],[-46.307538,-23.775105,0.0],[-46.307556,-23.775106,0.0]]],[[[-46.30753,-23.775005,0.0],[-46.307472,-23.775007,0.0],[-46.307476,-23.775071,0.0],[-46.307557,-23.775068,0.0],[-46.307555,-23.775012,0.0],[-46.30753,-23.775013,0.0],[-46.30753,-23.775005,0.0]]]]}},{"type":"Feature","properties":{"uso":"Sem dados","estado_conservacao":"Não avaliado","fonte":"Mapas Palazzi (catálogo MAPEAMENTO E SHAPEFILES_R01)"},"geometry":{"type":"Polygon","coordinates":[[[-46.306988,-23.775075,0.0],[-46.307028,-23.775047,0.0],[-46.30699,-23.775001,0.0],[-46.30695,-23.775029,0.0],[-46.306988,-23.775075,0.0]]]}},{"type":"Feature","properties":{"uso":"Sem dados","estado_conservacao":"Não avaliado","fonte":"Mapas Palazzi (catálogo MAPEAMENTO E SHAPEFILES_R01)"},"geometry":{"type":"MultiPolygon","coordinates":[[[[-46.305547,-23.774364,0.0],[-46.305561,-23.774344,0.0],[-46.305543,-23.774333,0.0],[-46.305586,-23.774274,0.0],[-46.305599,-23.774283,0.0],[-46.305636,-23.774232,0.0],[-46.305618,-23.774221,0.0],[-46.305627,-23.774208,0.0],[-46.305592,-23.774186,0.0],[-46.305468,-23.774359,0.0],[-46.305506,-23.774383,0.0],[-46.305529,-23.774352,0.0],[-46.305547,-23.774364,0.0]]],[[[-46.305437,-23.774038,0.0],[-46.305397,-23.774094,0.0],[-46.305579,-23.774205,0.0],[-46.305631,-23.774132,0.0],[-46.305437,-23.774038,0.0]]],[[[-46.305432,-23.774128,0.0],[-46.305332,-23.774266,0.0],[-46.305406,-23.774312,0.0],[-46.305506,-23.774173,0.0],[-46.305432,-23.774128,0.0]]]]}},{"type":"Feature","properties":{"uso":"Sem dados","estado_conservacao":"Não avaliado","fonte":"Mapas Palazzi (catálogo MAPEAMENTO E SHAPEFILES_R01)"},"geometry":{"type":"MultiPolygon","coordinates":[[[[-46.305543,-23.774333,0.0],[-46.305586,-23.774274,0.0],[-46.305599,-23.774283,0.0],[-46.305636,-23.774232,0.0],[-46.305618,-23.774221,0.0],[-46.305627,-23.774208,0.0],[-46.305592,-23.774186,0.0],[-46.305468,-23.774359,0.0],[-46.305506,-23.774383,0.0],[-46.305529,-23.774352,0.0],[-46.305547,-23.774364,0.0],[-46.305561,-23.774344,0.0],[-46.305543,-23.774333,0.0]]],[[[-46.305437,-23.774038,0.0],[-46.305397,-23.774094,0.0],[-46.305579,-23.774205,0.0],[-46.305631,-23.774132,0.0],[-46.305437,-23.774038,0.0]]],[[[-46.305432,-23.774128,0.0],[-46.305332,-23.774266,0.0],[-46.305406,-23.774312,0.0],[-46.305506,-23.774173,0.0],[-46.305432,-23.774128,0.0]]]]}},{"type":"Feature","properties":{"uso":"Sem dados","estado_conservacao":"Não avaliado","fonte":"Mapas Palazzi (catálogo MAPEAMENTO E SHAPEFILES_R01)"},"geometry":{"type":"MultiPolygon","coordinates":[[[[-46.305586,-23.774274,0.0],[-46.305599,-23.774283,0.0],[-46.305636,-23.774232,0.0],[-46.305618,-23.774221,0.0],[-46.305627,-23.774208,0.0],[-46.305592,-23.774186,0.0],[-46.305468,-23.774359,0.0],[-46.305506,-23.774383,0.0],[-46.305529,-23.774352,0.0],[-46.305547,-23.774364,0.0],[-46.305561,-23.774344,0.0],[-46.305543,-23.774333,0.0],[-46.305586,-23.774274,0.0]]],[[[-46.305437,-23.774038,0.0],[-46.305397,-23.774094,0.0],[-46.305579,-23.774205,0.0],[-46.305631,-23.774132,0.0],[-46.305437,-23.774038,0.0]]],[[[-46.305332,-23.774266,0.0],[-46.305406,-23.774312,0.0],[-46.305506,-23.774173,0.0],[-46.305432,-23.774128,0.0],[-46.305332,-23.774266,0.0]]],[[[-46.305107,-23.774025,0.0],[-46.305128,-23.773943,0.0],[-46.305114,-23.773941,0.0],[-46.305122,-23.773906,0.0],[-46.305109,-23.773904,0.0],[-46.305111,-23.773893,0.0],[-46.305092,-23.773889,0.0],[-46.305096,-23.773874,0.0],[-46.305023,-23.77386,0.0],[-46.30499,-23.774005,0.0],[-46.305041,-23.774015,0.0],[-46.305036,-23.774036,0.0],[-46.305094,-23.774053,0.0],[-46.305101,-23.774024,0.0],[-46.305107,-23.774025,0.0]]],[[[-46.305199,-23.773876,0.0],[-46.305191,-23.77386,0.0],[-46.30516,-23.773862,0.0],[-46.305174,-23.773883,0.0],[-46.305199,-23.773876,0.0]]],[[[-46.305184,-23.773852,0.0],[-46.30517,-23.773802,0.0],[-46.305144,-23.773801,0.0],[-46.305148,-23.773854,0.0],[-46.305184,-23.773852,0.0]]],[[[-46.305062,-23.773719,0.0],[-46.305018,-23.773717,0.0],[-46.305012,-23.773821,0.0],[-46.305102,-23.773826,0.0],[-46.305106,-23.773739,0.0],[-46.305094,-23.773738,0.0],[-46.305094,-23.773726,0.0],[-46.305067,-23.773724,0.0],[-46.305062,-23.773719,0.0]]],[[[-46.305165,-23.773696,0.0],[-46.305136,-23.773703,0.0],[-46.305139,-23.773712,0.0],[-46.305126,-23.773715,0.0],[-46.305139,-23.773774,0.0],[-46.305176,-23.773769,0.0],[-46.305178,-23.773749,0.0],[-46.305167,-23.773749,0.0],[-46.305158,-23.773718,0.0],[-46.305168,-23.773708,0.0],[-46.305165,-23.773696,0.0]]],[[[-46.305043,-23.77369,0.0],[-46.305042,-23.773705,0.0],[-46.305064,-23.773707,0.0],[-46.305065,-23.773692,0.0],[-46.305043,-23.77369,0.0]]]]}},{"type":"Feature","properties":{"uso":"Sem dados","estado_conservacao":"Não avaliado","fonte":"Mapas Palazzi (catálogo MAPEAMENTO E SHAPEFILES_R01)"},"geometry":{"type":"MultiPolygon","coordinates":[[[[-46.305075,-23.774049,0.0],[-46.305094,-23.774053,0.0],[-46.305101,-23.774024,0.0],[-46.305107,-23.774025,0.0],[-46.305111,-23.774,0.0],[-46.305115,-23.774001,0.0],[-46.305128,-23.773943,0.0],[-46.305114,-23.773941,0.0],[-46.305122,-23.773906,0.0],[-46.305109,-23.773904,0.0],[-46.305111,-23.773893,0.0],[-46.305092,-23.773889,0.0],[-46.305096,-23.773874,0.0],[-46.305023,-23.77386,0.0],[-46.30499,-23.774005,0.0],[-46.305041,-23.774015,0.0],[-46.305036,-23.774036,0.0],[-46.305076,-23.774043,0.0],[-46.305075,-23.774049,0.0]]],[[[-46.30516,-23.773862,0.0],[-46.305174,-23.773883,0.0],[-46.305199,-23.773876,0.0],[-46.305191,-23.77386,0.0],[-46.30516,-23.773862,0.0]]],[[[-46.305144,-23.773801,0.0],[-46.305148,-23.773854,0.0],[-46.305184,-23.773852,0.0],[-46.30517,-23.773802,0.0],[-46.305144,-23.773801,0.0]]],[[[-46.305167,-23.773749,0.0],[-46.305158,-23.773718,0.0],[-46.305168,-23.773708,0.0],[-46.305165,-23.773696,0.0],[-46.305136,-23.773703,0.0],[-46.305139,-23.773712,0.0],[-46.305126,-23.773715,0.0],[-46.305139,-23.773774,0.0],[-46.305176,-23.773769,0.0],[-46.305178,-23.773749,0.0],[-46.305167,-23.773749,0.0]]]]}},{"type":"Feature","properties":{"uso":"Sem dados","estado_conservacao":"Não avaliado","fonte":"Mapas Palazzi (catálogo MAPEAMENTO E SHAPEFILES_R01)"},"geometry":{"type":"Polygon","coordinates":[[[-46.305184,-23.773852,0.0],[-46.30517,-23.773802,0.0],[-46.305144,-23.773801,0.0],[-46.305148,-23.773854,0.0],[-46.305184,-23.773852,0.0]]]}},{"type":"Feature","properties":{"uso":"Sem dados","estado_conservacao":"Não avaliado","fonte":"Mapas Palazzi (catálogo MAPEAMENTO E SHAPEFILES_R01)"},"geometry":{"type":"MultiPolygon","coordinates":[[[[-46.305144,-23.773801,0.0],[-46.305148,-23.773854,0.0],[-46.305184,-23.773852,0.0],[-46.30517,-23.773802,0.0],[-46.305144,-23.773801,0.0]]],[[[-46.305094,-23.773726,0.0],[-46.305018,-23.773717,0.0],[-46.305012,-23.773821,0.0],[-46.305102,-23.773826,0.0],[-46.305106,-23.773739,0.0],[-46.305094,-23.773738,0.0],[-46.305094,-23.773726,0.0]]],[[[-46.305167,-23.773749,0.0],[-46.305158,-23.773718,0.0],[-46.305168,-23.773708,0.0],[-46.305165,-23.773696,0.0],[-46.305136,-23.773703,0.0],[-46.305139,-23.773712,0.0],[-46.305126,-23.773715,0.0],[-46.305139,-23.773774,0.0],[-46.305176,-23.773769,0.0],[-46.305178,-23.773749,0.0],[-46.305167,-23.773749,0.0]]]]}},{"type":"Feature","properties":{"uso":"Sem dados","estado_conservacao":"Não avaliado","fonte":"Mapas Palazzi (catálogo MAPEAMENTO E SHAPEFILES_R01)"},"geometry":{"type":"MultiPolygon","coordinates":[[[[-46.309739,-23.773929,0.0],[-46.309794,-23.773968,0.0],[-46.30986,-23.773889,0.0],[-46.309805,-23.77385,0.0],[-46.309739,-23.773929,0.0]]],[[[-46.310838,-23.773577,0.0],[-46.310817,-23.773651,0.0],[-46.310905,-23.773673,0.0],[-46.310926,-23.773598,0.0],[-46.310838,-23.773577,0.0]]]]}}]}