{"type":"FeatureCollection","features":[{"type":"Feature","properties":{"tipo":"Edificação (CAD 2025)"},"geometry":{"type":"LineString","coordinates":[[-46.303032,-23.781593,0.0],[-46.302958,-23.78144,0.0],[-46.302892,-23.781467,0.0],[-46.30292,-23.781524,0.0],[-46.302898,-23.781533,0.0],[-46.302965,-23.78167,0.0],[-46.303023,-23.781646,0.0],[-46.303012,-23.781624,0.0],[-46.30303,-23.781617,0.0],[-46.303021,-23.781597,0.0],[-46.303032,-23.781593,0.0]]}},{"type":"Feature","properties":{"tipo":"Edificação (CAD 2025)"},"geometry":{"type":"LineString","coordinates":[[-46.302916,-23.781396,0.0],[-46.302864,-23.78143,0.0],[-46.302881,-23.781453,0.0],[-46.302934,-23.781419,0.0],[-46.302916,-23.781396,0.0]]}},{"type":"Feature","properties":{"tipo":"Edificação (CAD 2025)"},"geometry":{"type":"LineString","coordinates":[[-46.303261,-23.781405,0.0],[-46.303291,-23.781407,0.0],[-46.303293,-23.781384,0.0],[-46.303323,-23.781386,0.0],[-46.303324,-23.781367,0.0],[-46.303384,-23.781371,0.0],[-46.303387,-23.781306,0.0],[-46.303271,-23.781298,0.0],[-46.303261,-23.781405,0.0]]}},{"type":"Feature","properties":{"tipo":"Edificação (CAD 2025)"},"geometry":{"type":"LineString","coordinates":[[-46.303146,-23.781361,0.0],[-46.303196,-23.781365,0.0],[-46.303195,-23.781377,0.0],[-46.303233,-23.78138,0.0],[-46.303231,-23.781403,0.0],[-46.303261,-23.781405,0.0],[-46.303271,-23.781298,0.0],[-46.303155,-23.78129,0.0],[-46.303146,-23.781361,0.0]]}},{"type":"Feature","properties":{"tipo":"Edificação (CAD 2025)"},"geometry":{"type":"LineString","coordinates":[[-46.303428,-23.78136,0.0],[-46.303432,-23.78131,0.0],[-46.303387,-23.781306,0.0],[-46.303384,-23.781357,0.0],[-46.303428,-23.78136,0.0]]}},{"type":"Feature","properties":{"tipo":"Edificação (CAD 2025)"},"geometry":{"type":"LineString","coordinates":[[-46.303447,-23.781167,0.0],[-46.3034,-23.781164,0.0],[-46.303396,-23.781213,0.0],[-46.303445,-23.781216,0.0],[-46.303447,-23.781167,0.0]]}},{"type":"Feature","properties":{"tipo":"Edificação (CAD 2025)"},"geometry":{"type":"LineString","coordinates":[[-46.303403,-23.781124,0.0],[-46.30332,-23.781118,0.0],[-46.303312,-23.781226,0.0],[-46.303395,-23.781232,0.0],[-46.303403,-23.781124,0.0]]}},{"type":"Feature","properties":{"tipo":"Edificação (CAD 2025)"},"geometry":{"type":"LineString","coordinates":[[-46.30332,-23.781118,0.0],[-46.303312,-23.781226,0.0]]}},{"type":"Feature","properties":{"tipo":"Edificação (CAD 2025)"},"geometry":{"type":"LineString","coordinates":[[-46.30332,-23.781118,0.0],[-46.303238,-23.781113,0.0],[-46.30323,-23.78122,0.0],[-46.303312,-23.781226,0.0],[-46.30332,-23.781118,0.0]]}},{"type":"Feature","properties":{"tipo":"Edificação (CAD 2025)"},"geometry":{"type":"LineString","coordinates":[[-46.303188,-23.781215,0.0],[-46.303194,-23.78111,0.0],[-46.30313,-23.781107,0.0],[-46.303129,-23.78112,0.0],[-46.303088,-23.781118,0.0],[-46.303083,-23.781202,0.0],[-46.303121,-23.781204,0.0],[-46.30312,-23.781212,0.0],[-46.303188,-23.781215,0.0]]}},{"type":"Feature","properties":{"tipo":"Edificação (CAD 2025)"},"geometry":{"type":"LineString","coordinates":[[-46.301818,-23.781818,0.0],[-46.301701,-23.78181,0.0],[-46.301695,-23.781881,0.0],[-46.301812,-23.781889,0.0],[-46.301818,-23.781818,0.0]]}},{"type":"Feature","properties":{"tipo":"Edificação (CAD 2025)"},"geometry":{"type":"LineString","coordinates":[[-46.302257,-23.781204,0.0],[-46.302221,-23.781135,0.0],[-46.302148,-23.781167,0.0],[-46.302196,-23.781258,0.0],[-46.302252,-23.781233,0.0],[-46.302241,-23.781211,0.0],[-46.302257,-23.781204,0.0]]}},{"type":"Feature","properties":{"tipo":"Edificação (CAD 2025)"},"geometry":{"type":"LineString","coordinates":[[-46.302221,-23.781135,0.0],[-46.302257,-23.781204,0.0],[-46.302269,-23.781199,0.0],[-46.30228,-23.781221,0.0],[-46.30234,-23.781194,0.0],[-46.302295,-23.781102,0.0],[-46.302221,-23.781135,0.0]]}},{"type":"Feature","properties":{"tipo":"Edificação (CAD 2025)"},"geometry":{"type":"LineString","coordinates":[[-46.302129,-23.780897,0.0],[-46.302119,-23.780869,0.0],[-46.302095,-23.780877,0.0],[-46.302105,-23.780904,0.0],[-46.302129,-23.780897,0.0]]}},{"type":"Feature","properties":{"tipo":"Edificação (CAD 2025)"},"geometry":{"type":"LineString","coordinates":[[-46.302303,-23.780847,0.0],[-46.302182,-23.780851,0.0],[-46.302184,-23.780878,0.0],[-46.302305,-23.780873,0.0],[-46.302303,-23.780847,0.0]]}},{"type":"Feature","properties":{"tipo":"Edificação (CAD 2025)"},"geometry":{"type":"LineString","coordinates":[[-46.302349,-23.780827,0.0],[-46.302357,-23.780756,0.0],[-46.302234,-23.780744,0.0],[-46.302232,-23.780759,0.0],[-46.302163,-23.780753,0.0],[-46.302156,-23.78081,0.0],[-46.302349,-23.780827,0.0]]}},{"type":"Feature","properties":{"tipo":"Edificação (CAD 2025)"},"geometry":{"type":"LineString","coordinates":[[-46.302081,-23.780582,0.0],[-46.302091,-23.780476,0.0],[-46.302051,-23.780473,0.0],[-46.30205,-23.78049,0.0],[-46.301981,-23.780484,0.0],[-46.301975,-23.780543,0.0],[-46.302013,-23.780576,0.0],[-46.302081,-23.780582,0.0]]}},{"type":"Feature","properties":{"tipo":"Edificação (CAD 2025)"},"geometry":{"type":"LineString","coordinates":[[-46.302344,-23.780454,0.0],[-46.302256,-23.780447,0.0],[-46.302252,-23.780486,0.0],[-46.302341,-23.780494,0.0],[-46.302344,-23.780454,0.0]]}},{"type":"Feature","properties":{"tipo":"Edificação (CAD 2025)"},"geometry":{"type":"LineString","coordinates":[[-46.301655,-23.780166,0.0],[-46.301703,-23.78014,0.0],[-46.301684,-23.780111,0.0],[-46.301637,-23.780137,0.0],[-46.301655,-23.780166,0.0]]}},{"type":"Feature","properties":{"tipo":"Edificação (CAD 2025)"},"geometry":{"type":"LineString","coordinates":[[-46.301681,-23.780025,0.0],[-46.30171,-23.780072,0.0],[-46.301693,-23.780081,0.0],[-46.301696,-23.780085,0.0],[-46.301612,-23.78013,0.0],[-46.30158,-23.78008,0.0],[-46.301681,-23.780025,0.0]]}},{"type":"Feature","properties":{"tipo":"Edificação (CAD 2025)"},"geometry":{"type":"LineString","coordinates":[[-46.303266,-23.781115,0.0],[-46.303397,-23.781124,0.0],[-46.3034,-23.781091,0.0],[-46.303357,-23.781088,0.0],[-46.30336,-23.78105,0.0],[-46.303272,-23.781043,0.0],[-46.303266,-23.781115,0.0]]}},{"type":"Feature","properties":{"tipo":"Edificação (CAD 2025)"},"geometry":{"type":"LineString","coordinates":[[-46.302608,-23.781001,0.0],[-46.30246,-23.780985,0.0],[-46.302447,-23.781095,0.0],[-46.302599,-23.781112,0.0],[-46.302611,-23.78102,0.0],[-46.302605,-23.781019,0.0],[-46.302608,-23.781001,0.0]]}},{"type":"Feature","properties":{"tipo":"Edificação (CAD 2025)"},"geometry":{"type":"LineString","coordinates":[[-46.303448,-23.781057,0.0],[-46.303453,-23.781012,0.0],[-46.303419,-23.781009,0.0],[-46.30342,-23.780995,0.0],[-46.303306,-23.780986,0.0],[-46.3033,-23.781045,0.0],[-46.303448,-23.781057,0.0]]}},{"type":"Feature","properties":{"tipo":"Edificação (CAD 2025)"},"geometry":{"type":"LineString","coordinates":[[-46.3033,-23.781045,0.0],[-46.303311,-23.780936,0.0],[-46.303271,-23.780933,0.0],[-46.303266,-23.780983,0.0],[-46.303227,-23.780979,0.0],[-46.303221,-23.781038,0.0],[-46.3033,-23.781045,0.0]]}},{"type":"Feature","properties":{"tipo":"Edificação (CAD 2025)"},"geometry":{"type":"LineString","coordinates":[[-46.303221,-23.781038,0.0],[-46.303234,-23.780905,0.0],[-46.303184,-23.780901,0.0],[-46.303171,-23.781034,0.0],[-46.303221,-23.781038,0.0]]}},{"type":"Feature","properties":{"tipo":"Edificação (CAD 2025)"},"geometry":{"type":"LineString","coordinates":[[-46.302627,-23.780681,0.0],[-46.302644,-23.780682,0.0],[-46.302643,-23.780696,0.0],[-46.302687,-23.780698,0.0],[-46.302688,-23.780677,0.0],[-46.302707,-23.780678,0.0],[-46.302709,-23.780642,0.0],[-46.302631,-23.780635,0.0],[-46.302627,-23.780681,0.0]]}},{"type":"Feature","properties":{"tipo":"Edificação (CAD 2025)"},"geometry":{"type":"LineString","coordinates":[[-46.302548,-23.780636,0.0],[-46.302553,-23.780568,0.0],[-46.302594,-23.78057,0.0],[-46.302589,-23.780639,0.0],[-46.302548,-23.780636,0.0]]}},{"type":"Feature","properties":{"tipo":"Edificação (CAD 2025)"},"geometry":{"type":"LineString","coordinates":[[-46.302731,-23.780644,0.0],[-46.302589,-23.780632,0.0],[-46.302594,-23.78057,0.0],[-46.302601,-23.78057,0.0],[-46.302604,-23.780532,0.0],[-46.302739,-23.78054,0.0],[-46.302738,-23.780554,0.0],[-46.302745,-23.780554,0.0],[-46.30274,-23.780622,0.0],[-46.302733,-23.780621,0.0],[-46.302731,-23.780644,0.0]]}},{"type":"Feature","properties":{"tipo":"Edificação (CAD 2025)"},"geometry":{"type":"LineString","coordinates":[[-46.303876,-23.780374,0.0],[-46.303937,-23.780405,0.0],[-46.303955,-23.780375,0.0],[-46.303894,-23.780344,0.0],[-46.303876,-23.780374,0.0]]}},{"type":"Feature","properties":{"tipo":"Edificação (CAD 2025)"},"geometry":{"type":"LineString","coordinates":[[-46.303687,-23.780328,0.0],[-46.303829,-23.780406,0.0],[-46.303884,-23.780319,0.0],[-46.303742,-23.780242,0.0],[-46.303687,-23.780328,0.0]]}},{"type":"Feature","properties":{"tipo":"Edificação (CAD 2025)"},"geometry":{"type":"LineString","coordinates":[[-46.304416,-23.781059,0.0],[-46.304498,-23.781105,0.0],[-46.304522,-23.781068,0.0],[-46.30444,-23.781022,0.0],[-46.304416,-23.781059,0.0]]}},{"type":"Feature","properties":{"tipo":"Edificação (CAD 2025)"},"geometry":{"type":"LineString","coordinates":[[-46.304446,-23.780923,0.0],[-46.304524,-23.780965,0.0],[-46.30454,-23.780941,0.0],[-46.304463,-23.780898,0.0],[-46.304446,-23.780923,0.0]]}},{"type":"Feature","properties":{"tipo":"Edificação (CAD 2025)"},"geometry":{"type":"LineString","coordinates":[[-46.304467,-23.780882,0.0],[-46.304367,-23.780827,0.0],[-46.304345,-23.780861,0.0],[-46.304445,-23.780916,0.0],[-46.304467,-23.780882,0.0]]}},{"type":"Feature","properties":{"tipo":"Edificação (CAD 2025)"},"geometry":{"type":"LineString","coordinates":[[-46.304514,-23.780796,0.0],[-46.304553,-23.780816,0.0],[-46.304566,-23.780794,0.0],[-46.304528,-23.780774,0.0],[-46.304514,-23.780796,0.0]]}},{"type":"Feature","properties":{"tipo":"Edificação (CAD 2025)"},"geometry":{"type":"LineString","coordinates":[[-46.304392,-23.780387,0.0],[-46.304413,-23.780406,0.0],[-46.304437,-23.780382,0.0],[-46.304416,-23.780364,0.0],[-46.304392,-23.780387,0.0]]}},{"type":"Feature","properties":{"tipo":"Edificação (CAD 2025)"},"geometry":{"type":"LineString","coordinates":[[-46.304423,-23.779422,0.0],[-46.304393,-23.779405,0.0],[-46.304381,-23.779424,0.0],[-46.304411,-23.779441,0.0],[-46.304423,-23.779422,0.0]]}},{"type":"Feature","properties":{"tipo":"Edificação (CAD 2025)"},"geometry":{"type":"LineString","coordinates":[[-46.304144,-23.778705,0.0],[-46.304169,-23.7787,0.0],[-46.304162,-23.77867,0.0],[-46.304136,-23.778675,0.0],[-46.304144,-23.778705,0.0]]}},{"type":"Feature","properties":{"tipo":"Edificação (CAD 2025)"},"geometry":{"type":"LineString","coordinates":[[-46.304002,-23.77866,0.0],[-46.303998,-23.778628,0.0],[-46.303981,-23.778629,0.0],[-46.303985,-23.778662,0.0],[-46.304002,-23.77866,0.0]]}},{"type":"Feature","properties":{"tipo":"Edificação (CAD 2025)"},"geometry":{"type":"LineString","coordinates":[[-46.304315,-23.778689,0.0],[-46.304301,-23.778573,0.0],[-46.30427,-23.778576,0.0],[-46.304262,-23.778512,0.0],[-46.304279,-23.77851,0.0],[-46.304275,-23.778483,0.0],[-46.304175,-23.778492,0.0],[-46.304208,-23.778735,0.0],[-46.304215,-23.778752,0.0],[-46.304229,-23.778763,0.0],[-46.304251,-23.778764,0.0],[-46.304269,-23.778758,0.0],[-46.304281,-23.778743,0.0],[-46.304285,-23.778725,0.0],[-46.30428,-23.778692,0.0],[-46.304315,-23.778689,0.0]]}},{"type":"Feature","properties":{"tipo":"Edificação (CAD 2025)"},"geometry":{"type":"LineString","coordinates":[[-46.304052,-23.778499,0.0],[-46.304014,-23.778502,0.0],[-46.304015,-23.778536,0.0],[-46.304051,-23.778536,0.0],[-46.304052,-23.778499,0.0]]}},{"type":"Feature","properties":{"tipo":"Edificação (CAD 2025)"},"geometry":{"type":"LineString","coordinates":[[-46.304609,-23.781127,0.0],[-46.304826,-23.781241,0.0],[-46.304852,-23.781199,0.0],[-46.304635,-23.781085,0.0],[-46.304609,-23.781127,0.0]]}},{"type":"Feature","properties":{"tipo":"Edificação (CAD 2025)"},"geometry":{"type":"LineString","coordinates":[[-46.304993,-23.779769,0.0],[-46.305016,-23.779789,0.0],[-46.305028,-23.779777,0.0],[-46.305005,-23.779757,0.0],[-46.304993,-23.779769,0.0]]}},{"type":"Feature","properties":{"tipo":"Edificação (CAD 2025)"},"geometry":{"type":"LineString","coordinates":[[-46.305004,-23.779798,0.0],[-46.304917,-23.779719,0.0],[-46.3049,-23.779734,0.0],[-46.304986,-23.779817,0.0],[-46.305004,-23.779798,0.0]]}},{"type":"Feature","properties":{"tipo":"Edificação (CAD 2025)"},"geometry":{"type":"LineString","coordinates":[[-46.30668,-23.779698,0.0],[-46.306706,-23.779731,0.0],[-46.306732,-23.779714,0.0],[-46.306707,-23.779681,0.0],[-46.30668,-23.779698,0.0]]}},{"type":"Feature","properties":{"tipo":"Edificação (CAD 2025)"},"geometry":{"type":"LineString","coordinates":[[-46.306617,-23.779698,0.0],[-46.306622,-23.779681,0.0],[-46.306604,-23.779676,0.0],[-46.306599,-23.779693,0.0],[-46.306617,-23.779698,0.0]]}},{"type":"Feature","properties":{"tipo":"Edificação (CAD 2025)"},"geometry":{"type":"LineString","coordinates":[[-46.304921,-23.779606,0.0],[-46.304891,-23.779582,0.0],[-46.304832,-23.77964,0.0],[-46.304849,-23.779656,0.0],[-46.304877,-23.779629,0.0],[-46.304886,-23.779638,0.0],[-46.304921,-23.779606,0.0]]}},{"type":"Feature","properties":{"tipo":"Edificação (CAD 2025)"},"geometry":{"type":"LineString","coordinates":[[-46.305109,-23.779332,0.0],[-46.304891,-23.779557,0.0],[-46.305128,-23.779753,0.0],[-46.305187,-23.779693,0.0],[-46.305123,-23.77964,0.0],[-46.305139,-23.779624,0.0],[-46.30513,-23.779618,0.0],[-46.305195,-23.779551,0.0],[-46.305158,-23.779521,0.0],[-46.305093,-23.779588,0.0],[-46.305031,-23.779537,0.0],[-46.305091,-23.779475,0.0],[-46.305146,-23.779521,0.0],[-46.305232,-23.779433,0.0],[-46.305109,-23.779332,0.0]]}},{"type":"Feature","properties":{"tipo":"Edificação (CAD 2025)"},"geometry":{"type":"MultiLineString","coordinates":[[[-46.30486,-23.778492,0.0],[-46.30486,-23.778492,0.0]],[[-46.30486,-23.778492,0.0],[-46.304796,-23.7785,0.0],[-46.304817,-23.778572,0.0],[-46.30488,-23.77856,0.0],[-46.30486,-23.778492,0.0]],[[-46.30486,-23.778492,0.0],[-46.30486,-23.778492,0.0]]]}},{"type":"Feature","properties":{"tipo":"Edificação (CAD 2025)"},"geometry":{"type":"LineString","coordinates":[[-46.304656,-23.778425,0.0],[-46.304703,-23.778364,0.0],[-46.304637,-23.778321,0.0],[-46.30459,-23.778382,0.0],[-46.304656,-23.778425,0.0]]}},{"type":"Feature","properties":{"tipo":"Edificação (CAD 2025)"},"geometry":{"type":"LineString","coordinates":[[-46.304581,-23.778071,0.0],[-46.304584,-23.778028,0.0],[-46.304684,-23.778029,0.0],[-46.304683,-23.778072,0.0],[-46.304581,-23.778071,0.0]]}},{"type":"Feature","properties":{"tipo":"Edificação (CAD 2025)"},"geometry":{"type":"LineString","coordinates":[[-46.302346,-23.779813,0.0],[-46.302387,-23.779783,0.0],[-46.302444,-23.77985,0.0],[-46.302397,-23.779884,0.0],[-46.302346,-23.779824,0.0],[-46.302346,-23.779813,0.0]]}},{"type":"Feature","properties":{"tipo":"Edificação (CAD 2025)"},"geometry":{"type":"LineString","coordinates":[[-46.303303,-23.779443,0.0],[-46.303141,-23.779308,0.0],[-46.303066,-23.779376,0.0],[-46.303232,-23.779515,0.0],[-46.303303,-23.779443,0.0]]}},{"type":"Feature","properties":{"tipo":"Edificação (CAD 2025)"},"geometry":{"type":"LineString","coordinates":[[-46.302843,-23.779119,0.0],[-46.30291,-23.779351,0.0],[-46.302919,-23.779352,0.0],[-46.302942,-23.779402,0.0],[-46.303158,-23.779588,0.0],[-46.303232,-23.779515,0.0],[-46.303066,-23.779376,0.0],[-46.303141,-23.779308,0.0],[-46.303173,-23.779286,0.0],[-46.303135,-23.779156,0.0],[-46.3031,-23.779164,0.0],[-46.303069,-23.779059,0.0],[-46.303053,-23.779063,0.0],[-46.303036,-23.779004,0.0],[-46.302936,-23.779028,0.0],[-46.302954,-23.77909,0.0],[-46.302921,-23.7791,0.0],[-46.302898,-23.779039,0.0],[-46.302851,-23.779059,0.0],[-46.302867,-23.779116,0.0],[-46.302843,-23.779119,0.0]]}},{"type":"Feature","properties":{"tipo":"Edificação (CAD 2025)"},"geometry":{"type":"LineString","coordinates":[[-46.302344,-23.778949,0.0],[-46.302371,-23.779028,0.0],[-46.302377,-23.779026,0.0],[-46.302388,-23.77906,0.0],[-46.302382,-23.779061,0.0],[-46.302406,-23.779137,0.0],[-46.302499,-23.779112,0.0],[-46.302407,-23.778823,0.0],[-46.302311,-23.778848,0.0],[-46.302344,-23.778949,0.0]]}},{"type":"Feature","properties":{"tipo":"Edificação (CAD 2025)"},"geometry":{"type":"LineString","coordinates":[[-46.303729,-23.778948,0.0],[-46.303688,-23.77898,0.0],[-46.303663,-23.778951,0.0],[-46.3037,-23.778917,0.0],[-46.303729,-23.778948,0.0]]}},{"type":"Feature","properties":{"tipo":"Edificação (CAD 2025)"},"geometry":{"type":"LineString","coordinates":[[-46.303743,-23.778963,0.0],[-46.303771,-23.778938,0.0],[-46.303743,-23.778913,0.0],[-46.303718,-23.778936,0.0],[-46.303743,-23.778963,0.0]]}},{"type":"Feature","properties":{"tipo":"Edificação (CAD 2025)"},"geometry":{"type":"LineString","coordinates":[[-46.303778,-23.778945,0.0],[-46.303804,-23.778921,0.0],[-46.303822,-23.778877,0.0],[-46.303775,-23.778861,0.0],[-46.303743,-23.778913,0.0],[-46.303778,-23.778945,0.0]]}},{"type":"Feature","properties":{"tipo":"Edificação (CAD 2025)"},"geometry":{"type":"LineString","coordinates":[[-46.303775,-23.778861,0.0],[-46.303841,-23.778884,0.0],[-46.303861,-23.778837,0.0],[-46.303794,-23.778815,0.0],[-46.303775,-23.778861,0.0]]}},{"type":"Feature","properties":{"tipo":"Edificação (CAD 2025)"},"geometry":{"type":"LineString","coordinates":[[-46.303794,-23.778815,0.0],[-46.303861,-23.778837,0.0],[-46.303881,-23.778788,0.0],[-46.303815,-23.778764,0.0],[-46.303794,-23.778815,0.0]]}},{"type":"Feature","properties":{"tipo":"Edificação (CAD 2025)"},"geometry":{"type":"LineString","coordinates":[[-46.303815,-23.778764,0.0],[-46.303881,-23.778788,0.0],[-46.303901,-23.778739,0.0],[-46.303834,-23.778716,0.0],[-46.303815,-23.778764,0.0]]}},{"type":"Feature","properties":{"tipo":"Edificação (CAD 2025)"},"geometry":{"type":"LineString","coordinates":[[-46.302182,-23.779266,0.0],[-46.302146,-23.779182,0.0],[-46.302096,-23.7792,0.0],[-46.302133,-23.779285,0.0],[-46.302182,-23.779266,0.0]]}},{"type":"Feature","properties":{"tipo":"Edificação (CAD 2025)"},"geometry":{"type":"LineString","coordinates":[[-46.301653,-23.779197,0.0],[-46.301391,-23.779301,0.0],[-46.301378,-23.779272,0.0],[-46.301493,-23.779213,0.0],[-46.3015,-23.779228,0.0],[-46.301535,-23.779215,0.0],[-46.30153,-23.779204,0.0],[-46.301637,-23.779163,0.0],[-46.301653,-23.779197,0.0]]}},{"type":"Feature","properties":{"tipo":"Edificação (CAD 2025)"},"geometry":{"type":"LineString","coordinates":[[-46.302252,-23.779238,0.0],[-46.302218,-23.779155,0.0],[-46.302146,-23.779182,0.0],[-46.302182,-23.779266,0.0],[-46.302252,-23.779238,0.0]]}},{"type":"Feature","properties":{"tipo":"Edificação (CAD 2025)"},"geometry":{"type":"LineString","coordinates":[[-46.301669,-23.779134,0.0],[-46.301722,-23.779256,0.0],[-46.301738,-23.77925,0.0],[-46.301743,-23.779262,0.0],[-46.301763,-23.779255,0.0],[-46.301705,-23.779121,0.0],[-46.301669,-23.779134,0.0]]}},{"type":"Feature","properties":{"tipo":"Edificação (CAD 2025)"},"geometry":{"type":"LineString","coordinates":[[-46.301868,-23.779231,0.0],[-46.301831,-23.779138,0.0],[-46.301884,-23.77912,0.0],[-46.301906,-23.779175,0.0],[-46.301926,-23.779168,0.0],[-46.301942,-23.779206,0.0],[-46.301868,-23.779231,0.0]]}},{"type":"Feature","properties":{"tipo":"Edificação (CAD 2025)"},"geometry":{"type":"LineString","coordinates":[[-46.302026,-23.779166,0.0],[-46.302199,-23.779107,0.0],[-46.30215,-23.77899,0.0],[-46.30192,-23.77907,0.0],[-46.301971,-23.779195,0.0],[-46.30203,-23.779175,0.0],[-46.302026,-23.779166,0.0]]}},{"type":"Feature","properties":{"tipo":"Edificação (CAD 2025)"},"geometry":{"type":"LineString","coordinates":[[-46.301608,-23.779035,0.0],[-46.301472,-23.779058,0.0],[-46.301463,-23.779021,0.0],[-46.301598,-23.778996,0.0],[-46.301608,-23.779035,0.0]]}},{"type":"Feature","properties":{"tipo":"Edificação (CAD 2025)"},"geometry":{"type":"LineString","coordinates":[[-46.301598,-23.778996,0.0],[-46.301478,-23.779018,0.0],[-46.301471,-23.778988,0.0],[-46.301457,-23.778991,0.0],[-46.301455,-23.77898,0.0],[-46.301588,-23.778955,0.0],[-46.301598,-23.778996,0.0]]}},{"type":"Feature","properties":{"tipo":"Edificação (CAD 2025)"},"geometry":{"type":"LineString","coordinates":[[-46.301588,-23.778955,0.0],[-46.301419,-23.778986,0.0],[-46.301411,-23.778949,0.0],[-46.301578,-23.778918,0.0],[-46.301588,-23.778955,0.0]]}},{"type":"Feature","properties":{"tipo":"Edificação (CAD 2025)"},"geometry":{"type":"LineString","coordinates":[[-46.301736,-23.77896,0.0],[-46.301713,-23.778893,0.0],[-46.30167,-23.778905,0.0],[-46.301675,-23.778918,0.0],[-46.301649,-23.778926,0.0],[-46.301658,-23.778953,0.0],[-46.301685,-23.778946,0.0],[-46.301694,-23.778972,0.0],[-46.301736,-23.77896,0.0]]}},{"type":"Feature","properties":{"tipo":"Edificação (CAD 2025)"},"geometry":{"type":"LineString","coordinates":[[-46.303834,-23.778716,0.0],[-46.303901,-23.778739,0.0],[-46.303923,-23.778692,0.0],[-46.303855,-23.778668,0.0],[-46.303834,-23.778716,0.0]]}},{"type":"Feature","properties":{"tipo":"Edificação (CAD 2025)"},"geometry":{"type":"LineString","coordinates":[[-46.3023,-23.778594,0.0],[-46.302335,-23.778717,0.0],[-46.30231,-23.778723,0.0],[-46.302275,-23.7786,0.0],[-46.3023,-23.778594,0.0]]}},{"type":"Feature","properties":{"tipo":"Edificação (CAD 2025)"},"geometry":{"type":"LineString","coordinates":[[-46.303855,-23.778668,0.0],[-46.303923,-23.778692,0.0],[-46.30394,-23.77864,0.0],[-46.303875,-23.778618,0.0],[-46.303855,-23.778668,0.0]]}},{"type":"Feature","properties":{"tipo":"Edificação (CAD 2025)"},"geometry":{"type":"LineString","coordinates":[[-46.303652,-23.77868,0.0],[-46.303707,-23.778662,0.0],[-46.303678,-23.778619,0.0],[-46.303635,-23.778644,0.0],[-46.303652,-23.77868,0.0]]}},{"type":"Feature","properties":{"tipo":"Edificação (CAD 2025)"},"geometry":{"type":"LineString","coordinates":[[-46.303875,-23.778618,0.0],[-46.30394,-23.77864,0.0],[-46.303953,-23.77859,0.0],[-46.303894,-23.77857,0.0],[-46.303875,-23.778618,0.0]]}},{"type":"Feature","properties":{"tipo":"Edificação (CAD 2025)"},"geometry":{"type":"LineString","coordinates":[[-46.303894,-23.77857,0.0],[-46.303931,-23.778582,0.0],[-46.303938,-23.778553,0.0],[-46.303906,-23.778542,0.0],[-46.303894,-23.77857,0.0]]}},{"type":"Feature","properties":{"tipo":"Edificação (CAD 2025)"},"geometry":{"type":"LineString","coordinates":[[-46.303614,-23.778602,0.0],[-46.303764,-23.778542,0.0],[-46.303733,-23.778476,0.0],[-46.303606,-23.778527,0.0],[-46.303601,-23.778516,0.0],[-46.303578,-23.778526,0.0],[-46.303614,-23.778602,0.0]]}},{"type":"Feature","properties":{"tipo":"Edificação (CAD 2025)"},"geometry":{"type":"LineString","coordinates":[[-46.303788,-23.778502,0.0],[-46.303767,-23.778461,0.0],[-46.303748,-23.77847,0.0],[-46.303768,-23.77851,0.0],[-46.303788,-23.778502,0.0]]}},{"type":"Feature","properties":{"tipo":"Edificação (CAD 2025)"},"geometry":{"type":"LineString","coordinates":[[-46.303581,-23.77851,0.0],[-46.303675,-23.778481,0.0],[-46.303671,-23.77847,0.0],[-46.30371,-23.778458,0.0],[-46.303713,-23.778468,0.0],[-46.303777,-23.778448,0.0],[-46.303767,-23.778416,0.0],[-46.303563,-23.778444,0.0],[-46.303581,-23.77851,0.0]]}},{"type":"Feature","properties":{"tipo":"Edificação (CAD 2025)"},"geometry":{"type":"LineString","coordinates":[[-46.303818,-23.778388,0.0],[-46.30382,-23.778445,0.0],[-46.303881,-23.778443,0.0],[-46.303877,-23.778385,0.0],[-46.303818,-23.778388,0.0]]}},{"type":"Feature","properties":{"tipo":"Edificação (CAD 2025)"},"geometry":{"type":"LineString","coordinates":[[-46.303697,-23.778248,0.0],[-46.30371,-23.778358,0.0],[-46.303725,-23.778356,0.0],[-46.303729,-23.778394,0.0],[-46.303758,-23.778392,0.0],[-46.30374,-23.778243,0.0],[-46.303697,-23.778248,0.0]]}},{"type":"Feature","properties":{"tipo":"Edificação (CAD 2025)"},"geometry":{"type":"LineString","coordinates":[[-46.30374,-23.778243,0.0],[-46.303758,-23.778392,0.0],[-46.303814,-23.778392,0.0],[-46.303796,-23.778238,0.0],[-46.30374,-23.778243,0.0]]}},{"type":"Feature","properties":{"tipo":"Edificação (CAD 2025)"},"geometry":{"type":"LineString","coordinates":[[-46.303852,-23.778245,0.0],[-46.303863,-23.778371,0.0],[-46.303851,-23.778374,0.0],[-46.303849,-23.778356,0.0],[-46.303839,-23.778357,0.0],[-46.303836,-23.778316,0.0],[-46.303815,-23.778317,0.0],[-46.303809,-23.778247,0.0],[-46.303852,-23.778245,0.0]]}},{"type":"Feature","properties":{"tipo":"Edificação (CAD 2025)"},"geometry":{"type":"LineString","coordinates":[[-46.303852,-23.778245,0.0],[-46.303863,-23.778371,0.0],[-46.303888,-23.778369,0.0],[-46.303886,-23.778354,0.0],[-46.3039,-23.778353,0.0],[-46.303896,-23.778306,0.0],[-46.303912,-23.778305,0.0],[-46.303908,-23.778242,0.0],[-46.303852,-23.778245,0.0]]}},{"type":"Feature","properties":{"tipo":"Edificação (CAD 2025)"},"geometry":{"type":"LineString","coordinates":[[-46.303576,-23.778211,0.0],[-46.303652,-23.778191,0.0],[-46.30364,-23.77814,0.0],[-46.303561,-23.77816,0.0],[-46.303576,-23.778211,0.0]]}},{"type":"Feature","properties":{"tipo":"Edificação (CAD 2025)"},"geometry":{"type":"LineString","coordinates":[[-46.303655,-23.7782,0.0],[-46.303646,-23.778163,0.0],[-46.3037,-23.778149,0.0],[-46.303711,-23.778185,0.0],[-46.303655,-23.7782,0.0]]}},{"type":"Feature","properties":{"tipo":"Edificação (CAD 2025)"},"geometry":{"type":"LineString","coordinates":[[-46.303784,-23.778186,0.0],[-46.303809,-23.778183,0.0],[-46.303815,-23.778153,0.0],[-46.303775,-23.778147,0.0],[-46.303784,-23.778186,0.0]]}},{"type":"Feature","properties":{"tipo":"Edificação (CAD 2025)"},"geometry":{"type":"LineString","coordinates":[[-46.303909,-23.778146,0.0],[-46.303864,-23.778137,0.0],[-46.303853,-23.778181,0.0],[-46.303898,-23.77819,0.0],[-46.303909,-23.778146,0.0]]}},{"type":"Feature","properties":{"tipo":"Edificação (CAD 2025)"},"geometry":{"type":"LineString","coordinates":[[-46.303522,-23.778181,0.0],[-46.303563,-23.778168,0.0],[-46.303561,-23.77816,0.0],[-46.30364,-23.77814,0.0],[-46.303646,-23.778163,0.0],[-46.303686,-23.778153,0.0],[-46.303686,-23.778143,0.0],[-46.303723,-23.778143,0.0],[-46.303724,-23.778119,0.0],[-46.303548,-23.778094,0.0],[-46.303522,-23.778181,0.0]]}},{"type":"Feature","properties":{"tipo":"Edificação (CAD 2025)"},"geometry":{"type":"LineString","coordinates":[[-46.303953,-23.778086,0.0],[-46.303879,-23.778073,0.0],[-46.303864,-23.778137,0.0],[-46.303921,-23.778148,0.0],[-46.303926,-23.778125,0.0],[-46.303943,-23.778128,0.0],[-46.303953,-23.778086,0.0]]}},{"type":"Feature","properties":{"tipo":"Edificação (CAD 2025)"},"geometry":{"type":"LineString","coordinates":[[-46.303981,-23.778409,0.0],[-46.303945,-23.778404,0.0],[-46.303946,-23.778396,0.0],[-46.303918,-23.778393,0.0],[-46.303916,-23.778403,0.0],[-46.303893,-23.7784,0.0],[-46.303886,-23.778448,0.0],[-46.303955,-23.778457,0.0],[-46.303957,-23.778442,0.0],[-46.303979,-23.778428,0.0],[-46.303981,-23.778409,0.0]]}},{"type":"Feature","properties":{"tipo":"Edificação (CAD 2025)"},"geometry":{"type":"LineString","coordinates":[[-46.3044,-23.778397,0.0],[-46.304357,-23.778399,0.0],[-46.304353,-23.778374,0.0],[-46.304399,-23.778371,0.0],[-46.3044,-23.778397,0.0]]}},{"type":"Feature","properties":{"tipo":"Edificação (CAD 2025)"},"geometry":{"type":"LineString","coordinates":[[-46.304307,-23.778304,0.0],[-46.304423,-23.778296,0.0],[-46.304427,-23.778334,0.0],[-46.304449,-23.778333,0.0],[-46.304452,-23.778367,0.0],[-46.304314,-23.778377,0.0],[-46.304307,-23.778304,0.0]]}},{"type":"Feature","properties":{"tipo":"Edificação (CAD 2025)"},"geometry":{"type":"LineString","coordinates":[[-46.303949,-23.778347,0.0],[-46.30402,-23.778361,0.0],[-46.304031,-23.778317,0.0],[-46.303961,-23.778304,0.0],[-46.303949,-23.778347,0.0]]}},{"type":"Feature","properties":{"tipo":"Edificação (CAD 2025)"},"geometry":{"type":"LineString","coordinates":[[-46.304471,-23.778266,0.0],[-46.304505,-23.778318,0.0],[-46.30454,-23.778299,0.0],[-46.304506,-23.778247,0.0],[-46.304471,-23.778266,0.0]]}},{"type":"Feature","properties":{"tipo":"Edificação (CAD 2025)"},"geometry":{"type":"LineString","coordinates":[[-46.303961,-23.778304,0.0],[-46.304021,-23.778315,0.0],[-46.304044,-23.778217,0.0],[-46.303983,-23.778204,0.0],[-46.303961,-23.778304,0.0]]}},{"type":"Feature","properties":{"tipo":"Edificação (CAD 2025)"},"geometry":{"type":"LineString","coordinates":[[-46.304307,-23.778304,0.0],[-46.304428,-23.778295,0.0],[-46.304426,-23.778272,0.0],[-46.30441,-23.778273,0.0],[-46.304404,-23.778204,0.0],[-46.304298,-23.778211,0.0],[-46.304307,-23.778304,0.0]]}},{"type":"Feature","properties":{"tipo":"Edificação (CAD 2025)"},"geometry":{"type":"LineString","coordinates":[[-46.304097,-23.77821,0.0],[-46.304109,-23.778136,0.0],[-46.304074,-23.778131,0.0],[-46.304061,-23.778205,0.0],[-46.304097,-23.77821,0.0]]}},{"type":"Feature","properties":{"tipo":"Edificação (CAD 2025)"},"geometry":{"type":"LineString","coordinates":[[-46.304429,-23.778069,0.0],[-46.304429,-23.778027,0.0],[-46.304584,-23.778028,0.0],[-46.304581,-23.778071,0.0],[-46.304429,-23.778069,0.0]]}},{"type":"Feature","properties":{"tipo":"Edificação (CAD 2025)"},"geometry":{"type":"LineString","coordinates":[[-46.304104,-23.777999,0.0],[-46.304078,-23.778051,0.0],[-46.304031,-23.778061,0.0],[-46.30405,-23.778016,0.0],[-46.304034,-23.77801,0.0],[-46.30404,-23.777995,0.0],[-46.304033,-23.777992,0.0],[-46.304044,-23.777972,0.0],[-46.304104,-23.777999,0.0]]}},{"type":"Feature","properties":{"tipo":"Edificação (CAD 2025)"},"geometry":{"type":"LineString","coordinates":[[-46.301345,-23.780442,0.0],[-46.301289,-23.78047,0.0],[-46.301314,-23.780513,0.0],[-46.301344,-23.780498,0.0],[-46.301337,-23.780487,0.0],[-46.301364,-23.780474,0.0],[-46.301345,-23.780442,0.0]]}},{"type":"Feature","properties":{"tipo":"Edificação (CAD 2025)"},"geometry":{"type":"LineString","coordinates":[[-46.301421,-23.780339,0.0],[-46.301348,-23.780377,0.0],[-46.301394,-23.780452,0.0],[-46.301467,-23.780414,0.0],[-46.301421,-23.780339,0.0]]}},{"type":"Feature","properties":{"tipo":"Edificação (CAD 2025)"},"geometry":{"type":"LineString","coordinates":[[-46.301314,-23.780321,0.0],[-46.301416,-23.780264,0.0],[-46.301381,-23.780211,0.0],[-46.301306,-23.780255,0.0],[-46.301313,-23.780266,0.0],[-46.301287,-23.78028,0.0],[-46.301314,-23.780321,0.0]]}},{"type":"Feature","properties":{"tipo":"Edificação (CAD 2025)"},"geometry":{"type":"LineString","coordinates":[[-46.301306,-23.780255,0.0],[-46.301381,-23.780211,0.0],[-46.301337,-23.780145,0.0],[-46.301216,-23.780213,0.0],[-46.301244,-23.780255,0.0],[-46.301289,-23.78023,0.0],[-46.301306,-23.780255,0.0]]}},{"type":"Feature","properties":{"tipo":"Edificação (CAD 2025)"},"geometry":{"type":"LineString","coordinates":[[-46.301275,-23.779934,0.0],[-46.30137,-23.780046,0.0],[-46.301314,-23.780086,0.0],[-46.301219,-23.779975,0.0],[-46.301275,-23.779934,0.0]]}},{"type":"Feature","properties":{"tipo":"Edificação (CAD 2025)"},"geometry":{"type":"LineString","coordinates":[[-46.301201,-23.779946,0.0],[-46.30126,-23.779896,0.0],[-46.301241,-23.779877,0.0],[-46.301182,-23.779927,0.0],[-46.301201,-23.779946,0.0]]}},{"type":"Feature","properties":{"tipo":"Edificação (CAD 2025)"},"geometry":{"type":"LineString","coordinates":[[-46.301192,-23.779774,0.0],[-46.301221,-23.779806,0.0],[-46.301092,-23.779902,0.0],[-46.301114,-23.779928,0.0],[-46.301077,-23.779955,0.0],[-46.301059,-23.779934,0.0],[-46.300944,-23.780019,0.0],[-46.300912,-23.779982,0.0],[-46.301192,-23.779774,0.0]]}},{"type":"Feature","properties":{"tipo":"Edificação (CAD 2025)"},"geometry":{"type":"LineString","coordinates":[[-46.301229,-23.779811,0.0],[-46.301257,-23.779844,0.0],[-46.301128,-23.77994,0.0],[-46.3011,-23.779907,0.0],[-46.301229,-23.779811,0.0]]}},{"type":"Feature","properties":{"tipo":"Edificação (CAD 2025)"},"geometry":{"type":"LineString","coordinates":[[-46.301343,-23.779853,0.0],[-46.301256,-23.779736,0.0],[-46.301224,-23.779756,0.0],[-46.301311,-23.779874,0.0],[-46.301343,-23.779853,0.0]]}},{"type":"Feature","properties":{"tipo":"Edificação (CAD 2025)"},"geometry":{"type":"LineString","coordinates":[[-46.301043,-23.779744,0.0],[-46.301015,-23.779703,0.0],[-46.300998,-23.779712,0.0],[-46.300986,-23.779693,0.0],[-46.300902,-23.779742,0.0],[-46.300942,-23.779801,0.0],[-46.301043,-23.779744,0.0]]}},{"type":"Feature","properties":{"tipo":"Edificação (CAD 2025)"},"geometry":{"type":"LineString","coordinates":[[-46.300053,-23.780319,0.0],[-46.300035,-23.78029,0.0],[-46.300016,-23.780301,0.0],[-46.300035,-23.780329,0.0],[-46.300053,-23.780319,0.0]]}},{"type":"Feature","properties":{"tipo":"Edificação (CAD 2025)"},"geometry":{"type":"LineString","coordinates":[[-46.299827,-23.78027,0.0],[-46.299841,-23.780263,0.0],[-46.299823,-23.780233,0.0],[-46.299854,-23.780216,0.0],[-46.29981,-23.780148,0.0],[-46.299734,-23.780191,0.0],[-46.299795,-23.780288,0.0],[-46.299827,-23.78027,0.0]]}},{"type":"Feature","properties":{"tipo":"Edificação (CAD 2025)"},"geometry":{"type":"LineString","coordinates":[[-46.29981,-23.780148,0.0],[-46.299854,-23.780216,0.0],[-46.299865,-23.78021,0.0],[-46.299897,-23.78026,0.0],[-46.299936,-23.780239,0.0],[-46.299882,-23.780153,0.0],[-46.299915,-23.780135,0.0],[-46.299893,-23.780101,0.0],[-46.29981,-23.780148,0.0]]}},{"type":"Feature","properties":{"tipo":"Edificação (CAD 2025)"},"geometry":{"type":"LineString","coordinates":[[-46.30005,-23.780103,0.0],[-46.300007,-23.780036,0.0],[-46.299935,-23.780077,0.0],[-46.299987,-23.780158,0.0],[-46.300014,-23.780143,0.0],[-46.300026,-23.780162,0.0],[-46.300049,-23.780149,0.0],[-46.300028,-23.780116,0.0],[-46.30005,-23.780103,0.0]]}},{"type":"Feature","properties":{"tipo":"Edificação (CAD 2025)"},"geometry":{"type":"LineString","coordinates":[[-46.299599,-23.779942,0.0],[-46.299673,-23.780061,0.0],[-46.299743,-23.780023,0.0],[-46.299701,-23.779957,0.0],[-46.29967,-23.779974,0.0],[-46.299638,-23.779922,0.0],[-46.299599,-23.779942,0.0]]}},{"type":"Feature","properties":{"tipo":"Edificação (CAD 2025)"},"geometry":{"type":"LineString","coordinates":[[-46.299701,-23.779957,0.0],[-46.299743,-23.780023,0.0],[-46.299809,-23.779988,0.0],[-46.299781,-23.779943,0.0],[-46.29977,-23.779949,0.0],[-46.299722,-23.779872,0.0],[-46.299682,-23.779893,0.0],[-46.299717,-23.779949,0.0],[-46.299701,-23.779957,0.0]]}},{"type":"Feature","properties":{"tipo":"Edificação (CAD 2025)"},"geometry":{"type":"LineString","coordinates":[[-46.299912,-23.779958,0.0],[-46.299936,-23.779942,0.0],[-46.299925,-23.779927,0.0],[-46.299902,-23.779942,0.0],[-46.299912,-23.779958,0.0]]}},{"type":"Feature","properties":{"tipo":"Edificação (CAD 2025)"},"geometry":{"type":"LineString","coordinates":[[-46.299957,-23.779937,0.0],[-46.300001,-23.779913,0.0],[-46.299972,-23.77987,0.0],[-46.299928,-23.779896,0.0],[-46.299957,-23.779937,0.0]]}},{"type":"Feature","properties":{"tipo":"Edificação (CAD 2025)"},"geometry":{"type":"LineString","coordinates":[[-46.300038,-23.779892,0.0],[-46.30006,-23.77988,0.0],[-46.300046,-23.779855,0.0],[-46.300023,-23.779867,0.0],[-46.300038,-23.779892,0.0]]}},{"type":"Feature","properties":{"tipo":"Edificação (CAD 2025)"},"geometry":{"type":"LineString","coordinates":[[-46.300005,-23.779871,0.0],[-46.300012,-23.779854,0.0],[-46.299987,-23.779845,0.0],[-46.299979,-23.779862,0.0],[-46.300005,-23.779871,0.0]]}},{"type":"Feature","properties":{"tipo":"Edificação (CAD 2025)"},"geometry":{"type":"LineString","coordinates":[[-46.300169,-23.780222,0.0],[-46.300198,-23.780203,0.0],[-46.300176,-23.780173,0.0],[-46.300147,-23.780192,0.0],[-46.300169,-23.780222,0.0]]}},{"type":"Feature","properties":{"tipo":"Edificação (CAD 2025)"},"geometry":{"type":"LineString","coordinates":[[-46.30031,-23.78009,0.0],[-46.300271,-23.780029,0.0],[-46.300243,-23.780045,0.0],[-46.300282,-23.780106,0.0],[-46.30031,-23.78009,0.0]]}},{"type":"Feature","properties":{"tipo":"Edificação (CAD 2025)"},"geometry":{"type":"LineString","coordinates":[[-46.300007,-23.780036,0.0],[-46.30005,-23.780103,0.0],[-46.30007,-23.780092,0.0],[-46.300093,-23.780127,0.0],[-46.300128,-23.780108,0.0],[-46.300118,-23.780093,0.0],[-46.300124,-23.78009,0.0],[-46.300068,-23.780002,0.0],[-46.300007,-23.780036,0.0]]}},{"type":"Feature","properties":{"tipo":"Edificação (CAD 2025)"},"geometry":{"type":"LineString","coordinates":[[-46.300146,-23.779957,0.0],[-46.300204,-23.779924,0.0],[-46.300269,-23.780026,0.0],[-46.300211,-23.78006,0.0],[-46.300146,-23.779957,0.0]]}},{"type":"Feature","properties":{"tipo":"Edificação (CAD 2025)"},"geometry":{"type":"LineString","coordinates":[[-46.300204,-23.779924,0.0],[-46.300269,-23.779888,0.0],[-46.300334,-23.77999,0.0],[-46.300269,-23.780026,0.0],[-46.300204,-23.779924,0.0]]}},{"type":"Feature","properties":{"tipo":"Edificação (CAD 2025)"},"geometry":{"type":"LineString","coordinates":[[-46.300439,-23.779921,0.0],[-46.300378,-23.779825,0.0],[-46.300344,-23.779845,0.0],[-46.300374,-23.779889,0.0],[-46.300346,-23.779904,0.0],[-46.300378,-23.779954,0.0],[-46.300439,-23.779921,0.0]]}},{"type":"Feature","properties":{"tipo":"Edificação (CAD 2025)"},"geometry":{"type":"LineString","coordinates":[[-46.300439,-23.779921,0.0],[-46.300452,-23.779942,0.0],[-46.300482,-23.779926,0.0],[-46.300407,-23.779809,0.0],[-46.300378,-23.779825,0.0],[-46.300439,-23.779921,0.0]]}},{"type":"Feature","properties":{"tipo":"Edificação (CAD 2025)"},"geometry":{"type":"LineString","coordinates":[[-46.300525,-23.779931,0.0],[-46.300437,-23.779792,0.0],[-46.300407,-23.779809,0.0],[-46.300495,-23.779947,0.0],[-46.300525,-23.779931,0.0]]}},{"type":"Feature","properties":{"tipo":"Edificação (CAD 2025)"},"geometry":{"type":"LineString","coordinates":[[-46.300554,-23.779914,0.0],[-46.300544,-23.779898,0.0],[-46.300556,-23.779891,0.0],[-46.300478,-23.779769,0.0],[-46.300437,-23.779792,0.0],[-46.300525,-23.779931,0.0],[-46.300554,-23.779914,0.0]]}},{"type":"Feature","properties":{"tipo":"Edificação (CAD 2025)"},"geometry":{"type":"LineString","coordinates":[[-46.300054,-23.779845,0.0],[-46.300093,-23.779857,0.0],[-46.300099,-23.779839,0.0],[-46.300121,-23.779846,0.0],[-46.300132,-23.779815,0.0],[-46.30007,-23.779798,0.0],[-46.300054,-23.779845,0.0]]}},{"type":"Feature","properties":{"tipo":"Edificação (CAD 2025)"},"geometry":{"type":"LineString","coordinates":[[-46.301663,-23.779969,0.0],[-46.301677,-23.779991,0.0],[-46.301664,-23.779999,0.0],[-46.301681,-23.780025,0.0],[-46.30158,-23.78008,0.0],[-46.301548,-23.780029,0.0],[-46.301663,-23.779969,0.0]]}},{"type":"Feature","properties":{"tipo":"Edificação (CAD 2025)"},"geometry":{"type":"LineString","coordinates":[[-46.301663,-23.779969,0.0],[-46.301658,-23.779961,0.0],[-46.301641,-23.77997,0.0],[-46.301615,-23.77993,0.0],[-46.301518,-23.779982,0.0],[-46.301548,-23.780029,0.0],[-46.301663,-23.779969,0.0]]}},{"type":"Feature","properties":{"tipo":"Edificação (CAD 2025)"},"geometry":{"type":"LineString","coordinates":[[-46.301488,-23.779934,0.0],[-46.301575,-23.779888,0.0],[-46.301586,-23.779904,0.0],[-46.301596,-23.779899,0.0],[-46.301615,-23.77993,0.0],[-46.301518,-23.779982,0.0],[-46.301488,-23.779934,0.0]]}},{"type":"Feature","properties":{"tipo":"Edificação (CAD 2025)"},"geometry":{"type":"LineString","coordinates":[[-46.301939,-23.779869,0.0],[-46.301957,-23.779906,0.0],[-46.301837,-23.779955,0.0],[-46.301826,-23.779931,0.0],[-46.301801,-23.77994,0.0],[-46.301795,-23.779927,0.0],[-46.301939,-23.779869,0.0]]}},{"type":"Feature","properties":{"tipo":"Edificação (CAD 2025)"},"geometry":{"type":"LineString","coordinates":[[-46.301939,-23.779869,0.0],[-46.301921,-23.779832,0.0],[-46.301801,-23.77988,0.0],[-46.301812,-23.779904,0.0],[-46.301789,-23.779914,0.0],[-46.301795,-23.779927,0.0],[-46.301939,-23.779869,0.0]]}},{"type":"Feature","properties":{"tipo":"Edificação (CAD 2025)"},"geometry":{"type":"LineString","coordinates":[[-46.301851,-23.779826,0.0],[-46.301802,-23.779846,0.0],[-46.301815,-23.779875,0.0],[-46.301865,-23.779855,0.0],[-46.301851,-23.779826,0.0]]}},{"type":"Feature","properties":{"tipo":"Edificação (CAD 2025)"},"geometry":{"type":"LineString","coordinates":[[-46.301879,-23.779815,0.0],[-46.301862,-23.779778,0.0],[-46.301784,-23.779809,0.0],[-46.301802,-23.779846,0.0],[-46.301879,-23.779815,0.0]]}},{"type":"Feature","properties":{"tipo":"Edificação (CAD 2025)"},"geometry":{"type":"LineString","coordinates":[[-46.301565,-23.779767,0.0],[-46.301685,-23.779708,0.0],[-46.30172,-23.779767,0.0],[-46.301601,-23.779827,0.0],[-46.301565,-23.779767,0.0]]}},{"type":"Feature","properties":{"tipo":"Edificação (CAD 2025)"},"geometry":{"type":"LineString","coordinates":[[-46.301897,-23.77975,0.0],[-46.301863,-23.779679,0.0],[-46.301787,-23.779711,0.0],[-46.301821,-23.77978,0.0],[-46.301837,-23.779774,0.0],[-46.301842,-23.779785,0.0],[-46.301882,-23.779769,0.0],[-46.301877,-23.779758,0.0],[-46.301897,-23.77975,0.0]]}},{"type":"Feature","properties":{"tipo":"Edificação (CAD 2025)"},"geometry":{"type":"LineString","coordinates":[[-46.301854,-23.779659,0.0],[-46.301819,-23.779588,0.0],[-46.301743,-23.77962,0.0],[-46.301777,-23.77969,0.0],[-46.301793,-23.779683,0.0],[-46.301799,-23.779695,0.0],[-46.301839,-23.779679,0.0],[-46.301833,-23.779668,0.0],[-46.301854,-23.779659,0.0]]}},{"type":"Feature","properties":{"tipo":"Edificação (CAD 2025)"},"geometry":{"type":"LineString","coordinates":[[-46.30127,-23.779728,0.0],[-46.301302,-23.779708,0.0],[-46.301323,-23.779736,0.0],[-46.301291,-23.779756,0.0],[-46.30127,-23.779728,0.0]]}},{"type":"Feature","properties":{"tipo":"Edificação (CAD 2025)"},"geometry":{"type":"LineString","coordinates":[[-46.301109,-23.779706,0.0],[-46.301053,-23.779623,0.0],[-46.300986,-23.779661,0.0],[-46.301043,-23.779744,0.0],[-46.301109,-23.779706,0.0]]}},{"type":"Feature","properties":{"tipo":"Edificação (CAD 2025)"},"geometry":{"type":"LineString","coordinates":[[-46.301135,-23.779608,0.0],[-46.301069,-23.779646,0.0],[-46.301109,-23.779706,0.0],[-46.301176,-23.779668,0.0],[-46.301135,-23.779608,0.0]]}},{"type":"Feature","properties":{"tipo":"Edificação (CAD 2025)"},"geometry":{"type":"LineString","coordinates":[[-46.301135,-23.779608,0.0],[-46.301176,-23.779668,0.0]]}},{"type":"Feature","properties":{"tipo":"Edificação (CAD 2025)"},"geometry":{"type":"LineString","coordinates":[[-46.301202,-23.779569,0.0],[-46.301225,-23.779603,0.0],[-46.301204,-23.779615,0.0],[-46.301222,-23.779642,0.0],[-46.301176,-23.779668,0.0],[-46.301135,-23.779608,0.0],[-46.301202,-23.779569,0.0]]}},{"type":"Feature","properties":{"tipo":"Edificação (CAD 2025)"},"geometry":{"type":"LineString","coordinates":[[-46.301236,-23.779439,0.0],[-46.30119,-23.779465,0.0],[-46.301222,-23.779512,0.0],[-46.301246,-23.779498,0.0],[-46.301273,-23.779539,0.0],[-46.301295,-23.779526,0.0],[-46.301236,-23.779439,0.0]]}},{"type":"Feature","properties":{"tipo":"Edificação (CAD 2025)"},"geometry":{"type":"LineString","coordinates":[[-46.301292,-23.779406,0.0],[-46.301236,-23.779439,0.0],[-46.301295,-23.779526,0.0],[-46.301325,-23.779509,0.0],[-46.301311,-23.779488,0.0],[-46.301337,-23.779473,0.0],[-46.301292,-23.779406,0.0]]}},{"type":"Feature","properties":{"tipo":"Edificação (CAD 2025)"},"geometry":{"type":"LineString","coordinates":[[-46.300824,-23.779401,0.0],[-46.300844,-23.779432,0.0],[-46.30073,-23.779499,0.0],[-46.300708,-23.779466,0.0],[-46.300824,-23.779401,0.0]]}},{"type":"Feature","properties":{"tipo":"Edificação (CAD 2025)"},"geometry":{"type":"LineString","coordinates":[[-46.30081,-23.779381,0.0],[-46.300824,-23.779401,0.0],[-46.300708,-23.779466,0.0],[-46.30069,-23.779439,0.0],[-46.300783,-23.779387,0.0],[-46.300787,-23.779394,0.0],[-46.30081,-23.779381,0.0]]}},{"type":"Feature","properties":{"tipo":"Edificação (CAD 2025)"},"geometry":{"type":"LineString","coordinates":[[-46.30069,-23.779439,0.0],[-46.300776,-23.779391,0.0],[-46.300724,-23.779313,0.0],[-46.300638,-23.779361,0.0],[-46.30069,-23.779439,0.0]]}},{"type":"Feature","properties":{"tipo":"Edificação (CAD 2025)"},"geometry":{"type":"LineString","coordinates":[[-46.30007,-23.779798,0.0],[-46.300121,-23.779812,0.0],[-46.300153,-23.779723,0.0],[-46.300078,-23.7797,0.0],[-46.300049,-23.779783,0.0],[-46.300073,-23.77979,0.0],[-46.30007,-23.779798,0.0]]}},{"type":"Feature","properties":{"tipo":"Edificação (CAD 2025)"},"geometry":{"type":"LineString","coordinates":[[-46.300427,-23.779655,0.0],[-46.300461,-23.779637,0.0],[-46.300435,-23.779595,0.0],[-46.300401,-23.779614,0.0],[-46.300427,-23.779655,0.0]]}},{"type":"Feature","properties":{"tipo":"Edificação (CAD 2025)"},"geometry":{"type":"LineString","coordinates":[[-46.300357,-23.779627,0.0],[-46.300397,-23.77953,0.0],[-46.300356,-23.779516,0.0],[-46.300345,-23.77954,0.0],[-46.300327,-23.779533,0.0],[-46.300297,-23.779608,0.0],[-46.300357,-23.779627,0.0]]}},{"type":"Feature","properties":{"tipo":"Edificação (CAD 2025)"},"geometry":{"type":"LineString","coordinates":[[-46.300297,-23.779608,0.0],[-46.300338,-23.779507,0.0],[-46.300257,-23.779478,0.0],[-46.300213,-23.779581,0.0],[-46.300297,-23.779608,0.0]]}},{"type":"Feature","properties":{"tipo":"Edificação (CAD 2025)"},"geometry":{"type":"LineString","coordinates":[[-46.300241,-23.779515,0.0],[-46.300257,-23.779478,0.0],[-46.300305,-23.779495,0.0],[-46.300312,-23.779479,0.0],[-46.300336,-23.779487,0.0],[-46.300346,-23.779464,0.0],[-46.300306,-23.779449,0.0],[-46.300295,-23.779474,0.0],[-46.300275,-23.779466,0.0],[-46.300286,-23.779442,0.0],[-46.300257,-23.779431,0.0],[-46.300223,-23.779509,0.0],[-46.300241,-23.779515,0.0]]}},{"type":"Feature","properties":{"tipo":"Edificação (CAD 2025)"},"geometry":{"type":"LineString","coordinates":[[-46.30045,-23.779387,0.0],[-46.300437,-23.779368,0.0],[-46.300404,-23.779386,0.0],[-46.300417,-23.779406,0.0],[-46.30045,-23.779387,0.0]]}},{"type":"Feature","properties":{"tipo":"Edificação (CAD 2025)"},"geometry":{"type":"LineString","coordinates":[[-46.300498,-23.779322,0.0],[-46.300478,-23.779292,0.0],[-46.300378,-23.779349,0.0],[-46.300399,-23.779379,0.0],[-46.300498,-23.779322,0.0]]}},{"type":"Feature","properties":{"tipo":"Edificação (CAD 2025)"},"geometry":{"type":"LineString","coordinates":[[-46.300462,-23.779268,0.0],[-46.300362,-23.779325,0.0],[-46.300378,-23.779349,0.0],[-46.300478,-23.779292,0.0],[-46.300462,-23.779268,0.0]]}},{"type":"Feature","properties":{"tipo":"Edificação (CAD 2025)"},"geometry":{"type":"LineString","coordinates":[[-46.300462,-23.779268,0.0],[-46.300446,-23.779244,0.0],[-46.300329,-23.779311,0.0],[-46.300345,-23.779334,0.0],[-46.300462,-23.779268,0.0]]}},{"type":"Feature","properties":{"tipo":"Edificação (CAD 2025)"},"geometry":{"type":"LineString","coordinates":[[-46.300272,-23.779262,0.0],[-46.300279,-23.779274,0.0],[-46.300226,-23.779304,0.0],[-46.300219,-23.779293,0.0],[-46.300272,-23.779262,0.0]]}},{"type":"Feature","properties":{"tipo":"Edificação (CAD 2025)"},"geometry":{"type":"LineString","coordinates":[[-46.301974,-23.779504,0.0],[-46.301895,-23.779537,0.0],[-46.301924,-23.779597,0.0],[-46.301959,-23.779582,0.0],[-46.301963,-23.77959,0.0],[-46.302007,-23.779572,0.0],[-46.301974,-23.779504,0.0]]}},{"type":"Feature","properties":{"tipo":"Edificação (CAD 2025)"},"geometry":{"type":"LineString","coordinates":[[-46.30181,-23.779569,0.0],[-46.301776,-23.779498,0.0],[-46.301699,-23.779529,0.0],[-46.301733,-23.779599,0.0],[-46.301749,-23.779592,0.0],[-46.301755,-23.779604,0.0],[-46.301795,-23.779588,0.0],[-46.30179,-23.779577,0.0],[-46.30181,-23.779569,0.0]]}},{"type":"Feature","properties":{"tipo":"Edificação (CAD 2025)"},"geometry":{"type":"LineString","coordinates":[[-46.301766,-23.779478,0.0],[-46.301732,-23.779407,0.0],[-46.301656,-23.779438,0.0],[-46.30169,-23.779508,0.0],[-46.301706,-23.779501,0.0],[-46.301712,-23.779513,0.0],[-46.301752,-23.779497,0.0],[-46.301746,-23.779486,0.0],[-46.301766,-23.779478,0.0]]}},{"type":"Feature","properties":{"tipo":"Edificação (CAD 2025)"},"geometry":{"type":"LineString","coordinates":[[-46.301936,-23.779468,0.0],[-46.301858,-23.779501,0.0],[-46.301842,-23.779467,0.0],[-46.301981,-23.77941,0.0],[-46.302007,-23.779468,0.0],[-46.301948,-23.779493,0.0],[-46.301936,-23.779468,0.0]]}},{"type":"Feature","properties":{"tipo":"Edificação (CAD 2025)"},"geometry":{"type":"LineString","coordinates":[[-46.301842,-23.779467,0.0],[-46.301962,-23.779417,0.0],[-46.301945,-23.779383,0.0],[-46.301826,-23.779433,0.0],[-46.301842,-23.779467,0.0]]}},{"type":"Feature","properties":{"tipo":"Edificação (CAD 2025)"},"geometry":{"type":"LineString","coordinates":[[-46.30147,-23.77944,0.0],[-46.30155,-23.779408,0.0],[-46.301534,-23.779375,0.0],[-46.301454,-23.779406,0.0],[-46.30147,-23.77944,0.0]]}},{"type":"Feature","properties":{"tipo":"Edificação (CAD 2025)"},"geometry":{"type":"LineString","coordinates":[[-46.301945,-23.779383,0.0],[-46.301826,-23.779433,0.0],[-46.301814,-23.779406,0.0],[-46.301933,-23.779357,0.0],[-46.301945,-23.779383,0.0]]}},{"type":"Feature","properties":{"tipo":"Edificação (CAD 2025)"},"geometry":{"type":"LineString","coordinates":[[-46.30164,-23.779433,0.0],[-46.301743,-23.779392,0.0],[-46.301719,-23.77934,0.0],[-46.301616,-23.779382,0.0],[-46.30164,-23.779433,0.0]]}},{"type":"Feature","properties":{"tipo":"Edificação (CAD 2025)"},"geometry":{"type":"LineString","coordinates":[[-46.301814,-23.779406,0.0],[-46.301933,-23.779357,0.0],[-46.301916,-23.779323,0.0],[-46.301797,-23.779371,0.0],[-46.301814,-23.779406,0.0]]}},{"type":"Feature","properties":{"tipo":"Edificação (CAD 2025)"},"geometry":{"type":"LineString","coordinates":[[-46.301492,-23.779336,0.0],[-46.301541,-23.779316,0.0],[-46.301553,-23.779341,0.0],[-46.301512,-23.779357,0.0],[-46.301507,-23.779346,0.0],[-46.301499,-23.77935,0.0],[-46.301492,-23.779336,0.0]]}},{"type":"Feature","properties":{"tipo":"Edificação (CAD 2025)"},"geometry":{"type":"LineString","coordinates":[[-46.300049,-23.779783,0.0],[-46.300078,-23.7797,0.0],[-46.300004,-23.779677,0.0],[-46.299954,-23.779822,0.0],[-46.300028,-23.779843,0.0],[-46.300045,-23.779792,0.0],[-46.30002,-23.779785,0.0],[-46.300023,-23.779776,0.0],[-46.300049,-23.779783,0.0]]}},{"type":"Feature","properties":{"tipo":"Edificação (CAD 2025)"},"geometry":{"type":"LineString","coordinates":[[-46.299908,-23.779647,0.0],[-46.299865,-23.779771,0.0],[-46.299928,-23.779789,0.0],[-46.299957,-23.779708,0.0],[-46.299967,-23.779711,0.0],[-46.29998,-23.779676,0.0],[-46.299968,-23.779672,0.0],[-46.29997,-23.779666,0.0],[-46.299908,-23.779647,0.0]]}},{"type":"Feature","properties":{"tipo":"Edificação (CAD 2025)"},"geometry":{"type":"LineString","coordinates":[[-46.299702,-23.779715,0.0],[-46.299686,-23.779636,0.0],[-46.299609,-23.779649,0.0],[-46.29963,-23.779753,0.0],[-46.299682,-23.779745,0.0],[-46.299677,-23.77972,0.0],[-46.299702,-23.779715,0.0]]}},{"type":"Feature","properties":{"tipo":"Edificação (CAD 2025)"},"geometry":{"type":"LineString","coordinates":[[-46.299686,-23.779636,0.0],[-46.29971,-23.779754,0.0],[-46.299777,-23.779742,0.0],[-46.299753,-23.779625,0.0],[-46.299686,-23.779636,0.0]]}},{"type":"Feature","properties":{"tipo":"Edificação (CAD 2025)"},"geometry":{"type":"LineString","coordinates":[[-46.299882,-23.779722,0.0],[-46.299908,-23.779647,0.0],[-46.29983,-23.779623,0.0],[-46.299793,-23.779731,0.0],[-46.299835,-23.779745,0.0],[-46.299847,-23.779713,0.0],[-46.299882,-23.779722,0.0]]}},{"type":"Feature","properties":{"tipo":"Edificação (CAD 2025)"},"geometry":{"type":"LineString","coordinates":[[-46.299636,-23.779366,0.0],[-46.299597,-23.779373,0.0],[-46.299621,-23.779493,0.0],[-46.299685,-23.779482,0.0],[-46.299671,-23.779404,0.0],[-46.299658,-23.779406,0.0],[-46.299654,-23.779383,0.0],[-46.299667,-23.779381,0.0],[-46.299659,-23.779336,0.0],[-46.299631,-23.77934,0.0],[-46.299636,-23.779366,0.0]]}},{"type":"Feature","properties":{"tipo":"Edificação (CAD 2025)"},"geometry":{"type":"LineString","coordinates":[[-46.299671,-23.779404,0.0],[-46.299685,-23.779482,0.0],[-46.299752,-23.779469,0.0],[-46.299734,-23.77937,0.0],[-46.299764,-23.779366,0.0],[-46.299755,-23.779321,0.0],[-46.299689,-23.779331,0.0],[-46.299694,-23.779358,0.0],[-46.299664,-23.779363,0.0],[-46.299667,-23.779381,0.0],[-46.299684,-23.779378,0.0],[-46.299688,-23.779401,0.0],[-46.299671,-23.779404,0.0]]}},{"type":"Feature","properties":{"tipo":"Edificação (CAD 2025)"},"geometry":{"type":"LineString","coordinates":[[-46.299558,-23.77941,0.0],[-46.299581,-23.779406,0.0],[-46.299584,-23.77942,0.0],[-46.299606,-23.779417,0.0],[-46.299592,-23.779347,0.0],[-46.299548,-23.779355,0.0],[-46.299558,-23.77941,0.0]]}},{"type":"Feature","properties":{"tipo":"Edificação (CAD 2025)"},"geometry":{"type":"LineString","coordinates":[[-46.299804,-23.779248,0.0],[-46.299827,-23.779366,0.0],[-46.299901,-23.779354,0.0],[-46.29987,-23.779194,0.0],[-46.299794,-23.779206,0.0],[-46.2998,-23.779236,0.0],[-46.299827,-23.779231,0.0],[-46.29983,-23.779244,0.0],[-46.299804,-23.779248,0.0]]}},{"type":"Feature","properties":{"tipo":"Edificação (CAD 2025)"},"geometry":{"type":"LineString","coordinates":[[-46.299675,-23.778834,0.0],[-46.299627,-23.778807,0.0],[-46.299609,-23.778834,0.0],[-46.299657,-23.77886,0.0],[-46.299675,-23.778834,0.0]]}},{"type":"Feature","properties":{"tipo":"Edificação (CAD 2025)"},"geometry":{"type":"LineString","coordinates":[[-46.301616,-23.779382,0.0],[-46.301719,-23.77934,0.0],[-46.301695,-23.779289,0.0],[-46.301592,-23.77933,0.0],[-46.301616,-23.779382,0.0]]}},{"type":"Feature","properties":{"tipo":"Edificação (CAD 2025)"},"geometry":{"type":"LineString","coordinates":[[-46.301902,-23.779293,0.0],[-46.301916,-23.779322,0.0],[-46.301797,-23.779371,0.0],[-46.301783,-23.779342,0.0],[-46.301902,-23.779293,0.0]]}},{"type":"Feature","properties":{"tipo":"Edificação (CAD 2025)"},"geometry":{"type":"LineString","coordinates":[[-46.301768,-23.779309,0.0],[-46.301759,-23.779313,0.0]]}},{"type":"Feature","properties":{"tipo":"Edificação (CAD 2025)"},"geometry":{"type":"LineString","coordinates":[[-46.301768,-23.779309,0.0],[-46.30189,-23.77926,0.0],[-46.301896,-23.779272,0.0],[-46.301916,-23.779263,0.0],[-46.301926,-23.779283,0.0],[-46.301783,-23.779342,0.0],[-46.301768,-23.779309,0.0]]}},{"type":"Feature","properties":{"tipo":"Edificação (CAD 2025)"},"geometry":{"type":"LineString","coordinates":[[-46.301695,-23.779289,0.0],[-46.301563,-23.779342,0.0],[-46.301548,-23.779311,0.0],[-46.301681,-23.779258,0.0],[-46.301695,-23.779289,0.0]]}},{"type":"Feature","properties":{"tipo":"Edificação (CAD 2025)"},"geometry":{"type":"LineString","coordinates":[[-46.301466,-23.779308,0.0],[-46.301522,-23.779285,0.0],[-46.301516,-23.779273,0.0],[-46.301493,-23.779282,0.0],[-46.301488,-23.779271,0.0],[-46.301455,-23.779284,0.0],[-46.301466,-23.779308,0.0]]}},{"type":"Feature","properties":{"tipo":"Edificação (CAD 2025)"},"geometry":{"type":"LineString","coordinates":[[-46.301548,-23.779311,0.0],[-46.301681,-23.779258,0.0],[-46.301667,-23.779227,0.0],[-46.301534,-23.779281,0.0],[-46.301548,-23.779311,0.0]]}},{"type":"Feature","properties":{"tipo":"Edificação (CAD 2025)"},"geometry":{"type":"LineString","coordinates":[[-46.302068,-23.779282,0.0],[-46.302041,-23.779221,0.0],[-46.302011,-23.779232,0.0],[-46.302015,-23.779243,0.0],[-46.301999,-23.779249,0.0],[-46.302025,-23.779308,0.0],[-46.302049,-23.779298,0.0],[-46.302046,-23.779291,0.0],[-46.302068,-23.779282,0.0]]}},{"type":"Feature","properties":{"tipo":"Edificação (CAD 2025)"},"geometry":{"type":"LineString","coordinates":[[-46.302096,-23.779272,0.0],[-46.302106,-23.779296,0.0],[-46.302133,-23.779285,0.0],[-46.302096,-23.7792,0.0],[-46.302041,-23.779221,0.0],[-46.302068,-23.779282,0.0],[-46.302096,-23.779272,0.0]]}},{"type":"Feature","properties":{"tipo":"Edificação (CAD 2025)"},"geometry":{"type":"LineString","coordinates":[[-46.301534,-23.779281,0.0],[-46.301667,-23.779227,0.0],[-46.301653,-23.779197,0.0],[-46.301519,-23.77925,0.0],[-46.301534,-23.779281,0.0]]}},{"type":"Feature","properties":{"tipo":"Edificação (CAD 2025)"},"geometry":{"type":"LineString","coordinates":[[-46.301578,-23.778918,0.0],[-46.301423,-23.778947,0.0],[-46.301416,-23.778917,0.0],[-46.301455,-23.77891,0.0],[-46.301453,-23.778902,0.0],[-46.301569,-23.77888,0.0],[-46.301578,-23.778918,0.0]]}},{"type":"Feature","properties":{"tipo":"Edificação (CAD 2025)"},"geometry":{"type":"LineString","coordinates":[[-46.301768,-23.77893,0.0],[-46.30172,-23.77885,0.0],[-46.301804,-23.778806,0.0],[-46.301839,-23.778863,0.0],[-46.301874,-23.778871,0.0],[-46.301866,-23.778901,0.0],[-46.301828,-23.778892,0.0],[-46.301768,-23.77893,0.0]]}},{"type":"Feature","properties":{"tipo":"Edificação (CAD 2025)"},"geometry":{"type":"LineString","coordinates":[[-46.301493,-23.778881,0.0],[-46.301466,-23.778768,0.0],[-46.301509,-23.77876,0.0],[-46.301536,-23.778872,0.0],[-46.301493,-23.778881,0.0]]}},{"type":"Feature","properties":{"tipo":"Edificação (CAD 2025)"},"geometry":{"type":"LineString","coordinates":[[-46.301536,-23.778872,0.0],[-46.301509,-23.77876,0.0],[-46.301552,-23.778751,0.0],[-46.301579,-23.778863,0.0],[-46.301536,-23.778872,0.0]]}},{"type":"Feature","properties":{"tipo":"Edificação (CAD 2025)"},"geometry":{"type":"LineString","coordinates":[[-46.301552,-23.778751,0.0],[-46.301579,-23.778863,0.0],[-46.301627,-23.778854,0.0],[-46.3016,-23.778741,0.0],[-46.301552,-23.778751,0.0]]}},{"type":"Feature","properties":{"tipo":"Edificação (CAD 2025)"},"geometry":{"type":"LineString","coordinates":[[-46.301805,-23.778768,0.0],[-46.301873,-23.778749,0.0],[-46.301862,-23.778715,0.0],[-46.301726,-23.778753,0.0],[-46.301735,-23.778781,0.0],[-46.301748,-23.778777,0.0],[-46.30175,-23.778785,0.0],[-46.301759,-23.778782,0.0],[-46.301764,-23.778796,0.0],[-46.30181,-23.778783,0.0],[-46.301805,-23.778768,0.0]]}},{"type":"Feature","properties":{"tipo":"Edificação (CAD 2025)"},"geometry":{"type":"LineString","coordinates":[[-46.301552,-23.778751,0.0],[-46.301509,-23.77876,0.0],[-46.301502,-23.778729,0.0],[-46.301545,-23.77872,0.0],[-46.301552,-23.778751,0.0]]}},{"type":"Feature","properties":{"tipo":"Edificação (CAD 2025)"},"geometry":{"type":"LineString","coordinates":[[-46.301862,-23.778715,0.0],[-46.301726,-23.778753,0.0],[-46.301711,-23.778705,0.0],[-46.301847,-23.778668,0.0],[-46.301862,-23.778715,0.0]]}},{"type":"Feature","properties":{"tipo":"Edificação (CAD 2025)"},"geometry":{"type":"LineString","coordinates":[[-46.302107,-23.778659,0.0],[-46.302122,-23.778664,0.0],[-46.302112,-23.778689,0.0],[-46.302135,-23.778697,0.0],[-46.302123,-23.778727,0.0],[-46.3021,-23.778719,0.0],[-46.302091,-23.778744,0.0],[-46.302076,-23.778739,0.0],[-46.302107,-23.778659,0.0]]}},{"type":"Feature","properties":{"tipo":"Edificação (CAD 2025)"},"geometry":{"type":"LineString","coordinates":[[-46.301603,-23.77869,0.0],[-46.301583,-23.778611,0.0],[-46.301479,-23.778632,0.0],[-46.301498,-23.778711,0.0],[-46.301603,-23.77869,0.0]]}},{"type":"Feature","properties":{"tipo":"Edificação (CAD 2025)"},"geometry":{"type":"LineString","coordinates":[[-46.299022,-23.779953,0.0],[-46.299072,-23.779902,0.0],[-46.299022,-23.779809,0.0],[-46.298893,-23.779867,0.0],[-46.299022,-23.779953,0.0]]}},{"type":"Feature","properties":{"tipo":"Edificação (CAD 2025)"},"geometry":{"type":"LineString","coordinates":[[-46.299079,-23.779892,0.0],[-46.299168,-23.779849,0.0],[-46.299119,-23.779764,0.0],[-46.299031,-23.779807,0.0],[-46.299079,-23.779892,0.0]]}},{"type":"Feature","properties":{"tipo":"Edificação (CAD 2025)"},"geometry":{"type":"LineString","coordinates":[[-46.299034,-23.779687,0.0],[-46.298959,-23.779659,0.0],[-46.298936,-23.779703,0.0],[-46.299012,-23.779731,0.0],[-46.299034,-23.779687,0.0]]}},{"type":"Feature","properties":{"tipo":"Edificação (CAD 2025)"},"geometry":{"type":"LineString","coordinates":[[-46.2995,-23.779515,0.0],[-46.299574,-23.779502,0.0],[-46.299548,-23.779355,0.0],[-46.299517,-23.77936,0.0],[-46.299522,-23.77939,0.0],[-46.299479,-23.779398,0.0],[-46.2995,-23.779515,0.0]]}},{"type":"Feature","properties":{"tipo":"Edificação (CAD 2025)"},"geometry":{"type":"LineString","coordinates":[[-46.299021,-23.779418,0.0],[-46.298972,-23.77939,0.0],[-46.298956,-23.779412,0.0],[-46.299005,-23.779441,0.0],[-46.299021,-23.779418,0.0]]}},{"type":"Feature","properties":{"tipo":"Edificação (CAD 2025)"},"geometry":{"type":"LineString","coordinates":[[-46.299099,-23.779359,0.0],[-46.299006,-23.779309,0.0],[-46.298963,-23.779377,0.0],[-46.299055,-23.779426,0.0],[-46.299099,-23.779359,0.0]]}},{"type":"Feature","properties":{"tipo":"Edificação (CAD 2025)"},"geometry":{"type":"LineString","coordinates":[[-46.29947,-23.779368,0.0],[-46.299459,-23.779312,0.0],[-46.299427,-23.779318,0.0],[-46.299437,-23.779374,0.0],[-46.29947,-23.779368,0.0]]}},{"type":"Feature","properties":{"tipo":"Edificação (CAD 2025)"},"geometry":{"type":"LineString","coordinates":[[-46.29903,-23.779271,0.0],[-46.299122,-23.779322,0.0],[-46.299165,-23.779257,0.0],[-46.299072,-23.779206,0.0],[-46.29903,-23.779271,0.0]]}},{"type":"Feature","properties":{"tipo":"Edificação (CAD 2025)"},"geometry":{"type":"LineString","coordinates":[[-46.298892,-23.779219,0.0],[-46.298974,-23.779266,0.0],[-46.298994,-23.779236,0.0],[-46.298909,-23.779192,0.0],[-46.298892,-23.779219,0.0]]}},{"type":"Feature","properties":{"tipo":"Edificação (CAD 2025)"},"geometry":{"type":"LineString","coordinates":[[-46.299041,-23.779161,0.0],[-46.29896,-23.779115,0.0],[-46.298937,-23.779147,0.0],[-46.299016,-23.779195,0.0],[-46.299041,-23.779161,0.0]]}},{"type":"Feature","properties":{"tipo":"Edificação (CAD 2025)"},"geometry":{"type":"LineString","coordinates":[[-46.299013,-23.779961,0.0],[-46.298885,-23.77987,0.0],[-46.298834,-23.779894,0.0],[-46.298988,-23.779995,0.0],[-46.299013,-23.779961,0.0]]}},{"type":"Feature","properties":{"tipo":"Edificação (CAD 2025)"},"geometry":{"type":"LineString","coordinates":[[-46.298974,-23.779266,0.0],[-46.298892,-23.779219,0.0],[-46.29886,-23.779269,0.0],[-46.298875,-23.779278,0.0],[-46.298885,-23.779265,0.0],[-46.298952,-23.779301,0.0],[-46.298974,-23.779266,0.0]]}},{"type":"Feature","properties":{"tipo":"Edificação (CAD 2025)"},"geometry":{"type":"LineString","coordinates":[[-46.298485,-23.778442,0.0],[-46.298322,-23.778481,0.0],[-46.298399,-23.778754,0.0],[-46.298562,-23.778715,0.0],[-46.298485,-23.778442,0.0]]}},{"type":"Feature","properties":{"tipo":"Edificação (CAD 2025)"},"geometry":{"type":"LineString","coordinates":[[-46.298737,-23.778479,0.0],[-46.29869,-23.77849,0.0]]}},{"type":"Feature","properties":{"tipo":"Edificação (CAD 2025)"},"geometry":{"type":"LineString","coordinates":[[-46.29869,-23.77849,0.0],[-46.298623,-23.778244,0.0]]}},{"type":"Feature","properties":{"tipo":"Edificação (CAD 2025)"},"geometry":{"type":"LineString","coordinates":[[-46.298737,-23.778479,0.0],[-46.298671,-23.778233,0.0]]}},{"type":"Feature","properties":{"tipo":"Edificação (CAD 2025)"},"geometry":{"type":"LineString","coordinates":[[-46.298679,-23.778215,0.0],[-46.298758,-23.77849,0.0],[-46.298916,-23.778452,0.0],[-46.298836,-23.778176,0.0],[-46.298679,-23.778215,0.0]]}},{"type":"Feature","properties":{"tipo":"Edificação (CAD 2025)"},"geometry":{"type":"LineString","coordinates":[[-46.298671,-23.778233,0.0],[-46.298623,-23.778244,0.0]]}},{"type":"Feature","properties":{"tipo":"Edificação (CAD 2025)"},"geometry":{"type":"LineString","coordinates":[[-46.298103,-23.778187,0.0],[-46.298087,-23.778127,0.0],[-46.298051,-23.778135,0.0],[-46.298063,-23.778181,0.0],[-46.298052,-23.778183,0.0],[-46.298056,-23.778197,0.0],[-46.298103,-23.778187,0.0]]}},{"type":"Feature","properties":{"tipo":"Edificação (CAD 2025)"},"geometry":{"type":"LineString","coordinates":[[-46.298208,-23.77814,0.0],[-46.298187,-23.778059,0.0],[-46.298149,-23.778067,0.0],[-46.298166,-23.778128,0.0],[-46.298178,-23.778125,0.0],[-46.298184,-23.778145,0.0],[-46.298208,-23.77814,0.0]]}},{"type":"Feature","properties":{"tipo":"Edificação (CAD 2025)"},"geometry":{"type":"LineString","coordinates":[[-46.299096,-23.779144,0.0],[-46.299154,-23.779178,0.0],[-46.299177,-23.779144,0.0],[-46.299119,-23.779111,0.0],[-46.299096,-23.779144,0.0]]}},{"type":"Feature","properties":{"tipo":"Edificação (CAD 2025)"},"geometry":{"type":"LineString","coordinates":[[-46.299336,-23.778992,0.0],[-46.299178,-23.778908,0.0],[-46.299109,-23.779017,0.0],[-46.299179,-23.779054,0.0],[-46.299196,-23.779027,0.0],[-46.299283,-23.779074,0.0],[-46.299336,-23.778992,0.0]]}},{"type":"Feature","properties":{"tipo":"Edificação (CAD 2025)"},"geometry":{"type":"LineString","coordinates":[[-46.299134,-23.778829,0.0],[-46.299056,-23.778945,0.0],[-46.299086,-23.778962,0.0],[-46.299164,-23.778847,0.0],[-46.299134,-23.778829,0.0]]}},{"type":"Feature","properties":{"tipo":"Edificação (CAD 2025)"},"geometry":{"type":"LineString","coordinates":[[-46.299532,-23.77869,0.0],[-46.29944,-23.778832,0.0],[-46.299361,-23.778785,0.0],[-46.299365,-23.77878,0.0],[-46.299312,-23.778749,0.0],[-46.299343,-23.778704,0.0],[-46.299396,-23.778734,0.0],[-46.299418,-23.778702,0.0],[-46.299363,-23.778669,0.0],[-46.299391,-23.778628,0.0],[-46.299443,-23.778659,0.0],[-46.299453,-23.778644,0.0],[-46.299532,-23.77869,0.0]]}},{"type":"Feature","properties":{"tipo":"Edificação (CAD 2025)"},"geometry":{"type":"LineString","coordinates":[[-46.299422,-23.778538,0.0],[-46.299387,-23.778595,0.0],[-46.299335,-23.778567,0.0],[-46.299371,-23.77851,0.0],[-46.299422,-23.778538,0.0]]}},{"type":"Feature","properties":{"tipo":"Edificação (CAD 2025)"},"geometry":{"type":"LineString","coordinates":[[-46.299522,-23.778378,0.0],[-46.299483,-23.778441,0.0],[-46.299405,-23.778396,0.0],[-46.299444,-23.778335,0.0],[-46.299522,-23.778378,0.0]]}},{"type":"Feature","properties":{"tipo":"Edificação (CAD 2025)"},"geometry":{"type":"LineString","coordinates":[[-46.299474,-23.778333,0.0],[-46.299489,-23.778309,0.0],[-46.299469,-23.778298,0.0],[-46.299453,-23.778322,0.0],[-46.299474,-23.778333,0.0]]}},{"type":"Feature","properties":{"tipo":"Edificação (CAD 2025)"},"geometry":{"type":"LineString","coordinates":[[-46.299528,-23.778271,0.0],[-46.299497,-23.778255,0.0],[-46.299486,-23.778273,0.0],[-46.299518,-23.778289,0.0],[-46.299528,-23.778271,0.0]]}},{"type":"Feature","properties":{"tipo":"Edificação (CAD 2025)"},"geometry":{"type":"LineString","coordinates":[[-46.299048,-23.777904,0.0],[-46.299018,-23.777911,0.0],[-46.299027,-23.777941,0.0],[-46.299056,-23.777934,0.0],[-46.299048,-23.777904,0.0]]}},{"type":"Feature","properties":{"tipo":"Edificação (CAD 2025)"},"geometry":{"type":"LineString","coordinates":[[-46.299308,-23.777938,0.0],[-46.299346,-23.777929,0.0],[-46.299338,-23.777898,0.0],[-46.2993,-23.777907,0.0],[-46.299308,-23.777938,0.0]]}},{"type":"Feature","properties":{"tipo":"Edificação (CAD 2025)"},"geometry":{"type":"LineString","coordinates":[[-46.29787,-23.778291,0.0],[-46.297905,-23.778283,0.0],[-46.2979,-23.778259,0.0],[-46.297864,-23.778267,0.0],[-46.29787,-23.778291,0.0]]}},{"type":"Feature","properties":{"tipo":"Edificação (CAD 2025)"},"geometry":{"type":"LineString","coordinates":[[-46.297482,-23.77813,0.0],[-46.297503,-23.778214,0.0],[-46.297476,-23.778221,0.0],[-46.297487,-23.778259,0.0],[-46.297513,-23.778253,0.0],[-46.297531,-23.778325,0.0],[-46.297497,-23.778332,0.0],[-46.297487,-23.77829,0.0],[-46.297473,-23.778293,0.0],[-46.297467,-23.778269,0.0],[-46.297423,-23.778278,0.0],[-46.297411,-23.77823,0.0],[-46.297429,-23.778226,0.0],[-46.29741,-23.778147,0.0],[-46.297482,-23.77813,0.0]]}},{"type":"Feature","properties":{"tipo":"Edificação (CAD 2025)"},"geometry":{"type":"LineString","coordinates":[[-46.297409,-23.778213,0.0],[-46.297393,-23.778151,0.0],[-46.297359,-23.778159,0.0],[-46.297374,-23.77822,0.0],[-46.297409,-23.778213,0.0]]}},{"type":"Feature","properties":{"tipo":"Edificação (CAD 2025)"},"geometry":{"type":"LineString","coordinates":[[-46.297482,-23.77813,0.0],[-46.297513,-23.778253,0.0],[-46.297545,-23.778245,0.0],[-46.297538,-23.778218,0.0],[-46.297573,-23.778211,0.0],[-46.297568,-23.778193,0.0],[-46.297584,-23.77819,0.0],[-46.297564,-23.77811,0.0],[-46.297482,-23.77813,0.0]]}},{"type":"Feature","properties":{"tipo":"Edificação (CAD 2025)"},"geometry":{"type":"LineString","coordinates":[[-46.297962,-23.778111,0.0],[-46.297922,-23.778121,0.0],[-46.29794,-23.778184,0.0],[-46.29798,-23.778175,0.0],[-46.297962,-23.778111,0.0]]}},{"type":"Feature","properties":{"tipo":"Edificação (CAD 2025)"},"geometry":{"type":"LineString","coordinates":[[-46.29757,-23.778109,0.0],[-46.297594,-23.778203,0.0],[-46.297614,-23.778198,0.0],[-46.297611,-23.778185,0.0],[-46.297666,-23.778173,0.0],[-46.297646,-23.778091,0.0],[-46.29757,-23.778109,0.0]]}},{"type":"Feature","properties":{"tipo":"Edificação (CAD 2025)"},"geometry":{"type":"LineString","coordinates":[[-46.297646,-23.778091,0.0],[-46.297672,-23.778195,0.0],[-46.297721,-23.778183,0.0],[-46.297715,-23.778161,0.0],[-46.297747,-23.778154,0.0],[-46.297726,-23.778071,0.0],[-46.297646,-23.778091,0.0]]}},{"type":"Feature","properties":{"tipo":"Edificação (CAD 2025)"},"geometry":{"type":"LineString","coordinates":[[-46.297973,-23.778109,0.0],[-46.297984,-23.778156,0.0],[-46.298017,-23.778149,0.0],[-46.298005,-23.778102,0.0],[-46.297973,-23.778109,0.0]]}},{"type":"Feature","properties":{"tipo":"Edificação (CAD 2025)"},"geometry":{"type":"LineString","coordinates":[[-46.297124,-23.778121,0.0],[-46.297157,-23.778113,0.0],[-46.297146,-23.778075,0.0],[-46.297113,-23.778083,0.0],[-46.297124,-23.778121,0.0]]}},{"type":"Feature","properties":{"tipo":"Edificação (CAD 2025)"},"geometry":{"type":"LineString","coordinates":[[-46.297845,-23.778043,0.0],[-46.297866,-23.778125,0.0],[-46.297792,-23.778142,0.0],[-46.297769,-23.778061,0.0],[-46.297845,-23.778043,0.0]]}},{"type":"Feature","properties":{"tipo":"Edificação (CAD 2025)"},"geometry":{"type":"LineString","coordinates":[[-46.297845,-23.778043,0.0],[-46.297866,-23.778125,0.0],[-46.297938,-23.778107,0.0],[-46.297917,-23.778026,0.0],[-46.297845,-23.778043,0.0]]}},{"type":"Feature","properties":{"tipo":"Edificação (CAD 2025)"},"geometry":{"type":"LineString","coordinates":[[-46.297118,-23.778001,0.0],[-46.297241,-23.777972,0.0],[-46.297259,-23.778033,0.0],[-46.297135,-23.778062,0.0],[-46.297118,-23.778001,0.0]]}},{"type":"Feature","properties":{"tipo":"Edificação (CAD 2025)"},"geometry":{"type":"LineString","coordinates":[[-46.297471,-23.77798,0.0],[-46.2974,-23.777997,0.0],[-46.297383,-23.777936,0.0],[-46.297482,-23.777913,0.0],[-46.297495,-23.77796,0.0],[-46.297467,-23.777966,0.0],[-46.297471,-23.77798,0.0]]}},{"type":"Feature","properties":{"tipo":"Edificação (CAD 2025)"},"geometry":{"type":"LineString","coordinates":[[-46.297118,-23.778001,0.0],[-46.297241,-23.777972,0.0],[-46.297223,-23.777907,0.0],[-46.297125,-23.77793,0.0],[-46.29713,-23.777948,0.0],[-46.297104,-23.777954,0.0],[-46.297118,-23.778001,0.0]]}},{"type":"Feature","properties":{"tipo":"Edificação (CAD 2025)"},"geometry":{"type":"LineString","coordinates":[[-46.297073,-23.777902,0.0],[-46.297136,-23.777887,0.0],[-46.297144,-23.777915,0.0],[-46.297081,-23.77793,0.0],[-46.297073,-23.777902,0.0]]}},{"type":"Feature","properties":{"tipo":"Edificação (CAD 2025)"},"geometry":{"type":"LineString","coordinates":[[-46.297435,-23.777855,0.0],[-46.297365,-23.777871,0.0],[-46.297383,-23.777936,0.0],[-46.297499,-23.777909,0.0],[-46.297488,-23.777871,0.0],[-46.29747,-23.777876,0.0],[-46.297466,-23.777862,0.0],[-46.297439,-23.777869,0.0],[-46.297435,-23.777855,0.0]]}},{"type":"Feature","properties":{"tipo":"Edificação (CAD 2025)"},"geometry":{"type":"LineString","coordinates":[[-46.297184,-23.777767,0.0],[-46.297059,-23.777796,0.0],[-46.297077,-23.77786,0.0],[-46.297201,-23.77783,0.0],[-46.297184,-23.777767,0.0]]}},{"type":"Feature","properties":{"tipo":"Edificação (CAD 2025)"},"geometry":{"type":"LineString","coordinates":[[-46.297425,-23.777817,0.0],[-46.297475,-23.777805,0.0],[-46.297466,-23.777776,0.0],[-46.297416,-23.777788,0.0],[-46.297425,-23.777817,0.0]]}},{"type":"Feature","properties":{"tipo":"Edificação (CAD 2025)"},"geometry":{"type":"LineString","coordinates":[[-46.297048,-23.777799,0.0],[-46.297184,-23.777767,0.0],[-46.297166,-23.777706,0.0],[-46.29703,-23.777738,0.0],[-46.297048,-23.777799,0.0]]}},{"type":"Feature","properties":{"tipo":"Edificação (CAD 2025)"},"geometry":{"type":"LineString","coordinates":[[-46.297413,-23.77778,0.0],[-46.297343,-23.777797,0.0],[-46.297325,-23.777732,0.0],[-46.297441,-23.777704,0.0],[-46.297452,-23.777742,0.0],[-46.297433,-23.777746,0.0],[-46.297437,-23.77776,0.0],[-46.29741,-23.777766,0.0],[-46.297413,-23.77778,0.0]]}},{"type":"Feature","properties":{"tipo":"Edificação (CAD 2025)"},"geometry":{"type":"LineString","coordinates":[[-46.298057,-23.777992,0.0],[-46.298095,-23.778143,0.0],[-46.298115,-23.778139,0.0],[-46.298101,-23.778084,0.0],[-46.298128,-23.778079,0.0],[-46.298126,-23.778069,0.0],[-46.298147,-23.778064,0.0],[-46.298125,-23.777976,0.0],[-46.298057,-23.777992,0.0]]}},{"type":"Feature","properties":{"tipo":"Edificação (CAD 2025)"},"geometry":{"type":"LineString","coordinates":[[-46.298057,-23.777992,0.0],[-46.29808,-23.778082,0.0],[-46.298059,-23.778087,0.0],[-46.298061,-23.778095,0.0],[-46.298032,-23.778102,0.0],[-46.29803,-23.778094,0.0],[-46.298011,-23.778099,0.0],[-46.297988,-23.778009,0.0],[-46.298057,-23.777992,0.0]]}},{"type":"Feature","properties":{"tipo":"Edificação (CAD 2025)"},"geometry":{"type":"LineString","coordinates":[[-46.298272,-23.777941,0.0],[-46.298316,-23.778115,0.0],[-46.298266,-23.778127,0.0],[-46.298246,-23.77805,0.0],[-46.298229,-23.778054,0.0],[-46.298204,-23.777957,0.0],[-46.298272,-23.777941,0.0]]}},{"type":"Feature","properties":{"tipo":"Edificação (CAD 2025)"},"geometry":{"type":"LineString","coordinates":[[-46.298272,-23.777941,0.0],[-46.298308,-23.778082,0.0],[-46.298378,-23.778068,0.0],[-46.298342,-23.777924,0.0],[-46.298272,-23.777941,0.0]]}},{"type":"Feature","properties":{"tipo":"Edificação (CAD 2025)"},"geometry":{"type":"LineString","coordinates":[[-46.298786,-23.777964,0.0],[-46.298735,-23.777976,0.0],[-46.298744,-23.778009,0.0],[-46.298795,-23.777997,0.0],[-46.298786,-23.777964,0.0]]}},{"type":"Feature","properties":{"tipo":"Edificação (CAD 2025)"},"geometry":{"type":"LineString","coordinates":[[-46.298638,-23.777854,0.0],[-46.298671,-23.777974,0.0],[-46.298597,-23.777992,0.0],[-46.298565,-23.777871,0.0],[-46.298638,-23.777854,0.0]]}},{"type":"Feature","properties":{"tipo":"Edificação (CAD 2025)"},"geometry":{"type":"LineString","coordinates":[[-46.298931,-23.777913,0.0],[-46.298922,-23.77788,0.0],[-46.298844,-23.777899,0.0],[-46.298854,-23.777933,0.0],[-46.298931,-23.777913,0.0]]}},{"type":"Feature","properties":{"tipo":"Edificação (CAD 2025)"},"geometry":{"type":"LineString","coordinates":[[-46.298638,-23.777854,0.0],[-46.298669,-23.777967,0.0],[-46.298718,-23.777956,0.0],[-46.298711,-23.77793,0.0],[-46.298728,-23.777926,0.0],[-46.298704,-23.777838,0.0],[-46.298638,-23.777854,0.0]]}},{"type":"Feature","properties":{"tipo":"Edificação (CAD 2025)"},"geometry":{"type":"LineString","coordinates":[[-46.298865,-23.777894,0.0],[-46.29893,-23.777879,0.0],[-46.298906,-23.77779,0.0],[-46.298839,-23.777806,0.0],[-46.298865,-23.777894,0.0]]}},{"type":"Feature","properties":{"tipo":"Edificação (CAD 2025)"},"geometry":{"type":"LineString","coordinates":[[-46.298587,-23.777723,0.0],[-46.298554,-23.777598,0.0],[-46.298512,-23.777608,0.0],[-46.298525,-23.777659,0.0],[-46.298513,-23.777662,0.0],[-46.298532,-23.777736,0.0],[-46.298587,-23.777723,0.0]]}},{"type":"Feature","properties":{"tipo":"Edificação (CAD 2025)"},"geometry":{"type":"LineString","coordinates":[[-46.298987,-23.777865,0.0],[-46.29893,-23.777879,0.0],[-46.298946,-23.777937,0.0],[-46.299003,-23.777924,0.0],[-46.298987,-23.777865,0.0]]}},{"type":"Feature","properties":{"tipo":"Edificação (CAD 2025)"},"geometry":{"type":"LineString","coordinates":[[-46.299507,-23.77792,0.0],[-46.299472,-23.777785,0.0],[-46.299419,-23.777797,0.0],[-46.299457,-23.777932,0.0],[-46.299507,-23.77792,0.0]]}},{"type":"Feature","properties":{"tipo":"Edificação (CAD 2025)"},"geometry":{"type":"LineString","coordinates":[[-46.29893,-23.777879,0.0],[-46.299002,-23.777862,0.0],[-46.298977,-23.777773,0.0],[-46.298906,-23.77779,0.0],[-46.29893,-23.777879,0.0]]}},{"type":"Feature","properties":{"tipo":"Edificação (CAD 2025)"},"geometry":{"type":"LineString","coordinates":[[-46.299117,-23.77774,0.0],[-46.29915,-23.77786,0.0],[-46.299075,-23.777878,0.0],[-46.299044,-23.777757,0.0],[-46.299117,-23.77774,0.0]]}},{"type":"Feature","properties":{"tipo":"Edificação (CAD 2025)"},"geometry":{"type":"LineString","coordinates":[[-46.299471,-23.777785,0.0],[-46.299486,-23.77784,0.0],[-46.299522,-23.777831,0.0],[-46.299507,-23.777776,0.0],[-46.299471,-23.777785,0.0]]}},{"type":"Feature","properties":{"tipo":"Edificação (CAD 2025)"},"geometry":{"type":"LineString","coordinates":[[-46.299117,-23.77774,0.0],[-46.299148,-23.777853,0.0],[-46.299197,-23.777841,0.0],[-46.29919,-23.777815,0.0],[-46.299207,-23.777812,0.0],[-46.299182,-23.777724,0.0],[-46.299117,-23.77774,0.0]]}},{"type":"Feature","properties":{"tipo":"Edificação (CAD 2025)"},"geometry":{"type":"LineString","coordinates":[[-46.2994,-23.777672,0.0],[-46.299234,-23.777712,0.0],[-46.299258,-23.777801,0.0],[-46.299347,-23.77778,0.0],[-46.29935,-23.777793,0.0],[-46.299428,-23.777775,0.0],[-46.2994,-23.777672,0.0]]}},{"type":"Feature","properties":{"tipo":"Edificação (CAD 2025)"},"geometry":{"type":"LineString","coordinates":[[-46.299454,-23.777721,0.0],[-46.29951,-23.777707,0.0],[-46.299523,-23.777751,0.0],[-46.299466,-23.777765,0.0],[-46.299454,-23.777721,0.0]]}},{"type":"Feature","properties":{"tipo":"Edificação (CAD 2025)"},"geometry":{"type":"LineString","coordinates":[[-46.299489,-23.777662,0.0],[-46.299442,-23.777673,0.0],[-46.299454,-23.777721,0.0],[-46.299502,-23.777709,0.0],[-46.299489,-23.777662,0.0]]}},{"type":"Feature","properties":{"tipo":"Edificação (CAD 2025)"},"geometry":{"type":"LineString","coordinates":[[-46.299137,-23.777545,0.0],[-46.299267,-23.777514,0.0],[-46.299284,-23.777571,0.0],[-46.299154,-23.777602,0.0],[-46.299137,-23.777545,0.0]]}},{"type":"Feature","properties":{"tipo":"Edificação (CAD 2025)"},"geometry":{"type":"LineString","coordinates":[[-46.298587,-23.777723,0.0],[-46.298554,-23.777598,0.0],[-46.298594,-23.777588,0.0],[-46.298609,-23.77764,0.0],[-46.298621,-23.777637,0.0],[-46.298642,-23.77771,0.0],[-46.298587,-23.777723,0.0]]}},{"type":"Feature","properties":{"tipo":"Edificação (CAD 2025)"},"geometry":{"type":"LineString","coordinates":[[-46.298774,-23.777631,0.0],[-46.298808,-23.777623,0.0],[-46.298817,-23.777656,0.0],[-46.298784,-23.777664,0.0],[-46.298774,-23.777631,0.0]]}},{"type":"Feature","properties":{"tipo":"Edificação (CAD 2025)"},"geometry":{"type":"LineString","coordinates":[[-46.298846,-23.777614,0.0],[-46.298975,-23.777585,0.0],[-46.29899,-23.777639,0.0],[-46.298862,-23.77767,0.0],[-46.298846,-23.777614,0.0]]}},{"type":"Feature","properties":{"tipo":"Edificação (CAD 2025)"},"geometry":{"type":"LineString","coordinates":[[-46.298774,-23.777631,0.0],[-46.298808,-23.777623,0.0],[-46.298798,-23.777589,0.0],[-46.298765,-23.777597,0.0],[-46.298774,-23.777631,0.0]]}},{"type":"Feature","properties":{"tipo":"Edificação (CAD 2025)"},"geometry":{"type":"LineString","coordinates":[[-46.298846,-23.777614,0.0],[-46.298975,-23.777585,0.0],[-46.29896,-23.777533,0.0],[-46.298831,-23.777562,0.0],[-46.298846,-23.777614,0.0]]}},{"type":"Feature","properties":{"tipo":"Edificação (CAD 2025)"},"geometry":{"type":"LineString","coordinates":[[-46.298745,-23.777526,0.0],[-46.298778,-23.777518,0.0],[-46.298788,-23.777551,0.0],[-46.298754,-23.777559,0.0],[-46.298745,-23.777526,0.0]]}},{"type":"Feature","properties":{"tipo":"Edificação (CAD 2025)"},"geometry":{"type":"LineString","coordinates":[[-46.298831,-23.777562,0.0],[-46.29896,-23.777533,0.0],[-46.298945,-23.77748,0.0],[-46.298816,-23.77751,0.0],[-46.298831,-23.777562,0.0]]}},{"type":"Feature","properties":{"tipo":"Edificação (CAD 2025)"},"geometry":{"type":"LineString","coordinates":[[-46.298526,-23.777496,0.0],[-46.29849,-23.777504,0.0],[-46.298497,-23.77753,0.0],[-46.298533,-23.777522,0.0],[-46.298526,-23.777496,0.0]]}},{"type":"Feature","properties":{"tipo":"Edificação (CAD 2025)"},"geometry":{"type":"LineString","coordinates":[[-46.298745,-23.777526,0.0],[-46.298778,-23.777518,0.0],[-46.298769,-23.777484,0.0],[-46.298736,-23.777492,0.0],[-46.298745,-23.777526,0.0]]}},{"type":"Feature","properties":{"tipo":"Edificação (CAD 2025)"},"geometry":{"type":"LineString","coordinates":[[-46.298563,-23.777487,0.0],[-46.298526,-23.777496,0.0],[-46.298533,-23.777522,0.0],[-46.29857,-23.777513,0.0],[-46.298563,-23.777487,0.0]]}},{"type":"Feature","properties":{"tipo":"Edificação (CAD 2025)"},"geometry":{"type":"LineString","coordinates":[[-46.297325,-23.777732,0.0],[-46.297408,-23.777712,0.0],[-46.297389,-23.777645,0.0],[-46.297306,-23.777665,0.0],[-46.297325,-23.777732,0.0]]}},{"type":"Feature","properties":{"tipo":"Edificação (CAD 2025)"},"geometry":{"type":"LineString","coordinates":[[-46.29742,-23.7776,0.0],[-46.297373,-23.777611,0.0],[-46.29738,-23.777637,0.0],[-46.297428,-23.777626,0.0],[-46.297431,-23.777636,0.0],[-46.29747,-23.777627,0.0],[-46.297461,-23.777597,0.0],[-46.297422,-23.777606,0.0],[-46.29742,-23.7776,0.0]]}},{"type":"Feature","properties":{"tipo":"Edificação (CAD 2025)"},"geometry":{"type":"LineString","coordinates":[[-46.296987,-23.777595,0.0],[-46.297126,-23.777563,0.0],[-46.297145,-23.777628,0.0],[-46.297005,-23.777661,0.0],[-46.296987,-23.777595,0.0]]}},{"type":"Feature","properties":{"tipo":"Edificação (CAD 2025)"},"geometry":{"type":"LineString","coordinates":[[-46.297338,-23.777511,0.0],[-46.297267,-23.777527,0.0],[-46.297284,-23.777588,0.0],[-46.297383,-23.777564,0.0],[-46.29737,-23.777517,0.0],[-46.297341,-23.777524,0.0],[-46.297338,-23.777511,0.0]]}},{"type":"Feature","properties":{"tipo":"Edificação (CAD 2025)"},"geometry":{"type":"LineString","coordinates":[[-46.297126,-23.777563,0.0],[-46.297,-23.777592,0.0],[-46.296984,-23.777533,0.0],[-46.297109,-23.777503,0.0],[-46.297126,-23.777563,0.0]]}},{"type":"Feature","properties":{"tipo":"Edificação (CAD 2025)"},"geometry":{"type":"LineString","coordinates":[[-46.297338,-23.777511,0.0],[-46.297267,-23.777527,0.0],[-46.29725,-23.777467,0.0],[-46.297349,-23.777443,0.0],[-46.297362,-23.77749,0.0],[-46.297334,-23.777497,0.0],[-46.297338,-23.777511,0.0]]}},{"type":"Feature","properties":{"tipo":"Edificação (CAD 2025)"},"geometry":{"type":"LineString","coordinates":[[-46.296957,-23.777493,0.0],[-46.297017,-23.777479,0.0],[-46.297009,-23.777449,0.0],[-46.296949,-23.777463,0.0],[-46.296957,-23.777493,0.0]]}},{"type":"Feature","properties":{"tipo":"Edificação (CAD 2025)"},"geometry":{"type":"LineString","coordinates":[[-46.297283,-23.777414,0.0],[-46.297341,-23.7774,0.0],[-46.297348,-23.777425,0.0],[-46.29729,-23.777439,0.0],[-46.297283,-23.777414,0.0]]}},{"type":"Feature","properties":{"tipo":"Edificação (CAD 2025)"},"geometry":{"type":"LineString","coordinates":[[-46.29693,-23.77739,0.0],[-46.297069,-23.777358,0.0],[-46.297086,-23.777421,0.0],[-46.296988,-23.777444,0.0],[-46.296977,-23.777408,0.0],[-46.296938,-23.777418,0.0],[-46.29693,-23.77739,0.0]]}},{"type":"Feature","properties":{"tipo":"Edificação (CAD 2025)"},"geometry":{"type":"LineString","coordinates":[[-46.297384,-23.777356,0.0],[-46.297356,-23.777363,0.0],[-46.297365,-23.777395,0.0],[-46.297393,-23.777388,0.0],[-46.297384,-23.777356,0.0]]}},{"type":"Feature","properties":{"tipo":"Edificação (CAD 2025)"},"geometry":{"type":"LineString","coordinates":[[-46.299353,-23.777493,0.0],[-46.299303,-23.777505,0.0],[-46.299312,-23.777536,0.0],[-46.299361,-23.777524,0.0],[-46.299353,-23.777493,0.0]]}},{"type":"Feature","properties":{"tipo":"Edificação (CAD 2025)"},"geometry":{"type":"LineString","coordinates":[[-46.299389,-23.777486,0.0],[-46.299406,-23.777547,0.0],[-46.299449,-23.777537,0.0],[-46.299432,-23.777476,0.0],[-46.299389,-23.777486,0.0]]}},{"type":"Feature","properties":{"tipo":"Edificação (CAD 2025)"},"geometry":{"type":"LineString","coordinates":[[-46.299267,-23.777514,0.0],[-46.299137,-23.777545,0.0],[-46.299122,-23.777493,0.0],[-46.299253,-23.777461,0.0],[-46.299267,-23.777514,0.0]]}},{"type":"Feature","properties":{"tipo":"Edificação (CAD 2025)"},"geometry":{"type":"LineString","coordinates":[[-46.299492,-23.777461,0.0],[-46.299432,-23.777476,0.0],[-46.299441,-23.777507,0.0],[-46.299501,-23.777493,0.0],[-46.299492,-23.777461,0.0]]}},{"type":"Feature","properties":{"tipo":"Edificação (CAD 2025)"},"geometry":{"type":"LineString","coordinates":[[-46.299492,-23.777461,0.0],[-46.299471,-23.777467,0.0],[-46.299466,-23.777449,0.0],[-46.299488,-23.777444,0.0],[-46.299492,-23.777461,0.0]]}},{"type":"Feature","properties":{"tipo":"Edificação (CAD 2025)"},"geometry":{"type":"LineString","coordinates":[[-46.299122,-23.777493,0.0],[-46.299253,-23.777461,0.0],[-46.299245,-23.777434,0.0],[-46.299293,-23.777422,0.0],[-46.299286,-23.777397,0.0],[-46.299107,-23.777441,0.0],[-46.299122,-23.777493,0.0]]}},{"type":"Feature","properties":{"tipo":"Edificação (CAD 2025)"},"geometry":{"type":"LineString","coordinates":[[-46.299359,-23.777381,0.0],[-46.29937,-23.777419,0.0],[-46.299398,-23.777412,0.0],[-46.299388,-23.777374,0.0],[-46.299359,-23.777381,0.0]]}},{"type":"Feature","properties":{"tipo":"Edificação (CAD 2025)"},"geometry":{"type":"LineString","coordinates":[[-46.299107,-23.777441,0.0],[-46.299239,-23.777408,0.0],[-46.299223,-23.77735,0.0],[-46.299181,-23.77736,0.0],[-46.299176,-23.777344,0.0],[-46.299107,-23.777361,0.0],[-46.299111,-23.777377,0.0],[-46.29909,-23.777382,0.0],[-46.299107,-23.777441,0.0]]}},{"type":"Feature","properties":{"tipo":"Edificação (CAD 2025)"},"geometry":{"type":"LineString","coordinates":[[-46.299388,-23.777374,0.0],[-46.299463,-23.777356,0.0],[-46.299458,-23.777339,0.0],[-46.299383,-23.777357,0.0],[-46.299388,-23.777374,0.0]]}},{"type":"Feature","properties":{"tipo":"Edificação (CAD 2025)"},"geometry":{"type":"LineString","coordinates":[[-46.299338,-23.777307,0.0],[-46.299359,-23.777381,0.0],[-46.299388,-23.777374,0.0],[-46.299367,-23.7773,0.0],[-46.299338,-23.777307,0.0]]}},{"type":"Feature","properties":{"tipo":"Edificação (CAD 2025)"},"geometry":{"type":"LineString","coordinates":[[-46.301288,-23.779204,0.0],[-46.301231,-23.779119,0.0],[-46.301166,-23.779156,0.0],[-46.301135,-23.779109,0.0],[-46.301073,-23.779143,0.0],[-46.301084,-23.779161,0.0],[-46.301069,-23.779169,0.0],[-46.301086,-23.779194,0.0],[-46.301098,-23.779187,0.0],[-46.301158,-23.779278,0.0],[-46.301288,-23.779204,0.0]]}},{"type":"Feature","properties":{"tipo":"Edificação (CAD 2025)"},"geometry":{"type":"LineString","coordinates":[[-46.300916,-23.779141,0.0],[-46.300879,-23.779169,0.0],[-46.300844,-23.779131,0.0],[-46.30088,-23.779102,0.0],[-46.300916,-23.779141,0.0]]}},{"type":"Feature","properties":{"tipo":"Edificação (CAD 2025)"},"geometry":{"type":"LineString","coordinates":[[-46.301288,-23.779204,0.0],[-46.301404,-23.779139,0.0],[-46.301317,-23.779014,0.0],[-46.301278,-23.779035,0.0],[-46.301291,-23.779055,0.0],[-46.30125,-23.779078,0.0],[-46.301232,-23.77905,0.0],[-46.301198,-23.779069,0.0],[-46.301288,-23.779204,0.0]]}},{"type":"Feature","properties":{"tipo":"Edificação (CAD 2025)"},"geometry":{"type":"LineString","coordinates":[[-46.30088,-23.779042,0.0],[-46.300933,-23.779101,0.0],[-46.300976,-23.779069,0.0],[-46.300923,-23.779009,0.0],[-46.30088,-23.779042,0.0]]}},{"type":"Feature","properties":{"tipo":"Edificação (CAD 2025)"},"geometry":{"type":"LineString","coordinates":[[-46.301413,-23.778987,0.0],[-46.301445,-23.778981,0.0],[-46.301453,-23.779019,0.0],[-46.301432,-23.779023,0.0],[-46.301428,-23.779005,0.0],[-46.301417,-23.779007,0.0],[-46.301413,-23.778987,0.0]]}},{"type":"Feature","properties":{"tipo":"Edificação (CAD 2025)"},"geometry":{"type":"LineString","coordinates":[[-46.301205,-23.779025,0.0],[-46.301281,-23.778983,0.0],[-46.301244,-23.778928,0.0],[-46.301169,-23.77897,0.0],[-46.301205,-23.779025,0.0]]}},{"type":"Feature","properties":{"tipo":"Edificação (CAD 2025)"},"geometry":{"type":"LineString","coordinates":[[-46.301032,-23.779016,0.0],[-46.301129,-23.778958,0.0],[-46.301082,-23.77889,0.0],[-46.301047,-23.778911,0.0],[-46.301051,-23.778917,0.0],[-46.300986,-23.778955,0.0],[-46.301014,-23.778995,0.0],[-46.300989,-23.779011,0.0],[-46.301008,-23.779039,0.0],[-46.301037,-23.779023,0.0],[-46.301032,-23.779016,0.0]]}},{"type":"Feature","properties":{"tipo":"Edificação (CAD 2025)"},"geometry":{"type":"LineString","coordinates":[[-46.301447,-23.77889,0.0],[-46.301437,-23.778848,0.0],[-46.301426,-23.778851,0.0],[-46.30142,-23.778828,0.0],[-46.301406,-23.778831,0.0],[-46.301395,-23.778786,0.0],[-46.301449,-23.778776,0.0],[-46.301453,-23.778792,0.0],[-46.301471,-23.778789,0.0],[-46.301493,-23.778881,0.0],[-46.301447,-23.77889,0.0]]}},{"type":"Feature","properties":{"tipo":"Edificação (CAD 2025)"},"geometry":{"type":"LineString","coordinates":[[-46.301096,-23.778742,0.0],[-46.301005,-23.778838,0.0],[-46.300959,-23.778801,0.0],[-46.30105,-23.778704,0.0],[-46.301096,-23.778742,0.0]]}},{"type":"Feature","properties":{"tipo":"Edificação (CAD 2025)"},"geometry":{"type":"LineString","coordinates":[[-46.301086,-23.778635,0.0],[-46.301664,-23.778016,0.0],[-46.301606,-23.777973,0.0],[-46.301563,-23.77802,0.0],[-46.301546,-23.778007,0.0],[-46.301504,-23.778051,0.0],[-46.301518,-23.778062,0.0],[-46.30139,-23.778198,0.0],[-46.301379,-23.778189,0.0],[-46.301359,-23.77821,0.0],[-46.301371,-23.77822,0.0],[-46.301302,-23.778293,0.0],[-46.301291,-23.778285,0.0],[-46.301017,-23.778578,0.0],[-46.30103,-23.778588,0.0],[-46.300891,-23.778737,0.0],[-46.300941,-23.778776,0.0],[-46.301079,-23.778629,0.0],[-46.301086,-23.778635,0.0]]}},{"type":"Feature","properties":{"tipo":"Edificação (CAD 2025)"},"geometry":{"type":"LineString","coordinates":[[-46.300272,-23.779262,0.0],[-46.300264,-23.77925,0.0],[-46.300227,-23.779271,0.0],[-46.300236,-23.779283,0.0],[-46.300272,-23.779262,0.0]]}},{"type":"Feature","properties":{"tipo":"Edificação (CAD 2025)"},"geometry":{"type":"LineString","coordinates":[[-46.30043,-23.779221,0.0],[-46.300313,-23.779287,0.0],[-46.300329,-23.779311,0.0],[-46.300446,-23.779244,0.0],[-46.30043,-23.779221,0.0]]}},{"type":"Feature","properties":{"tipo":"Edificação (CAD 2025)"},"geometry":{"type":"LineString","coordinates":[[-46.300406,-23.779186,0.0],[-46.30029,-23.779252,0.0],[-46.300313,-23.779287,0.0],[-46.30043,-23.779221,0.0],[-46.300406,-23.779186,0.0]]}},{"type":"Feature","properties":{"tipo":"Edificação (CAD 2025)"},"geometry":{"type":"LineString","coordinates":[[-46.300314,-23.779227,0.0],[-46.300401,-23.779178,0.0],[-46.300376,-23.779142,0.0],[-46.30029,-23.779191,0.0],[-46.300314,-23.779227,0.0]]}},{"type":"Feature","properties":{"tipo":"Edificação (CAD 2025)"},"geometry":{"type":"LineString","coordinates":[[-46.30029,-23.779191,0.0],[-46.300376,-23.779142,0.0],[-46.30035,-23.779103,0.0],[-46.300302,-23.77913,0.0],[-46.300315,-23.77915,0.0],[-46.300277,-23.779172,0.0],[-46.30029,-23.779191,0.0]]}},{"type":"Feature","properties":{"tipo":"Edificação (CAD 2025)"},"geometry":{"type":"LineString","coordinates":[[-46.300139,-23.778394,0.0],[-46.300171,-23.778345,0.0],[-46.300116,-23.778315,0.0],[-46.300105,-23.778332,0.0],[-46.300119,-23.778339,0.0],[-46.300098,-23.778371,0.0],[-46.300139,-23.778394,0.0]]}},{"type":"Feature","properties":{"tipo":"Edificação (CAD 2025)"},"geometry":{"type":"LineString","coordinates":[[-46.300223,-23.778263,0.0],[-46.300157,-23.778227,0.0],[-46.300138,-23.778259,0.0],[-46.300203,-23.778295,0.0],[-46.300223,-23.778263,0.0]]}},{"type":"Feature","properties":{"tipo":"Edificação (CAD 2025)"},"geometry":{"type":"LineString","coordinates":[[-46.299994,-23.778247,0.0],[-46.300065,-23.778286,0.0],[-46.300072,-23.778274,0.0],[-46.300129,-23.778305,0.0],[-46.300144,-23.778281,0.0],[-46.300113,-23.778264,0.0],[-46.300126,-23.778244,0.0],[-46.300029,-23.778193,0.0],[-46.299994,-23.778247,0.0]]}},{"type":"Feature","properties":{"tipo":"Edificação (CAD 2025)"},"geometry":{"type":"LineString","coordinates":[[-46.300112,-23.778202,0.0],[-46.3002,-23.778066,0.0],[-46.300185,-23.778058,0.0],[-46.300189,-23.778051,0.0],[-46.300126,-23.778016,0.0],[-46.300116,-23.77803,0.0],[-46.300108,-23.778026,0.0],[-46.300025,-23.778154,0.0],[-46.300112,-23.778202,0.0]]}},{"type":"Feature","properties":{"tipo":"Edificação (CAD 2025)"},"geometry":{"type":"LineString","coordinates":[[-46.300127,-23.777798,0.0],[-46.299982,-23.778018,0.0]]}},{"type":"Feature","properties":{"tipo":"Edificação (CAD 2025)"},"geometry":{"type":"LineString","coordinates":[[-46.299634,-23.778797,0.0],[-46.299684,-23.778825,0.0],[-46.299703,-23.778795,0.0],[-46.299653,-23.778768,0.0],[-46.299634,-23.778797,0.0]]}},{"type":"Feature","properties":{"tipo":"Edificação (CAD 2025)"},"geometry":{"type":"LineString","coordinates":[[-46.29984,-23.778753,0.0],[-46.299711,-23.778682,0.0],[-46.299674,-23.778737,0.0],[-46.299803,-23.77881,0.0],[-46.29984,-23.778753,0.0]]}},{"type":"Feature","properties":{"tipo":"Edificação (CAD 2025)"},"geometry":{"type":"LineString","coordinates":[[-46.299896,-23.778769,0.0],[-46.299932,-23.778712,0.0],[-46.299906,-23.778698,0.0],[-46.299872,-23.778754,0.0],[-46.299896,-23.778769,0.0]]}},{"type":"Feature","properties":{"tipo":"Edificação (CAD 2025)"},"geometry":{"type":"LineString","coordinates":[[-46.299711,-23.778682,0.0],[-46.29984,-23.778753,0.0],[-46.299871,-23.778706,0.0],[-46.299855,-23.778697,0.0],[-46.29987,-23.778673,0.0],[-46.299817,-23.778643,0.0],[-46.299805,-23.778662,0.0],[-46.299746,-23.77863,0.0],[-46.299711,-23.778682,0.0]]}},{"type":"Feature","properties":{"tipo":"Edificação (CAD 2025)"},"geometry":{"type":"LineString","coordinates":[[-46.299929,-23.778605,0.0],[-46.299806,-23.778538,0.0],[-46.299775,-23.778586,0.0],[-46.299865,-23.778635,0.0],[-46.299883,-23.778608,0.0],[-46.299916,-23.778626,0.0],[-46.299929,-23.778605,0.0]]}},{"type":"Feature","properties":{"tipo":"Edificação (CAD 2025)"},"geometry":{"type":"LineString","coordinates":[[-46.299806,-23.778538,0.0],[-46.299929,-23.778605,0.0],[-46.299953,-23.778569,0.0],[-46.299921,-23.778551,0.0],[-46.299938,-23.778526,0.0],[-46.299846,-23.778475,0.0],[-46.299806,-23.778538,0.0]]}},{"type":"Feature","properties":{"tipo":"Edificação (CAD 2025)"},"geometry":{"type":"LineString","coordinates":[[-46.2999,-23.778393,0.0],[-46.300036,-23.778467,0.0],[-46.300005,-23.778514,0.0],[-46.299869,-23.77844,0.0],[-46.2999,-23.778393,0.0]]}},{"type":"Feature","properties":{"tipo":"Edificação (CAD 2025)"},"geometry":{"type":"LineString","coordinates":[[-46.2999,-23.778393,0.0],[-46.300078,-23.77849,0.0],[-46.300112,-23.778436,0.0],[-46.300089,-23.778423,0.0],[-46.300077,-23.778441,0.0],[-46.300021,-23.778409,0.0],[-46.300044,-23.778375,0.0],[-46.30001,-23.778356,0.0],[-46.299999,-23.778371,0.0],[-46.299936,-23.778336,0.0],[-46.2999,-23.778393,0.0]]}},{"type":"Feature","properties":{"tipo":"Edificação (CAD 2025)"},"geometry":{"type":"LineString","coordinates":[[-46.299653,-23.778503,0.0],[-46.299568,-23.778456,0.0],[-46.299573,-23.778449,0.0],[-46.299518,-23.778419,0.0],[-46.299546,-23.778376,0.0],[-46.299601,-23.778406,0.0],[-46.299622,-23.778374,0.0],[-46.299569,-23.778345,0.0],[-46.299597,-23.778302,0.0],[-46.299651,-23.778332,0.0],[-46.299656,-23.778324,0.0],[-46.29973,-23.778365,0.0],[-46.299693,-23.778422,0.0],[-46.299703,-23.778426,0.0],[-46.299653,-23.778503,0.0]]}},{"type":"Feature","properties":{"tipo":"Edificação (CAD 2025)"},"geometry":{"type":"LineString","coordinates":[[-46.300096,-23.778303,0.0],[-46.299994,-23.778247,0.0],[-46.299961,-23.778299,0.0],[-46.300064,-23.778355,0.0],[-46.300096,-23.778303,0.0]]}},{"type":"Feature","properties":{"tipo":"Edificação (CAD 2025)"},"geometry":{"type":"LineString","coordinates":[[-46.301847,-23.778668,0.0],[-46.301733,-23.778699,0.0],[-46.301729,-23.778686,0.0],[-46.30178,-23.778671,0.0],[-46.301768,-23.778635,0.0],[-46.301831,-23.778618,0.0],[-46.301847,-23.778668,0.0]]}},{"type":"Feature","properties":{"tipo":"Edificação (CAD 2025)"},"geometry":{"type":"LineString","coordinates":[[-46.301538,-23.778485,0.0],[-46.301451,-23.778537,0.0],[-46.301465,-23.778558,0.0],[-46.30138,-23.778608,0.0],[-46.301401,-23.778637,0.0],[-46.301575,-23.778534,0.0],[-46.301538,-23.778485,0.0]]}},{"type":"Feature","properties":{"tipo":"Edificação (CAD 2025)"},"geometry":{"type":"LineString","coordinates":[[-46.301797,-23.778499,0.0],[-46.301672,-23.778526,0.0],[-46.301692,-23.778596,0.0],[-46.301818,-23.778568,0.0],[-46.301797,-23.778499,0.0]]}},{"type":"Feature","properties":{"tipo":"Edificação (CAD 2025)"},"geometry":{"type":"LineString","coordinates":[[-46.302274,-23.7785,0.0],[-46.302295,-23.778576,0.0],[-46.30227,-23.778582,0.0],[-46.302248,-23.778506,0.0],[-46.302274,-23.7785,0.0]]}},{"type":"Feature","properties":{"tipo":"Edificação (CAD 2025)"},"geometry":{"type":"LineString","coordinates":[[-46.301777,-23.778429,0.0],[-46.301652,-23.778456,0.0],[-46.301672,-23.778526,0.0],[-46.301797,-23.778499,0.0],[-46.301777,-23.778429,0.0]]}},{"type":"Feature","properties":{"tipo":"Edificação (CAD 2025)"},"geometry":{"type":"LineString","coordinates":[[-46.301559,-23.778475,0.0],[-46.301539,-23.778448,0.0],[-46.301522,-23.778464,0.0],[-46.301538,-23.778485,0.0],[-46.301559,-23.778475,0.0]]}},{"type":"Feature","properties":{"tipo":"Edificação (CAD 2025)"},"geometry":{"type":"LineString","coordinates":[[-46.301751,-23.778339,0.0],[-46.301646,-23.778365,0.0],[-46.30167,-23.778452,0.0],[-46.301777,-23.778429,0.0],[-46.301751,-23.778339,0.0]]}},{"type":"Feature","properties":{"tipo":"Edificação (CAD 2025)"},"geometry":{"type":"LineString","coordinates":[[-46.301736,-23.778181,0.0],[-46.301553,-23.778377,0.0],[-46.301544,-23.77837,0.0],[-46.301361,-23.778567,0.0],[-46.30128,-23.778504,0.0],[-46.301682,-23.778071,0.0],[-46.301729,-23.778108,0.0],[-46.30171,-23.778129,0.0],[-46.301741,-23.778154,0.0],[-46.301725,-23.778172,0.0],[-46.301736,-23.778181,0.0]]}},{"type":"Feature","properties":{"tipo":"Edificação (CAD 2025)"},"geometry":{"type":"LineString","coordinates":[[-46.301761,-23.778237,0.0],[-46.301771,-23.778246,0.0],[-46.301714,-23.778301,0.0],[-46.301704,-23.778291,0.0],[-46.301761,-23.778237,0.0]]}},{"type":"Feature","properties":{"tipo":"Edificação (CAD 2025)"},"geometry":{"type":"LineString","coordinates":[[-46.301905,-23.777909,0.0],[-46.301836,-23.778138,0.0],[-46.301768,-23.778121,0.0],[-46.301826,-23.777921,0.0],[-46.301847,-23.777927,0.0],[-46.301856,-23.777897,0.0],[-46.301905,-23.777909,0.0]]}},{"type":"Feature","properties":{"tipo":"Edificação (CAD 2025)"},"geometry":{"type":"LineString","coordinates":[[-46.299756,-23.778345,0.0],[-46.29967,-23.778298,0.0],[-46.299675,-23.778291,0.0],[-46.29962,-23.778261,0.0],[-46.299648,-23.778218,0.0],[-46.299704,-23.778248,0.0],[-46.299725,-23.778216,0.0],[-46.299672,-23.778187,0.0],[-46.2997,-23.778144,0.0],[-46.299753,-23.778174,0.0],[-46.299758,-23.778166,0.0],[-46.299832,-23.778207,0.0],[-46.299795,-23.778264,0.0],[-46.299805,-23.778268,0.0],[-46.299756,-23.778345,0.0]]}},{"type":"Feature","properties":{"tipo":"Edificação (CAD 2025)"},"geometry":{"type":"LineString","coordinates":[[-46.299615,-23.778149,0.0],[-46.29956,-23.778232,0.0],[-46.299531,-23.778216,0.0],[-46.299585,-23.778132,0.0],[-46.299615,-23.778149,0.0]]}},{"type":"Feature","properties":{"tipo":"Edificação (CAD 2025)"},"geometry":{"type":"LineString","coordinates":[[-46.29966,-23.778152,0.0],[-46.299616,-23.778214,0.0],[-46.299593,-23.7782,0.0],[-46.299636,-23.778138,0.0],[-46.29966,-23.778152,0.0]]}},{"type":"Feature","properties":{"tipo":"Edificação (CAD 2025)"},"geometry":{"type":"LineString","coordinates":[[-46.299723,-23.778031,0.0],[-46.299783,-23.778017,0.0],[-46.29979,-23.778043,0.0],[-46.29973,-23.778057,0.0],[-46.299723,-23.778031,0.0]]}},{"type":"Feature","properties":{"tipo":"Edificação (CAD 2025)"},"geometry":{"type":"LineString","coordinates":[[-46.299982,-23.778018,0.0],[-46.299963,-23.778027,0.0],[-46.299952,-23.778022,0.0],[-46.299946,-23.778013,0.0]]}},{"type":"Feature","properties":{"tipo":"Edificação (CAD 2025)"},"geometry":{"type":"LineString","coordinates":[[-46.299789,-23.77794,0.0],[-46.299801,-23.777986,0.0],[-46.299723,-23.778004,0.0],[-46.299719,-23.777992,0.0],[-46.299663,-23.778005,0.0],[-46.29966,-23.777994,0.0],[-46.299579,-23.778012,0.0],[-46.299573,-23.777989,0.0],[-46.299789,-23.77794,0.0]]}},{"type":"Feature","properties":{"tipo":"Edificação (CAD 2025)"},"geometry":{"type":"LineString","coordinates":[[-46.299918,-23.77791,0.0],[-46.299946,-23.778013,0.0]]}},{"type":"Feature","properties":{"tipo":"Edificação (CAD 2025)"},"geometry":{"type":"LineString","coordinates":[[-46.299789,-23.77794,0.0],[-46.299777,-23.777895,0.0],[-46.299756,-23.7779,0.0],[-46.299748,-23.77787,0.0],[-46.299689,-23.777883,0.0],[-46.299701,-23.777926,0.0],[-46.299595,-23.77795,0.0],[-46.299593,-23.77794,0.0],[-46.299574,-23.777944,0.0],[-46.299568,-23.777923,0.0],[-46.299538,-23.77793,0.0],[-46.299555,-23.777993,0.0],[-46.299789,-23.77794,0.0]]}},{"type":"Feature","properties":{"tipo":"Edificação (CAD 2025)"},"geometry":{"type":"LineString","coordinates":[[-46.299895,-23.777827,0.0],[-46.299909,-23.777831,0.0]]}},{"type":"Feature","properties":{"tipo":"Edificação (CAD 2025)"},"geometry":{"type":"LineString","coordinates":[[-46.300031,-23.77774,0.0],[-46.299918,-23.77791,0.0]]}},{"type":"Feature","properties":{"tipo":"Edificação (CAD 2025)"},"geometry":{"type":"LineString","coordinates":[[-46.300566,-23.778155,0.0],[-46.300647,-23.778084,0.0],[-46.300609,-23.778048,0.0],[-46.300529,-23.778118,0.0],[-46.300566,-23.778155,0.0]]}},{"type":"Feature","properties":{"tipo":"Edificação (CAD 2025)"},"geometry":{"type":"LineString","coordinates":[[-46.300902,-23.778063,0.0],[-46.300788,-23.777952,0.0],[-46.300679,-23.778048,0.0],[-46.300707,-23.778075,0.0],[-46.300657,-23.778119,0.0],[-46.300647,-23.778109,0.0],[-46.300618,-23.778134,0.0],[-46.30066,-23.778175,0.0],[-46.300636,-23.778195,0.0],[-46.300667,-23.778226,0.0],[-46.300776,-23.77813,0.0],[-46.300801,-23.778155,0.0],[-46.300902,-23.778063,0.0]]}},{"type":"Feature","properties":{"tipo":"Edificação (CAD 2025)"},"geometry":{"type":"LineString","coordinates":[[-46.300681,-23.77754,0.0],[-46.30069,-23.777578,0.0],[-46.300723,-23.777571,0.0],[-46.300714,-23.777533,0.0],[-46.300681,-23.77754,0.0]]}},{"type":"Feature","properties":{"tipo":"Edificação (CAD 2025)"},"geometry":{"type":"LineString","coordinates":[[-46.300999,-23.777509,0.0],[-46.300983,-23.777451,0.0],[-46.30095,-23.777459,0.0],[-46.300966,-23.777516,0.0],[-46.300999,-23.777509,0.0]]}},{"type":"Feature","properties":{"tipo":"Edificação (CAD 2025)"},"geometry":{"type":"LineString","coordinates":[[-46.300685,-23.777391,0.0],[-46.300619,-23.777406,0.0],[-46.300653,-23.777525,0.0],[-46.300706,-23.777512,0.0],[-46.300695,-23.777474,0.0],[-46.300708,-23.777471,0.0],[-46.300685,-23.777391,0.0]]}},{"type":"Feature","properties":{"tipo":"Edificação (CAD 2025)"},"geometry":{"type":"LineString","coordinates":[[-46.300708,-23.777471,0.0],[-46.300685,-23.777391,0.0],[-46.300753,-23.777376,0.0],[-46.300784,-23.777492,0.0],[-46.300744,-23.777501,0.0],[-46.30075,-23.777524,0.0],[-46.300724,-23.77753,0.0],[-46.300717,-23.777502,0.0],[-46.30073,-23.777499,0.0],[-46.300721,-23.777468,0.0],[-46.300708,-23.777471,0.0]]}},{"type":"Feature","properties":{"tipo":"Edificação (CAD 2025)"},"geometry":{"type":"LineString","coordinates":[[-46.300897,-23.777489,0.0],[-46.300859,-23.777353,0.0],[-46.300792,-23.777368,0.0],[-46.300828,-23.777504,0.0],[-46.300897,-23.777489,0.0]]}},{"type":"Feature","properties":{"tipo":"Edificação (CAD 2025)"},"geometry":{"type":"LineString","coordinates":[[-46.300859,-23.777353,0.0],[-46.30089,-23.777464,0.0],[-46.300953,-23.77745,0.0],[-46.300949,-23.777436,0.0],[-46.300957,-23.777434,0.0],[-46.300929,-23.777337,0.0],[-46.300859,-23.777353,0.0]]}},{"type":"Feature","properties":{"tipo":"Edificação (CAD 2025)"},"geometry":{"type":"LineString","coordinates":[[-46.301021,-23.777317,0.0],[-46.30095,-23.777334,0.0],[-46.300986,-23.777463,0.0],[-46.301056,-23.777447,0.0],[-46.301021,-23.777317,0.0]]}},{"type":"Feature","properties":{"tipo":"Edificação (CAD 2025)"},"geometry":{"type":"LineString","coordinates":[[-46.300539,-23.777268,0.0],[-46.300591,-23.777256,0.0],[-46.300557,-23.777134,0.0],[-46.300505,-23.777147,0.0],[-46.300539,-23.777268,0.0]]}},{"type":"Feature","properties":{"tipo":"Edificação (CAD 2025)"},"geometry":{"type":"LineString","coordinates":[[-46.300122,-23.777784,0.0],[-46.300127,-23.777798,0.0]]}},{"type":"Feature","properties":{"tipo":"Edificação (CAD 2025)"},"geometry":{"type":"LineString","coordinates":[[-46.300421,-23.777803,0.0],[-46.30045,-23.777761,0.0],[-46.300387,-23.777726,0.0],[-46.300358,-23.777769,0.0],[-46.300421,-23.777803,0.0]]}},{"type":"Feature","properties":{"tipo":"Edificação (CAD 2025)"},"geometry":{"type":"LineString","coordinates":[[-46.300122,-23.777784,0.0],[-46.30004,-23.777737,0.0]]}},{"type":"Feature","properties":{"tipo":"Edificação (CAD 2025)"},"geometry":{"type":"LineString","coordinates":[[-46.30045,-23.777761,0.0],[-46.300478,-23.777718,0.0],[-46.300416,-23.777683,0.0],[-46.300387,-23.777726,0.0],[-46.30045,-23.777761,0.0]]}},{"type":"Feature","properties":{"tipo":"Edificação (CAD 2025)"},"geometry":{"type":"LineString","coordinates":[[-46.300527,-23.777721,0.0],[-46.30056,-23.777672,0.0],[-46.300524,-23.777652,0.0],[-46.300491,-23.777701,0.0],[-46.300527,-23.777721,0.0]]}},{"type":"Feature","properties":{"tipo":"Edificação (CAD 2025)"},"geometry":{"type":"LineString","coordinates":[[-46.300158,-23.777751,0.0],[-46.30029,-23.777551,0.0],[-46.300189,-23.777495,0.0],[-46.300058,-23.777696,0.0],[-46.300158,-23.777751,0.0]]}},{"type":"Feature","properties":{"tipo":"Edificação (CAD 2025)"},"geometry":{"type":"LineString","coordinates":[[-46.300549,-23.777567,0.0],[-46.300457,-23.777515,0.0],[-46.300393,-23.777611,0.0],[-46.300486,-23.777662,0.0],[-46.300549,-23.777567,0.0]]}},{"type":"Feature","properties":{"tipo":"Edificação (CAD 2025)"},"geometry":{"type":"LineString","coordinates":[[-46.30027,-23.777488,0.0],[-46.300316,-23.777511,0.0]]}},{"type":"Feature","properties":{"tipo":"Edificação (CAD 2025)"},"geometry":{"type":"LineString","coordinates":[[-46.300534,-23.777542,0.0],[-46.300571,-23.777561,0.0],[-46.300608,-23.777501,0.0],[-46.300583,-23.777489,0.0],[-46.300595,-23.777472,0.0],[-46.300528,-23.777431,0.0],[-46.300484,-23.777493,0.0],[-46.300543,-23.777528,0.0],[-46.300534,-23.777542,0.0]]}},{"type":"Feature","properties":{"tipo":"Edificação (CAD 2025)"},"geometry":{"type":"LineString","coordinates":[[-46.300316,-23.777511,0.0],[-46.300344,-23.77747,0.0]]}},{"type":"Feature","properties":{"tipo":"Edificação (CAD 2025)"},"geometry":{"type":"LineString","coordinates":[[-46.299867,-23.777724,0.0],[-46.299895,-23.777827,0.0]]}},{"type":"Feature","properties":{"tipo":"Edificação (CAD 2025)"},"geometry":{"type":"LineString","coordinates":[[-46.299637,-23.777745,0.0],[-46.299728,-23.777724,0.0],[-46.29975,-23.777803,0.0],[-46.29966,-23.777825,0.0],[-46.299656,-23.777811,0.0],[-46.299592,-23.777827,0.0],[-46.299579,-23.777781,0.0],[-46.299643,-23.777765,0.0],[-46.299637,-23.777745,0.0]]}},{"type":"Feature","properties":{"tipo":"Edificação (CAD 2025)"},"geometry":{"type":"LineString","coordinates":[[-46.30004,-23.777737,0.0],[-46.300031,-23.77774,0.0]]}},{"type":"Feature","properties":{"tipo":"Edificação (CAD 2025)"},"geometry":{"type":"LineString","coordinates":[[-46.299909,-23.777831,0.0],[-46.299987,-23.777712,0.0],[-46.29986,-23.777636,0.0]]}},{"type":"Feature","properties":{"tipo":"Edificação (CAD 2025)"},"geometry":{"type":"LineString","coordinates":[[-46.299637,-23.777745,0.0],[-46.299728,-23.777724,0.0],[-46.299706,-23.777644,0.0],[-46.299615,-23.777665,0.0],[-46.299619,-23.777679,0.0],[-46.299555,-23.777694,0.0],[-46.299568,-23.77774,0.0],[-46.299632,-23.777725,0.0],[-46.299637,-23.777745,0.0]]}},{"type":"Feature","properties":{"tipo":"Edificação (CAD 2025)"},"geometry":{"type":"LineString","coordinates":[[-46.299846,-23.777639,0.0],[-46.299867,-23.777724,0.0]]}},{"type":"Feature","properties":{"tipo":"Edificação (CAD 2025)"},"geometry":{"type":"LineString","coordinates":[[-46.29986,-23.777636,0.0],[-46.299846,-23.777639,0.0]]}},{"type":"Feature","properties":{"tipo":"Edificação (CAD 2025)"},"geometry":{"type":"LineString","coordinates":[[-46.300106,-23.77751,0.0],[-46.299861,-23.777568,0.0],[-46.299855,-23.777578,0.0],[-46.300017,-23.777668,0.0],[-46.300117,-23.777523,0.0],[-46.300116,-23.777513,0.0],[-46.300106,-23.77751,0.0]]}},{"type":"Feature","properties":{"tipo":"Edificação (CAD 2025)"},"geometry":{"type":"LineString","coordinates":[[-46.299644,-23.777425,0.0],[-46.299508,-23.777458,0.0],[-46.299523,-23.77751,0.0],[-46.299659,-23.777478,0.0],[-46.299644,-23.777425,0.0]]}},{"type":"Feature","properties":{"tipo":"Edificação (CAD 2025)"},"geometry":{"type":"LineString","coordinates":[[-46.299629,-23.777373,0.0],[-46.299493,-23.777405,0.0],[-46.299508,-23.777458,0.0],[-46.299644,-23.777425,0.0],[-46.299629,-23.777373,0.0]]}},{"type":"Feature","properties":{"tipo":"Edificação (CAD 2025)"},"geometry":{"type":"LineString","coordinates":[[-46.30027,-23.777488,0.0],[-46.300264,-23.777481,0.0],[-46.300267,-23.777472,0.0]]}},{"type":"Feature","properties":{"tipo":"Edificação (CAD 2025)"},"geometry":{"type":"LineString","coordinates":[[-46.300267,-23.777472,0.0],[-46.300333,-23.777456,0.0]]}},{"type":"Feature","properties":{"tipo":"Edificação (CAD 2025)"},"geometry":{"type":"LineString","coordinates":[[-46.300333,-23.777456,0.0],[-46.300344,-23.77746,0.0],[-46.300344,-23.77747,0.0]]}},{"type":"Feature","properties":{"tipo":"Edificação (CAD 2025)"},"geometry":{"type":"LineString","coordinates":[[-46.300076,-23.777378,0.0],[-46.300056,-23.777307,0.0],[-46.300085,-23.777299,0.0],[-46.300071,-23.77725,0.0],[-46.3001,-23.777243,0.0],[-46.300135,-23.777364,0.0],[-46.300076,-23.777378,0.0]]}},{"type":"Feature","properties":{"tipo":"Edificação (CAD 2025)"},"geometry":{"type":"LineString","coordinates":[[-46.300194,-23.77735,0.0],[-46.300173,-23.777278,0.0],[-46.300143,-23.777286,0.0],[-46.300129,-23.777236,0.0],[-46.3001,-23.777243,0.0],[-46.300135,-23.777364,0.0],[-46.300194,-23.77735,0.0]]}},{"type":"Feature","properties":{"tipo":"Edificação (CAD 2025)"},"geometry":{"type":"LineString","coordinates":[[-46.300195,-23.77722,0.0],[-46.300159,-23.777229,0.0],[-46.300194,-23.77735,0.0],[-46.30023,-23.777342,0.0],[-46.300195,-23.77722,0.0]]}},{"type":"Feature","properties":{"tipo":"Edificação (CAD 2025)"},"geometry":{"type":"LineString","coordinates":[[-46.30023,-23.777342,0.0],[-46.300272,-23.777331,0.0],[-46.300232,-23.777191,0.0],[-46.30019,-23.777201,0.0],[-46.30023,-23.777342,0.0]]}},{"type":"Feature","properties":{"tipo":"Edificação (CAD 2025)"},"geometry":{"type":"LineString","coordinates":[[-46.300074,-23.77715,0.0],[-46.300031,-23.77716,0.0],[-46.300042,-23.777199,0.0],[-46.300056,-23.777196,0.0],[-46.300071,-23.77725,0.0],[-46.3001,-23.777243,0.0],[-46.300074,-23.77715,0.0]]}},{"type":"Feature","properties":{"tipo":"Edificação (CAD 2025)"},"geometry":{"type":"LineString","coordinates":[[-46.300169,-23.777127,0.0],[-46.300192,-23.777121,0.0],[-46.300198,-23.777141,0.0],[-46.300175,-23.777146,0.0],[-46.300169,-23.777127,0.0]]}},{"type":"Feature","properties":{"tipo":"Edificação (CAD 2025)"},"geometry":{"type":"LineString","coordinates":[[-46.300528,-23.777033,0.0],[-46.300467,-23.777047,0.0],[-46.300483,-23.777105,0.0],[-46.300544,-23.777091,0.0],[-46.300528,-23.777033,0.0]]}},{"type":"Feature","properties":{"tipo":"Edificação (CAD 2025)"},"geometry":{"type":"LineString","coordinates":[[-46.300593,-23.777126,0.0],[-46.300557,-23.777134,0.0],[-46.300591,-23.777256,0.0],[-46.300627,-23.777247,0.0],[-46.300593,-23.777126,0.0]]}},{"type":"Feature","properties":{"tipo":"Edificação (CAD 2025)"},"geometry":{"type":"LineString","coordinates":[[-46.300652,-23.777112,0.0],[-46.300593,-23.777126,0.0],[-46.300627,-23.777247,0.0],[-46.300686,-23.777233,0.0],[-46.300652,-23.777112,0.0]]}},{"type":"Feature","properties":{"tipo":"Edificação (CAD 2025)"},"geometry":{"type":"LineString","coordinates":[[-46.30071,-23.777098,0.0],[-46.300652,-23.777112,0.0],[-46.300686,-23.777233,0.0],[-46.300745,-23.777219,0.0],[-46.30071,-23.777098,0.0]]}},{"type":"Feature","properties":{"tipo":"Edificação (CAD 2025)"},"geometry":{"type":"LineString","coordinates":[[-46.300803,-23.777205,0.0],[-46.300775,-23.777103,0.0],[-46.30075,-23.777109,0.0],[-46.300758,-23.777138,0.0],[-46.300724,-23.777146,0.0],[-46.300745,-23.777219,0.0],[-46.300803,-23.777205,0.0]]}},{"type":"Feature","properties":{"tipo":"Edificação (CAD 2025)"},"geometry":{"type":"LineString","coordinates":[[-46.300834,-23.777089,0.0],[-46.300775,-23.777103,0.0],[-46.300803,-23.777205,0.0],[-46.300862,-23.777191,0.0],[-46.300834,-23.777089,0.0]]}},{"type":"Feature","properties":{"tipo":"Edificação (CAD 2025)"},"geometry":{"type":"LineString","coordinates":[[-46.300862,-23.777055,0.0],[-46.300826,-23.777063,0.0],[-46.300862,-23.777191,0.0],[-46.300898,-23.777182,0.0],[-46.300862,-23.777055,0.0]]}},{"type":"Feature","properties":{"tipo":"Edificação (CAD 2025)"},"geometry":{"type":"LineString","coordinates":[[-46.300902,-23.777045,0.0],[-46.300862,-23.777055,0.0],[-46.300898,-23.777182,0.0],[-46.300938,-23.777173,0.0],[-46.300902,-23.777045,0.0]]}},{"type":"Feature","properties":{"tipo":"Edificação (CAD 2025)"},"geometry":{"type":"LineString","coordinates":[[-46.300797,-23.776999,0.0],[-46.300757,-23.777009,0.0],[-46.300773,-23.777064,0.0],[-46.300812,-23.777054,0.0],[-46.300797,-23.776999,0.0]]}},{"type":"Feature","properties":{"tipo":"Edificação (CAD 2025)"},"geometry":{"type":"LineString","coordinates":[[-46.300845,-23.776992,0.0],[-46.300809,-23.777001,0.0],[-46.3008,-23.776968,0.0],[-46.300836,-23.776959,0.0],[-46.300845,-23.776992,0.0]]}},{"type":"Feature","properties":{"tipo":"Edificação (CAD 2025)"},"geometry":{"type":"LineString","coordinates":[[-46.300845,-23.776992,0.0],[-46.300881,-23.776984,0.0],[-46.300872,-23.776951,0.0],[-46.300836,-23.776959,0.0],[-46.300845,-23.776992,0.0]]}},{"type":"Feature","properties":{"tipo":"Edificação (CAD 2025)"},"geometry":{"type":"LineString","coordinates":[[-46.298945,-23.77748,0.0],[-46.298816,-23.77751,0.0],[-46.298804,-23.777464,0.0],[-46.298822,-23.777459,0.0],[-46.298818,-23.777447,0.0],[-46.298928,-23.777421,0.0],[-46.298945,-23.77748,0.0]]}},{"type":"Feature","properties":{"tipo":"Edificação (CAD 2025)"},"geometry":{"type":"LineString","coordinates":[[-46.298512,-23.777429,0.0],[-46.298475,-23.777438,0.0],[-46.298483,-23.777463,0.0],[-46.298519,-23.777455,0.0],[-46.298512,-23.777429,0.0]]}},{"type":"Feature","properties":{"tipo":"Edificação (CAD 2025)"},"geometry":{"type":"LineString","coordinates":[[-46.298549,-23.77742,0.0],[-46.298512,-23.777429,0.0],[-46.298519,-23.777455,0.0],[-46.298555,-23.777446,0.0],[-46.298549,-23.77742,0.0]]}},{"type":"Feature","properties":{"tipo":"Edificação (CAD 2025)"},"geometry":{"type":"LineString","coordinates":[[-46.298687,-23.77732,0.0],[-46.29872,-23.777312,0.0],[-46.29873,-23.777345,0.0],[-46.298696,-23.777353,0.0],[-46.298687,-23.77732,0.0]]}},{"type":"Feature","properties":{"tipo":"Edificação (CAD 2025)"},"geometry":{"type":"LineString","coordinates":[[-46.298758,-23.777303,0.0],[-46.298887,-23.777274,0.0],[-46.298902,-23.777328,0.0],[-46.298774,-23.777359,0.0],[-46.298758,-23.777303,0.0]]}},{"type":"Feature","properties":{"tipo":"Edificação (CAD 2025)"},"geometry":{"type":"LineString","coordinates":[[-46.298481,-23.777314,0.0],[-46.298459,-23.77723,0.0],[-46.298371,-23.777251,0.0],[-46.298395,-23.777334,0.0],[-46.298409,-23.77733,0.0],[-46.298426,-23.777389,0.0],[-46.298476,-23.777378,0.0],[-46.298459,-23.777319,0.0],[-46.298481,-23.777314,0.0]]}},{"type":"Feature","properties":{"tipo":"Edificação (CAD 2025)"},"geometry":{"type":"LineString","coordinates":[[-46.298687,-23.77732,0.0],[-46.29872,-23.777312,0.0],[-46.298711,-23.777278,0.0],[-46.298678,-23.777286,0.0],[-46.298687,-23.77732,0.0]]}},{"type":"Feature","properties":{"tipo":"Edificação (CAD 2025)"},"geometry":{"type":"LineString","coordinates":[[-46.298481,-23.777314,0.0],[-46.298459,-23.77723,0.0],[-46.298546,-23.777209,0.0],[-46.298569,-23.777292,0.0],[-46.298555,-23.777296,0.0],[-46.298571,-23.777355,0.0],[-46.298521,-23.777367,0.0],[-46.298505,-23.777308,0.0],[-46.298481,-23.777314,0.0]]}},{"type":"Feature","properties":{"tipo":"Edificação (CAD 2025)"},"geometry":{"type":"LineString","coordinates":[[-46.298758,-23.777303,0.0],[-46.298887,-23.777274,0.0],[-46.298872,-23.777222,0.0],[-46.298744,-23.777251,0.0],[-46.298758,-23.777303,0.0]]}},{"type":"Feature","properties":{"tipo":"Edificação (CAD 2025)"},"geometry":{"type":"LineString","coordinates":[[-46.298657,-23.777215,0.0],[-46.298691,-23.777207,0.0],[-46.2987,-23.77724,0.0],[-46.298667,-23.777248,0.0],[-46.298657,-23.777215,0.0]]}},{"type":"Feature","properties":{"tipo":"Edificação (CAD 2025)"},"geometry":{"type":"LineString","coordinates":[[-46.297283,-23.777321,0.0],[-46.297213,-23.777338,0.0],[-46.297232,-23.777402,0.0],[-46.297348,-23.777375,0.0],[-46.297337,-23.777337,0.0],[-46.297319,-23.777342,0.0],[-46.297315,-23.777328,0.0],[-46.297287,-23.777335,0.0],[-46.297283,-23.777321,0.0]]}},{"type":"Feature","properties":{"tipo":"Edificação (CAD 2025)"},"geometry":{"type":"LineString","coordinates":[[-46.29693,-23.77739,0.0],[-46.297069,-23.777358,0.0],[-46.297051,-23.777297,0.0],[-46.296952,-23.777321,0.0],[-46.296959,-23.777347,0.0],[-46.29692,-23.777357,0.0],[-46.29693,-23.77739,0.0]]}},{"type":"Feature","properties":{"tipo":"Edificação (CAD 2025)"},"geometry":{"type":"LineString","coordinates":[[-46.297503,-23.777232,0.0],[-46.297456,-23.777243,0.0],[-46.297507,-23.777424,0.0],[-46.297554,-23.777413,0.0],[-46.297503,-23.777232,0.0]]}},{"type":"Feature","properties":{"tipo":"Edificação (CAD 2025)"},"geometry":{"type":"LineString","coordinates":[[-46.29826,-23.777666,0.0],[-46.298023,-23.776825,0.0],[-46.297498,-23.77695,0.0],[-46.297735,-23.777791,0.0],[-46.29826,-23.777666,0.0]]}},{"type":"Feature","properties":{"tipo":"Edificação (CAD 2025)"},"geometry":{"type":"LineString","coordinates":[[-46.29826,-23.777666,0.0],[-46.298023,-23.776825,0.0],[-46.297498,-23.77695,0.0],[-46.297735,-23.777791,0.0],[-46.29826,-23.777666,0.0]]}},{"type":"Feature","properties":{"tipo":"Edificação (CAD 2025)"},"geometry":{"type":"LineString","coordinates":[[-46.298281,-23.777677,0.0],[-46.298034,-23.776802,0.0],[-46.297814,-23.776854,0.0],[-46.297806,-23.776826,0.0],[-46.2977,-23.776851,0.0],[-46.297706,-23.77687,0.0],[-46.297469,-23.776926,0.0],[-46.297716,-23.777803,0.0],[-46.297938,-23.777751,0.0],[-46.297945,-23.777776,0.0],[-46.298054,-23.77775,0.0],[-46.298049,-23.777732,0.0],[-46.298281,-23.777677,0.0]]}},{"type":"Feature","properties":{"tipo":"Edificação (CAD 2025)"},"geometry":{"type":"LineString","coordinates":[[-46.297283,-23.777321,0.0],[-46.297213,-23.777338,0.0],[-46.297195,-23.777273,0.0],[-46.297311,-23.777245,0.0],[-46.297322,-23.777282,0.0],[-46.297303,-23.777287,0.0],[-46.297307,-23.7773,0.0],[-46.29728,-23.777307,0.0],[-46.297283,-23.777321,0.0]]}},{"type":"Feature","properties":{"tipo":"Edificação (CAD 2025)"},"geometry":{"type":"LineString","coordinates":[[-46.29813,-23.777203,0.0],[-46.297605,-23.777328,0.0]]}},{"type":"Feature","properties":{"tipo":"Edificação (CAD 2025)"},"geometry":{"type":"LineString","coordinates":[[-46.297868,-23.777261,0.0],[-46.297864,-23.777267,0.0],[-46.297871,-23.77727,0.0],[-46.297875,-23.777264,0.0],[-46.297868,-23.777261,0.0]]}},{"type":"Feature","properties":{"tipo":"Edificação (CAD 2025)"},"geometry":{"type":"LineString","coordinates":[[-46.297858,-23.777227,0.0],[-46.297842,-23.777234,0.0],[-46.297831,-23.777247,0.0],[-46.297826,-23.77726,0.0],[-46.297828,-23.777277,0.0],[-46.297836,-23.777292,0.0],[-46.297851,-23.777302,0.0],[-46.297883,-23.777304,0.0],[-46.297908,-23.777284,0.0],[-46.297913,-23.777271,0.0],[-46.297911,-23.777254,0.0],[-46.297904,-23.777242,0.0],[-46.297891,-23.77723,0.0],[-46.297858,-23.777227,0.0]]}},{"type":"Feature","properties":{"tipo":"Edificação (CAD 2025)"},"geometry":{"type":"LineString","coordinates":[[-46.299614,-23.77732,0.0],[-46.299478,-23.777353,0.0],[-46.299493,-23.777405,0.0],[-46.299629,-23.777373,0.0],[-46.299614,-23.77732,0.0]]}},{"type":"Feature","properties":{"tipo":"Edificação (CAD 2025)"},"geometry":{"type":"LineString","coordinates":[[-46.299922,-23.777415,0.0],[-46.299863,-23.777429,0.0],[-46.299829,-23.777307,0.0],[-46.299888,-23.777293,0.0],[-46.299922,-23.777415,0.0]]}},{"type":"Feature","properties":{"tipo":"Edificação (CAD 2025)"},"geometry":{"type":"LineString","coordinates":[[-46.299958,-23.777406,0.0],[-46.299922,-23.777415,0.0],[-46.299888,-23.777293,0.0],[-46.299924,-23.777285,0.0],[-46.299958,-23.777406,0.0]]}},{"type":"Feature","properties":{"tipo":"Edificação (CAD 2025)"},"geometry":{"type":"LineString","coordinates":[[-46.300017,-23.777392,0.0],[-46.299958,-23.777406,0.0],[-46.299924,-23.777285,0.0],[-46.299983,-23.777271,0.0],[-46.300017,-23.777392,0.0]]}},{"type":"Feature","properties":{"tipo":"Edificação (CAD 2025)"},"geometry":{"type":"LineString","coordinates":[[-46.300076,-23.777378,0.0],[-46.300056,-23.777307,0.0],[-46.300026,-23.777314,0.0],[-46.300012,-23.777264,0.0],[-46.299983,-23.777271,0.0],[-46.300017,-23.777392,0.0],[-46.300076,-23.777378,0.0]]}},{"type":"Feature","properties":{"tipo":"Edificação (CAD 2025)"},"geometry":{"type":"LineString","coordinates":[[-46.299861,-23.7772,0.0],[-46.299838,-23.777206,0.0],[-46.299844,-23.777225,0.0],[-46.299867,-23.77722,0.0],[-46.299861,-23.7772,0.0]]}},{"type":"Feature","properties":{"tipo":"Edificação (CAD 2025)"},"geometry":{"type":"LineString","coordinates":[[-46.299861,-23.7772,0.0],[-46.299884,-23.777195,0.0],[-46.29989,-23.777214,0.0],[-46.299867,-23.77722,0.0],[-46.299861,-23.7772,0.0]]}},{"type":"Feature","properties":{"tipo":"Edificação (CAD 2025)"},"geometry":{"type":"LineString","coordinates":[[-46.299956,-23.777177,0.0],[-46.299979,-23.777172,0.0],[-46.299985,-23.777192,0.0],[-46.299962,-23.777197,0.0],[-46.299956,-23.777177,0.0]]}},{"type":"Feature","properties":{"tipo":"Edificação (CAD 2025)"},"geometry":{"type":"LineString","coordinates":[[-46.299709,-23.777167,0.0],[-46.299775,-23.777151,0.0],[-46.299766,-23.777117,0.0],[-46.2997,-23.777133,0.0],[-46.299709,-23.777167,0.0]]}},{"type":"Feature","properties":{"tipo":"Edificação (CAD 2025)"},"geometry":{"type":"LineString","coordinates":[[-46.299804,-23.777144,0.0],[-46.299845,-23.777134,0.0],[-46.299835,-23.7771,0.0],[-46.299794,-23.77711,0.0],[-46.299804,-23.777144,0.0]]}},{"type":"Feature","properties":{"tipo":"Edificação (CAD 2025)"},"geometry":{"type":"LineString","coordinates":[[-46.2996,-23.777268,0.0],[-46.299464,-23.7773,0.0],[-46.299478,-23.777353,0.0],[-46.299614,-23.77732,0.0],[-46.2996,-23.777268,0.0]]}},{"type":"Feature","properties":{"tipo":"Edificação (CAD 2025)"},"geometry":{"type":"LineString","coordinates":[[-46.299418,-23.777288,0.0],[-46.299374,-23.777298,0.0],[-46.299382,-23.777327,0.0],[-46.299426,-23.777317,0.0],[-46.299418,-23.777288,0.0]]}},{"type":"Feature","properties":{"tipo":"Edificação (CAD 2025)"},"geometry":{"type":"LineString","coordinates":[[-46.299244,-23.777278,0.0],[-46.299289,-23.777267,0.0],[-46.299275,-23.777215,0.0],[-46.299249,-23.777221,0.0],[-46.299255,-23.777241,0.0],[-46.299234,-23.777246,0.0],[-46.299244,-23.777278,0.0]]}},{"type":"Feature","properties":{"tipo":"Edificação (CAD 2025)"},"geometry":{"type":"LineString","coordinates":[[-46.299126,-23.777156,0.0],[-46.29904,-23.777176,0.0],[-46.299062,-23.777256,0.0],[-46.29915,-23.777235,0.0],[-46.299146,-23.777221,0.0],[-46.299207,-23.777207,0.0],[-46.299194,-23.777161,0.0],[-46.299176,-23.777165,0.0],[-46.29917,-23.777146,0.0],[-46.299126,-23.777156,0.0]]}},{"type":"Feature","properties":{"tipo":"Edificação (CAD 2025)"},"geometry":{"type":"LineString","coordinates":[[-46.299297,-23.777116,0.0],[-46.299336,-23.777256,0.0],[-46.299376,-23.777247,0.0],[-46.299353,-23.777167,0.0],[-46.299344,-23.77717,0.0],[-46.299327,-23.777109,0.0],[-46.299297,-23.777116,0.0]]}},{"type":"Feature","properties":{"tipo":"Edificação (CAD 2025)"},"geometry":{"type":"LineString","coordinates":[[-46.299545,-23.777143,0.0],[-46.299491,-23.777156,0.0],[-46.299499,-23.777185,0.0],[-46.299554,-23.777173,0.0],[-46.299545,-23.777143,0.0]]}},{"type":"Feature","properties":{"tipo":"Edificação (CAD 2025)"},"geometry":{"type":"LineString","coordinates":[[-46.29904,-23.777176,0.0],[-46.299126,-23.777156,0.0],[-46.29912,-23.777137,0.0],[-46.299136,-23.777133,0.0],[-46.299141,-23.777153,0.0],[-46.299183,-23.777143,0.0],[-46.299165,-23.777079,0.0],[-46.299108,-23.777093,0.0],[-46.299103,-23.777076,0.0],[-46.299018,-23.777097,0.0],[-46.29904,-23.777176,0.0]]}},{"type":"Feature","properties":{"tipo":"Edificação (CAD 2025)"},"geometry":{"type":"LineString","coordinates":[[-46.29945,-23.77708,0.0],[-46.299541,-23.777059,0.0],[-46.299563,-23.777139,0.0],[-46.299473,-23.77716,0.0],[-46.299469,-23.777147,0.0],[-46.299405,-23.777162,0.0],[-46.299392,-23.777116,0.0],[-46.299456,-23.777101,0.0],[-46.29945,-23.77708,0.0]]}},{"type":"Feature","properties":{"tipo":"Edificação (CAD 2025)"},"geometry":{"type":"LineString","coordinates":[[-46.29925,-23.777127,0.0],[-46.299223,-23.777027,0.0],[-46.299187,-23.777035,0.0],[-46.299207,-23.777103,0.0],[-46.299185,-23.777109,0.0],[-46.299194,-23.77714,0.0],[-46.29925,-23.777127,0.0]]}},{"type":"Feature","properties":{"tipo":"Edificação (CAD 2025)"},"geometry":{"type":"LineString","coordinates":[[-46.299304,-23.77701,0.0],[-46.29927,-23.777018,0.0],[-46.299293,-23.777103,0.0],[-46.299328,-23.777095,0.0],[-46.299304,-23.77701,0.0]]}},{"type":"Feature","properties":{"tipo":"Edificação (CAD 2025)"},"geometry":{"type":"LineString","coordinates":[[-46.296947,-23.777261,0.0],[-46.296914,-23.777268,0.0],[-46.296908,-23.777247,0.0],[-46.296887,-23.777252,0.0],[-46.29688,-23.777226,0.0],[-46.296832,-23.777237,0.0],[-46.296849,-23.777298,0.0],[-46.29695,-23.777273,0.0],[-46.296947,-23.777261,0.0]]}},{"type":"Feature","properties":{"tipo":"Edificação (CAD 2025)"},"geometry":{"type":"LineString","coordinates":[[-46.297346,-23.777219,0.0],[-46.297318,-23.777226,0.0],[-46.297326,-23.777258,0.0],[-46.297355,-23.777251,0.0],[-46.297346,-23.777219,0.0]]}},{"type":"Feature","properties":{"tipo":"Edificação (CAD 2025)"},"geometry":{"type":"LineString","coordinates":[[-46.296949,-23.777254,0.0],[-46.297034,-23.777234,0.0],[-46.297016,-23.777171,0.0],[-46.296943,-23.777188,0.0],[-46.29694,-23.777176,0.0],[-46.296901,-23.777185,0.0],[-46.296922,-23.777261,0.0],[-46.296949,-23.777254,0.0]]}},{"type":"Feature","properties":{"tipo":"Edificação (CAD 2025)"},"geometry":{"type":"LineString","coordinates":[[-46.297337,-23.777188,0.0],[-46.297309,-23.777194,0.0],[-46.297318,-23.777226,0.0],[-46.297346,-23.777219,0.0],[-46.297337,-23.777188,0.0]]}},{"type":"Feature","properties":{"tipo":"Edificação (CAD 2025)"},"geometry":{"type":"LineString","coordinates":[[-46.297238,-23.777158,0.0],[-46.297168,-23.777175,0.0],[-46.297185,-23.777235,0.0],[-46.297283,-23.777212,0.0],[-46.29727,-23.777165,0.0],[-46.297242,-23.777172,0.0],[-46.297238,-23.777158,0.0]]}},{"type":"Feature","properties":{"tipo":"Edificação (CAD 2025)"},"geometry":{"type":"LineString","coordinates":[[-46.297377,-23.777125,0.0],[-46.297327,-23.777137,0.0],[-46.297335,-23.777168,0.0],[-46.297385,-23.777156,0.0],[-46.297377,-23.777125,0.0]]}},{"type":"Feature","properties":{"tipo":"Edificação (CAD 2025)"},"geometry":{"type":"LineString","coordinates":[[-46.297238,-23.777158,0.0],[-46.297168,-23.777175,0.0],[-46.297151,-23.777115,0.0],[-46.297249,-23.777091,0.0],[-46.297263,-23.777138,0.0],[-46.297234,-23.777145,0.0],[-46.297238,-23.777158,0.0]]}},{"type":"Feature","properties":{"tipo":"Edificação (CAD 2025)"},"geometry":{"type":"LineString","coordinates":[[-46.2973,-23.777057,0.0],[-46.297272,-23.777063,0.0],[-46.297281,-23.777095,0.0],[-46.297309,-23.777088,0.0],[-46.2973,-23.777057,0.0]]}},{"type":"Feature","properties":{"tipo":"Edificação (CAD 2025)"},"geometry":{"type":"LineString","coordinates":[[-46.297324,-23.777028,0.0],[-46.297156,-23.777068,0.0],[-46.297138,-23.777006,0.0],[-46.297307,-23.776966,0.0],[-46.297324,-23.777028,0.0]]}},{"type":"Feature","properties":{"tipo":"Edificação (CAD 2025)"},"geometry":{"type":"LineString","coordinates":[[-46.296862,-23.776932,0.0],[-46.296943,-23.776913,0.0],[-46.296961,-23.776974,0.0],[-46.296851,-23.777,0.0],[-46.296843,-23.776975,0.0],[-46.296827,-23.776979,0.0],[-46.296817,-23.776943,0.0],[-46.296843,-23.776937,0.0],[-46.296846,-23.776948,0.0],[-46.296865,-23.776943,0.0],[-46.296862,-23.776932,0.0]]}},{"type":"Feature","properties":{"tipo":"Edificação (CAD 2025)"},"geometry":{"type":"LineString","coordinates":[[-46.298744,-23.777251,0.0],[-46.298872,-23.777222,0.0],[-46.298857,-23.777169,0.0],[-46.298729,-23.777198,0.0],[-46.298744,-23.777251,0.0]]}},{"type":"Feature","properties":{"tipo":"Edificação (CAD 2025)"},"geometry":{"type":"LineString","coordinates":[[-46.298657,-23.777215,0.0],[-46.298691,-23.777207,0.0],[-46.298681,-23.777173,0.0],[-46.298648,-23.777181,0.0],[-46.298657,-23.777215,0.0]]}},{"type":"Feature","properties":{"tipo":"Edificação (CAD 2025)"},"geometry":{"type":"LineString","coordinates":[[-46.298175,-23.777097,0.0],[-46.298128,-23.777108,0.0],[-46.298179,-23.777289,0.0],[-46.298226,-23.777277,0.0],[-46.298175,-23.777097,0.0]]}},{"type":"Feature","properties":{"tipo":"Edificação (CAD 2025)"},"geometry":{"type":"LineString","coordinates":[[-46.298857,-23.777169,0.0],[-46.298729,-23.777198,0.0],[-46.298716,-23.777153,0.0],[-46.298734,-23.777148,0.0],[-46.298731,-23.777136,0.0],[-46.298841,-23.77711,0.0],[-46.298857,-23.777169,0.0]]}},{"type":"Feature","properties":{"tipo":"Edificação (CAD 2025)"},"geometry":{"type":"LineString","coordinates":[[-46.298393,-23.776991,0.0],[-46.298415,-23.777075,0.0],[-46.298329,-23.777095,0.0],[-46.298305,-23.777012,0.0],[-46.29832,-23.777009,0.0],[-46.298303,-23.77695,0.0],[-46.298353,-23.776938,0.0],[-46.29837,-23.776996,0.0],[-46.298393,-23.776991,0.0]]}},{"type":"Feature","properties":{"tipo":"Edificação (CAD 2025)"},"geometry":{"type":"LineString","coordinates":[[-46.298393,-23.776991,0.0],[-46.298415,-23.777075,0.0],[-46.298503,-23.777054,0.0],[-46.29848,-23.776971,0.0],[-46.298465,-23.776974,0.0],[-46.298449,-23.776915,0.0],[-46.298399,-23.776927,0.0],[-46.298415,-23.776986,0.0],[-46.298393,-23.776991,0.0]]}},{"type":"Feature","properties":{"tipo":"Edificação (CAD 2025)"},"geometry":{"type":"LineString","coordinates":[[-46.29859,-23.776975,0.0],[-46.298623,-23.776968,0.0],[-46.298633,-23.777001,0.0],[-46.298599,-23.777009,0.0],[-46.29859,-23.776975,0.0]]}},{"type":"Feature","properties":{"tipo":"Edificação (CAD 2025)"},"geometry":{"type":"LineString","coordinates":[[-46.298661,-23.776959,0.0],[-46.29879,-23.77693,0.0],[-46.298805,-23.776984,0.0],[-46.298677,-23.777014,0.0],[-46.298661,-23.776959,0.0]]}},{"type":"Feature","properties":{"tipo":"Edificação (CAD 2025)"},"geometry":{"type":"LineString","coordinates":[[-46.29859,-23.776975,0.0],[-46.298623,-23.776968,0.0],[-46.298614,-23.776934,0.0],[-46.298581,-23.776942,0.0],[-46.29859,-23.776975,0.0]]}},{"type":"Feature","properties":{"tipo":"Edificação (CAD 2025)"},"geometry":{"type":"LineString","coordinates":[[-46.298661,-23.776959,0.0],[-46.29879,-23.77693,0.0],[-46.298775,-23.776877,0.0],[-46.298647,-23.776906,0.0],[-46.298661,-23.776959,0.0]]}},{"type":"Feature","properties":{"tipo":"Edificação (CAD 2025)"},"geometry":{"type":"LineString","coordinates":[[-46.29945,-23.77708,0.0],[-46.299541,-23.777059,0.0],[-46.299519,-23.776979,0.0],[-46.299428,-23.777001,0.0],[-46.299432,-23.777014,0.0],[-46.299368,-23.77703,0.0],[-46.299381,-23.777076,0.0],[-46.299445,-23.77706,0.0],[-46.29945,-23.77708,0.0]]}},{"type":"Feature","properties":{"tipo":"Edificação (CAD 2025)"},"geometry":{"type":"LineString","coordinates":[[-46.299125,-23.776911,0.0],[-46.299064,-23.776925,0.0],[-46.299072,-23.776952,0.0],[-46.299133,-23.776937,0.0],[-46.299125,-23.776911,0.0]]}},{"type":"Feature","properties":{"tipo":"Edificação (CAD 2025)"},"geometry":{"type":"LineString","coordinates":[[-46.299105,-23.776916,0.0],[-46.299096,-23.776885,0.0],[-46.299127,-23.776877,0.0],[-46.29912,-23.776852,0.0],[-46.298962,-23.77689,0.0],[-46.298978,-23.776946,0.0],[-46.299105,-23.776916,0.0]]}},{"type":"Feature","properties":{"tipo":"Edificação (CAD 2025)"},"geometry":{"type":"LineString","coordinates":[[-46.299112,-23.776854,0.0],[-46.298962,-23.77689,0.0],[-46.298948,-23.776837,0.0],[-46.299098,-23.776801,0.0],[-46.299112,-23.776854,0.0]]}},{"type":"Feature","properties":{"tipo":"Edificação (CAD 2025)"},"geometry":{"type":"LineString","coordinates":[[-46.299293,-23.77681,0.0],[-46.299252,-23.77682,0.0],[-46.299261,-23.776849,0.0],[-46.299301,-23.776839,0.0],[-46.299293,-23.77681,0.0]]}},{"type":"Feature","properties":{"tipo":"Edificação (CAD 2025)"},"geometry":{"type":"LineString","coordinates":[[-46.299474,-23.776823,0.0],[-46.29946,-23.77677,0.0],[-46.299325,-23.776803,0.0],[-46.29934,-23.776855,0.0],[-46.299474,-23.776823,0.0]]}},{"type":"Feature","properties":{"tipo":"Edificação (CAD 2025)"},"geometry":{"type":"LineString","coordinates":[[-46.299293,-23.77681,0.0],[-46.299204,-23.776831,0.0],[-46.299196,-23.776804,0.0],[-46.299285,-23.776783,0.0],[-46.299293,-23.77681,0.0]]}},{"type":"Feature","properties":{"tipo":"Edificação (CAD 2025)"},"geometry":{"type":"LineString","coordinates":[[-46.299062,-23.776754,0.0],[-46.298933,-23.776785,0.0],[-46.298948,-23.776837,0.0],[-46.299077,-23.776806,0.0],[-46.299062,-23.776754,0.0]]}},{"type":"Feature","properties":{"tipo":"Edificação (CAD 2025)"},"geometry":{"type":"LineString","coordinates":[[-46.29946,-23.77677,0.0],[-46.299445,-23.776718,0.0],[-46.29931,-23.77675,0.0],[-46.299325,-23.776803,0.0],[-46.29946,-23.77677,0.0]]}},{"type":"Feature","properties":{"tipo":"Edificação (CAD 2025)"},"geometry":{"type":"LineString","coordinates":[[-46.299046,-23.776696,0.0],[-46.298916,-23.776727,0.0],[-46.298933,-23.776785,0.0],[-46.299062,-23.776754,0.0],[-46.299046,-23.776696,0.0]]}},{"type":"Feature","properties":{"tipo":"Edificação (CAD 2025)"},"geometry":{"type":"LineString","coordinates":[[-46.296711,-23.776967,0.0],[-46.296805,-23.776946,0.0],[-46.296797,-23.776917,0.0],[-46.296763,-23.776925,0.0],[-46.296759,-23.776912,0.0],[-46.2967,-23.776926,0.0],[-46.296711,-23.776967,0.0]]}},{"type":"Feature","properties":{"tipo":"Edificação (CAD 2025)"},"geometry":{"type":"LineString","coordinates":[[-46.297112,-23.776907,0.0],[-46.297118,-23.776931,0.0],[-46.297216,-23.776907,0.0],[-46.297209,-23.776883,0.0],[-46.297112,-23.776907,0.0]]}},{"type":"Feature","properties":{"tipo":"Edificação (CAD 2025)"},"geometry":{"type":"LineString","coordinates":[[-46.296943,-23.776913,0.0],[-46.296862,-23.776932,0.0],[-46.296858,-23.776921,0.0],[-46.296818,-23.776931,0.0],[-46.296803,-23.776879,0.0],[-46.296926,-23.77685,0.0],[-46.296943,-23.776913,0.0]]}},{"type":"Feature","properties":{"tipo":"Edificação (CAD 2025)"},"geometry":{"type":"LineString","coordinates":[[-46.297246,-23.776866,0.0],[-46.297218,-23.776873,0.0],[-46.297227,-23.776905,0.0],[-46.297255,-23.776898,0.0],[-46.297246,-23.776866,0.0]]}},{"type":"Feature","properties":{"tipo":"Edificação (CAD 2025)"},"geometry":{"type":"LineString","coordinates":[[-46.297077,-23.776852,0.0],[-46.297093,-23.776911,0.0],[-46.297209,-23.776883,0.0],[-46.297192,-23.776824,0.0],[-46.297077,-23.776852,0.0]]}},{"type":"Feature","properties":{"tipo":"Edificação (CAD 2025)"},"geometry":{"type":"LineString","coordinates":[[-46.297295,-23.776802,0.0],[-46.29727,-23.776808,0.0],[-46.297275,-23.776827,0.0],[-46.2973,-23.776821,0.0],[-46.297295,-23.776802,0.0]]}},{"type":"Feature","properties":{"tipo":"Edificação (CAD 2025)"},"geometry":{"type":"LineString","coordinates":[[-46.297159,-23.776767,0.0],[-46.297059,-23.77679,0.0],[-46.297077,-23.776852,0.0],[-46.297176,-23.776828,0.0],[-46.297159,-23.776767,0.0]]}},{"type":"Feature","properties":{"tipo":"Edificação (CAD 2025)"},"geometry":{"type":"LineString","coordinates":[[-46.296779,-23.776778,0.0],[-46.296716,-23.776793,0.0],[-46.296723,-23.776819,0.0],[-46.296786,-23.776804,0.0],[-46.296779,-23.776778,0.0]]}},{"type":"Feature","properties":{"tipo":"Edificação (CAD 2025)"},"geometry":{"type":"LineString","coordinates":[[-46.296808,-23.776832,0.0],[-46.296913,-23.776806,0.0],[-46.296898,-23.776751,0.0],[-46.296818,-23.776769,0.0],[-46.296822,-23.776785,0.0],[-46.296796,-23.776791,0.0],[-46.296808,-23.776832,0.0]]}},{"type":"Feature","properties":{"tipo":"Edificação (CAD 2025)"},"geometry":{"type":"LineString","coordinates":[[-46.297217,-23.776762,0.0],[-46.297188,-23.776769,0.0],[-46.297197,-23.7768,0.0],[-46.297226,-23.776794,0.0],[-46.297217,-23.776762,0.0]]}},{"type":"Feature","properties":{"tipo":"Edificação (CAD 2025)"},"geometry":{"type":"LineString","coordinates":[[-46.29856,-23.77687,0.0],[-46.298594,-23.776863,0.0],[-46.298603,-23.776896,0.0],[-46.29857,-23.776904,0.0],[-46.29856,-23.77687,0.0]]}},{"type":"Feature","properties":{"tipo":"Edificação (CAD 2025)"},"geometry":{"type":"LineString","coordinates":[[-46.298326,-23.776884,0.0],[-46.298363,-23.776876,0.0],[-46.298356,-23.77685,0.0],[-46.298319,-23.776858,0.0],[-46.298326,-23.776884,0.0]]}},{"type":"Feature","properties":{"tipo":"Edificação (CAD 2025)"},"geometry":{"type":"LineString","coordinates":[[-46.298647,-23.776906,0.0],[-46.298775,-23.776877,0.0],[-46.298761,-23.776825,0.0],[-46.298632,-23.776854,0.0],[-46.298647,-23.776906,0.0]]}},{"type":"Feature","properties":{"tipo":"Edificação (CAD 2025)"},"geometry":{"type":"LineString","coordinates":[[-46.298957,-23.776872,0.0],[-46.298922,-23.776881,0.0],[-46.298912,-23.776846,0.0],[-46.298948,-23.776837,0.0],[-46.298957,-23.776872,0.0]]}},{"type":"Feature","properties":{"tipo":"Edificação (CAD 2025)"},"geometry":{"type":"LineString","coordinates":[[-46.298363,-23.776876,0.0],[-46.298399,-23.776867,0.0],[-46.298392,-23.776841,0.0],[-46.298356,-23.77685,0.0],[-46.298363,-23.776876,0.0]]}},{"type":"Feature","properties":{"tipo":"Edificação (CAD 2025)"},"geometry":{"type":"LineString","coordinates":[[-46.29856,-23.77687,0.0],[-46.298594,-23.776863,0.0],[-46.298584,-23.776829,0.0],[-46.298551,-23.776837,0.0],[-46.29856,-23.77687,0.0]]}},{"type":"Feature","properties":{"tipo":"Edificação (CAD 2025)"},"geometry":{"type":"LineString","coordinates":[[-46.298761,-23.776825,0.0],[-46.298632,-23.776854,0.0],[-46.298619,-23.776808,0.0],[-46.298637,-23.776804,0.0],[-46.298634,-23.776791,0.0],[-46.298744,-23.776765,0.0],[-46.298761,-23.776825,0.0]]}},{"type":"Feature","properties":{"tipo":"Edificação (CAD 2025)"},"geometry":{"type":"LineString","coordinates":[[-46.298302,-23.776802,0.0],[-46.298339,-23.776793,0.0],[-46.298332,-23.776767,0.0],[-46.298295,-23.776776,0.0],[-46.298302,-23.776802,0.0]]}},{"type":"Feature","properties":{"tipo":"Edificação (CAD 2025)"},"geometry":{"type":"LineString","coordinates":[[-46.298339,-23.776793,0.0],[-46.298375,-23.776784,0.0],[-46.298368,-23.776758,0.0],[-46.298332,-23.776767,0.0],[-46.298339,-23.776793,0.0]]}},{"type":"Feature","properties":{"tipo":"Edificação (CAD 2025)"},"geometry":{"type":"LineString","coordinates":[[-46.298085,-23.776722,0.0],[-46.298026,-23.776736,0.0],[-46.298035,-23.776768,0.0],[-46.298094,-23.776755,0.0],[-46.298085,-23.776722,0.0]]}},{"type":"Feature","properties":{"tipo":"Edificação (CAD 2025)"},"geometry":{"type":"LineString","coordinates":[[-46.297134,-23.776773,0.0],[-46.297159,-23.776767,0.0],[-46.297156,-23.776757,0.0],[-46.297174,-23.776752,0.0],[-46.297168,-23.77673,0.0],[-46.29711,-23.776743,0.0],[-46.297116,-23.776766,0.0],[-46.297131,-23.776763,0.0],[-46.297134,-23.776773,0.0]]}},{"type":"Feature","properties":{"tipo":"Edificação (CAD 2025)"},"geometry":{"type":"LineString","coordinates":[[-46.296671,-23.776804,0.0],[-46.296779,-23.776778,0.0],[-46.29677,-23.776743,0.0],[-46.296782,-23.77674,0.0],[-46.296788,-23.776762,0.0],[-46.296814,-23.776756,0.0],[-46.296818,-23.776769,0.0],[-46.296898,-23.776751,0.0],[-46.29688,-23.776687,0.0],[-46.296792,-23.776708,0.0],[-46.296787,-23.77669,0.0],[-46.296749,-23.776698,0.0],[-46.296763,-23.776748,0.0],[-46.296723,-23.776758,0.0],[-46.296709,-23.776708,0.0],[-46.296648,-23.776722,0.0],[-46.296671,-23.776804,0.0]]}},{"type":"Feature","properties":{"tipo":"Edificação (CAD 2025)"},"geometry":{"type":"LineString","coordinates":[[-46.297884,-23.776693,0.0],[-46.297821,-23.776708,0.0],[-46.297841,-23.776781,0.0],[-46.297904,-23.776766,0.0],[-46.297884,-23.776693,0.0]]}},{"type":"Feature","properties":{"tipo":"Edificação (CAD 2025)"},"geometry":{"type":"LineString","coordinates":[[-46.297895,-23.776733,0.0],[-46.297931,-23.776725,0.0],[-46.297936,-23.776742,0.0],[-46.298032,-23.77672,0.0],[-46.298027,-23.776702,0.0],[-46.298051,-23.776696,0.0],[-46.298028,-23.776618,0.0],[-46.297849,-23.776661,0.0],[-46.297861,-23.776699,0.0],[-46.297884,-23.776693,0.0],[-46.297895,-23.776733,0.0]]}},{"type":"Feature","properties":{"tipo":"Edificação (CAD 2025)"},"geometry":{"type":"LineString","coordinates":[[-46.297203,-23.776669,0.0],[-46.297227,-23.776625,0.0],[-46.297196,-23.77661,0.0],[-46.297188,-23.776624,0.0],[-46.297199,-23.776629,0.0],[-46.297182,-23.776659,0.0],[-46.297203,-23.776669,0.0]]}},{"type":"Feature","properties":{"tipo":"Edificação (CAD 2025)"},"geometry":{"type":"LineString","coordinates":[[-46.296762,-23.776673,0.0],[-46.296869,-23.776648,0.0],[-46.296852,-23.776588,0.0],[-46.296771,-23.776607,0.0],[-46.296774,-23.776617,0.0],[-46.296759,-23.776621,0.0],[-46.296756,-23.77661,0.0],[-46.296717,-23.77662,0.0],[-46.29673,-23.776668,0.0],[-46.296759,-23.776662,0.0],[-46.296762,-23.776673,0.0]]}},{"type":"Feature","properties":{"tipo":"Edificação (CAD 2025)"},"geometry":{"type":"LineString","coordinates":[[-46.296677,-23.776629,0.0],[-46.296738,-23.776615,0.0],[-46.296729,-23.776585,0.0],[-46.296669,-23.7766,0.0],[-46.296677,-23.776629,0.0]]}},{"type":"Feature","properties":{"tipo":"Edificação (CAD 2025)"},"geometry":{"type":"LineString","coordinates":[[-46.297305,-23.776654,0.0],[-46.297384,-23.77665,0.0],[-46.297378,-23.776558,0.0],[-46.297343,-23.77656,0.0],[-46.297344,-23.776587,0.0],[-46.297264,-23.776592,0.0],[-46.297267,-23.776637,0.0],[-46.297304,-23.776634,0.0],[-46.297305,-23.776654,0.0]]}},{"type":"Feature","properties":{"tipo":"Edificação (CAD 2025)"},"geometry":{"type":"LineString","coordinates":[[-46.297117,-23.776607,0.0],[-46.297133,-23.776579,0.0],[-46.297159,-23.776592,0.0],[-46.297141,-23.77662,0.0],[-46.297117,-23.776607,0.0]]}},{"type":"Feature","properties":{"tipo":"Edificação (CAD 2025)"},"geometry":{"type":"LineString","coordinates":[[-46.297133,-23.776579,0.0],[-46.297117,-23.776607,0.0],[-46.297089,-23.776592,0.0],[-46.297106,-23.776564,0.0],[-46.297133,-23.776579,0.0]]}},{"type":"Feature","properties":{"tipo":"Edificação (CAD 2025)"},"geometry":{"type":"LineString","coordinates":[[-46.303691,-23.778025,0.0],[-46.303583,-23.777995,0.0],[-46.303548,-23.778094,0.0],[-46.303621,-23.778104,0.0],[-46.303627,-23.778083,0.0],[-46.303664,-23.778094,0.0],[-46.303691,-23.778025,0.0]]}},{"type":"Feature","properties":{"tipo":"Edificação (CAD 2025)"},"geometry":{"type":"LineString","coordinates":[[-46.303879,-23.778073,0.0],[-46.303953,-23.778086,0.0],[-46.30397,-23.778022,0.0],[-46.303899,-23.778005,0.0],[-46.303879,-23.778073,0.0]]}},{"type":"Feature","properties":{"tipo":"Edificação (CAD 2025)"},"geometry":{"type":"LineString","coordinates":[[-46.303786,-23.77799,0.0],[-46.303764,-23.778047,0.0],[-46.303827,-23.778067,0.0],[-46.303839,-23.778033,0.0],[-46.303828,-23.778029,0.0],[-46.303837,-23.778004,0.0],[-46.303786,-23.77799,0.0]]}},{"type":"Feature","properties":{"tipo":"Edificação (CAD 2025)"},"geometry":{"type":"LineString","coordinates":[[-46.303746,-23.77804,0.0],[-46.303753,-23.778021,0.0],[-46.303773,-23.778026,0.0],[-46.303786,-23.77799,0.0],[-46.303695,-23.777964,0.0],[-46.303686,-23.777993,0.0],[-46.303655,-23.777984,0.0],[-46.303645,-23.778012,0.0],[-46.303746,-23.77804,0.0]]}},{"type":"Feature","properties":{"tipo":"Edificação (CAD 2025)"},"geometry":{"type":"LineString","coordinates":[[-46.303583,-23.777995,0.0],[-46.303602,-23.777941,0.0],[-46.303663,-23.777959,0.0],[-46.303645,-23.778012,0.0],[-46.303583,-23.777995,0.0]]}},{"type":"Feature","properties":{"tipo":"Edificação (CAD 2025)"},"geometry":{"type":"LineString","coordinates":[[-46.303786,-23.77799,0.0],[-46.30386,-23.77801,0.0],[-46.30388,-23.777939,0.0],[-46.303839,-23.777928,0.0],[-46.303828,-23.77796,0.0],[-46.303802,-23.777953,0.0],[-46.303786,-23.77799,0.0]]}},{"type":"Feature","properties":{"tipo":"Edificação (CAD 2025)"},"geometry":{"type":"LineString","coordinates":[[-46.303602,-23.777941,0.0],[-46.303691,-23.777967,0.0],[-46.303696,-23.777951,0.0],[-46.303773,-23.777972,0.0],[-46.303791,-23.777917,0.0],[-46.303742,-23.777904,0.0],[-46.303736,-23.777922,0.0],[-46.30371,-23.777914,0.0],[-46.303716,-23.777897,0.0],[-46.303626,-23.777872,0.0],[-46.303602,-23.777941,0.0]]}},{"type":"Feature","properties":{"tipo":"Edificação (CAD 2025)"},"geometry":{"type":"LineString","coordinates":[[-46.303828,-23.777926,0.0],[-46.303869,-23.777936,0.0],[-46.303881,-23.777887,0.0],[-46.30384,-23.777877,0.0],[-46.303828,-23.777926,0.0]]}},{"type":"Feature","properties":{"tipo":"Edificação (CAD 2025)"},"geometry":{"type":"LineString","coordinates":[[-46.303626,-23.777872,0.0],[-46.303812,-23.777923,0.0],[-46.303826,-23.77788,0.0],[-46.303797,-23.777873,0.0],[-46.303803,-23.777854,0.0],[-46.303818,-23.777858,0.0],[-46.303826,-23.777831,0.0],[-46.303655,-23.77778,0.0],[-46.303626,-23.777872,0.0]]}},{"type":"Feature","properties":{"tipo":"Edificação (CAD 2025)"},"geometry":{"type":"LineString","coordinates":[[-46.303804,-23.777825,0.0],[-46.303909,-23.777856,0.0],[-46.303926,-23.777797,0.0],[-46.303879,-23.777785,0.0],[-46.303875,-23.777793,0.0],[-46.303854,-23.777785,0.0],[-46.303857,-23.777777,0.0],[-46.303822,-23.777767,0.0],[-46.303804,-23.777825,0.0]]}},{"type":"Feature","properties":{"tipo":"Edificação (CAD 2025)"},"geometry":{"type":"LineString","coordinates":[[-46.304417,-23.778027,0.0],[-46.304622,-23.778028,0.0],[-46.304623,-23.777977,0.0],[-46.304418,-23.777979,0.0],[-46.304417,-23.778027,0.0]]}},{"type":"Feature","properties":{"tipo":"Edificação (CAD 2025)"},"geometry":{"type":"LineString","coordinates":[[-46.304358,-23.777979,0.0],[-46.304291,-23.777979,0.0],[-46.30429,-23.778009,0.0],[-46.304357,-23.778011,0.0],[-46.304358,-23.777979,0.0]]}},{"type":"Feature","properties":{"tipo":"Edificação (CAD 2025)"},"geometry":{"type":"LineString","coordinates":[[-46.303925,-23.777919,0.0],[-46.303899,-23.778005,0.0],[-46.303995,-23.778028,0.0],[-46.304022,-23.777943,0.0],[-46.303925,-23.777919,0.0]]}},{"type":"Feature","properties":{"tipo":"Edificação (CAD 2025)"},"geometry":{"type":"LineString","coordinates":[[-46.304151,-23.77802,0.0],[-46.304044,-23.777972,0.0],[-46.304082,-23.777895,0.0],[-46.304195,-23.777939,0.0],[-46.304151,-23.77802,0.0]]}},{"type":"Feature","properties":{"tipo":"Edificação (CAD 2025)"},"geometry":{"type":"LineString","coordinates":[[-46.304436,-23.777937,0.0],[-46.304435,-23.777966,0.0],[-46.304616,-23.777969,0.0],[-46.304617,-23.777938,0.0],[-46.304436,-23.777937,0.0]]}},{"type":"Feature","properties":{"tipo":"Edificação (CAD 2025)"},"geometry":{"type":"LineString","coordinates":[[-46.304434,-23.777886,0.0],[-46.304587,-23.777884,0.0],[-46.304586,-23.777938,0.0],[-46.304436,-23.777937,0.0],[-46.304434,-23.777886,0.0]]}},{"type":"Feature","properties":{"tipo":"Edificação (CAD 2025)"},"geometry":{"type":"LineString","coordinates":[[-46.303925,-23.777919,0.0],[-46.304015,-23.777941,0.0],[-46.304032,-23.777881,0.0],[-46.303943,-23.777859,0.0],[-46.303925,-23.777919,0.0]]}},{"type":"Feature","properties":{"tipo":"Edificação (CAD 2025)"},"geometry":{"type":"LineString","coordinates":[[-46.30421,-23.777944,0.0],[-46.304082,-23.777895,0.0],[-46.304089,-23.77788,0.0],[-46.304113,-23.777887,0.0],[-46.304139,-23.777832,0.0],[-46.304114,-23.777823,0.0],[-46.304132,-23.777793,0.0],[-46.304206,-23.777817,0.0],[-46.304202,-23.777829,0.0],[-46.30425,-23.777848,0.0],[-46.30423,-23.777882,0.0],[-46.30422,-23.777878,0.0],[-46.304205,-23.777904,0.0],[-46.304227,-23.777913,0.0],[-46.30421,-23.777944,0.0]]}},{"type":"Feature","properties":{"tipo":"Edificação (CAD 2025)"},"geometry":{"type":"LineString","coordinates":[[-46.304434,-23.777886,0.0],[-46.304655,-23.777883,0.0],[-46.304655,-23.777842,0.0],[-46.304434,-23.777844,0.0],[-46.304434,-23.777886,0.0]]}},{"type":"Feature","properties":{"tipo":"Edificação (CAD 2025)"},"geometry":{"type":"LineString","coordinates":[[-46.303943,-23.777859,0.0],[-46.304073,-23.777891,0.0],[-46.304087,-23.777863,0.0],[-46.303952,-23.77783,0.0],[-46.303943,-23.777859,0.0]]}},{"type":"Feature","properties":{"tipo":"Edificação (CAD 2025)"},"geometry":{"type":"LineString","coordinates":[[-46.304707,-23.778029,0.0],[-46.304775,-23.778028,0.0],[-46.304774,-23.777997,0.0],[-46.304707,-23.777997,0.0],[-46.304707,-23.778029,0.0]]}},{"type":"Feature","properties":{"tipo":"Edificação (CAD 2025)"},"geometry":{"type":"LineString","coordinates":[[-46.304699,-23.777976,0.0],[-46.304732,-23.777976,0.0],[-46.304734,-23.777941,0.0],[-46.3047,-23.77794,0.0],[-46.304699,-23.777976,0.0]]}},{"type":"Feature","properties":{"tipo":"Edificação (CAD 2025)"},"geometry":{"type":"LineString","coordinates":[[-46.304618,-23.777803,0.0],[-46.304653,-23.777803,0.0],[-46.304652,-23.777781,0.0],[-46.304617,-23.777781,0.0],[-46.304618,-23.777803,0.0]]}},{"type":"Feature","properties":{"tipo":"Edificação (CAD 2025)"},"geometry":{"type":"LineString","coordinates":[[-46.305258,-23.77777,0.0],[-46.305302,-23.777774,0.0],[-46.305304,-23.777754,0.0],[-46.30526,-23.777751,0.0],[-46.305258,-23.77777,0.0]]}},{"type":"Feature","properties":{"tipo":"Edificação (CAD 2025)"},"geometry":{"type":"LineString","coordinates":[[-46.304666,-23.777751,0.0],[-46.304694,-23.777751,0.0],[-46.304694,-23.777737,0.0],[-46.304666,-23.777737,0.0],[-46.304666,-23.777751,0.0]]}},{"type":"Feature","properties":{"tipo":"Edificação (CAD 2025)"},"geometry":{"type":"LineString","coordinates":[[-46.304862,-23.777753,0.0],[-46.304895,-23.777752,0.0],[-46.304895,-23.777731,0.0],[-46.304863,-23.777732,0.0],[-46.304862,-23.777753,0.0]]}},{"type":"Feature","properties":{"tipo":"Edificação (CAD 2025)"},"geometry":{"type":"LineString","coordinates":[[-46.304715,-23.777751,0.0],[-46.304862,-23.777753,0.0],[-46.304863,-23.777711,0.0],[-46.304716,-23.777706,0.0],[-46.304715,-23.777751,0.0]]}},{"type":"Feature","properties":{"tipo":"Edificação (CAD 2025)"},"geometry":{"type":"LineString","coordinates":[[-46.30481,-23.777709,0.0],[-46.30496,-23.777714,0.0],[-46.304961,-23.777687,0.0],[-46.304923,-23.777686,0.0],[-46.304923,-23.777676,0.0],[-46.304812,-23.777672,0.0],[-46.30481,-23.777709,0.0]]}},{"type":"Feature","properties":{"tipo":"Edificação (CAD 2025)"},"geometry":{"type":"LineString","coordinates":[[-46.304678,-23.777669,0.0],[-46.304437,-23.777664,0.0],[-46.304436,-23.777694,0.0],[-46.304575,-23.777697,0.0],[-46.304575,-23.777704,0.0],[-46.304677,-23.777704,0.0],[-46.304678,-23.777669,0.0]]}},{"type":"Feature","properties":{"tipo":"Edificação (CAD 2025)"},"geometry":{"type":"LineString","coordinates":[[-46.304969,-23.77764,0.0],[-46.305094,-23.777626,0.0],[-46.305092,-23.777608,0.0],[-46.304966,-23.777622,0.0],[-46.304969,-23.77764,0.0]]}},{"type":"Feature","properties":{"tipo":"Edificação (CAD 2025)"},"geometry":{"type":"LineString","coordinates":[[-46.304389,-23.777844,0.0],[-46.304655,-23.777842,0.0],[-46.304653,-23.777803,0.0],[-46.304387,-23.777804,0.0],[-46.304389,-23.777844,0.0]]}},{"type":"Feature","properties":{"tipo":"Edificação (CAD 2025)"},"geometry":{"type":"LineString","coordinates":[[-46.303952,-23.77783,0.0],[-46.304049,-23.777854,0.0],[-46.304062,-23.777812,0.0],[-46.30409,-23.777818,0.0],[-46.304097,-23.777794,0.0],[-46.303977,-23.777763,0.0],[-46.303952,-23.77783,0.0]]}},{"type":"Feature","properties":{"tipo":"Edificação (CAD 2025)"},"geometry":{"type":"LineString","coordinates":[[-46.304161,-23.777802,0.0],[-46.304198,-23.777814,0.0],[-46.304205,-23.777796,0.0],[-46.304168,-23.777784,0.0],[-46.304161,-23.777802,0.0]]}},{"type":"Feature","properties":{"tipo":"Edificação (CAD 2025)"},"geometry":{"type":"LineString","coordinates":[[-46.304434,-23.777803,0.0],[-46.30461,-23.777803,0.0],[-46.30461,-23.777776,0.0],[-46.30459,-23.777776,0.0],[-46.30459,-23.77776,0.0],[-46.304433,-23.77776,0.0],[-46.304434,-23.777803,0.0]]}},{"type":"Feature","properties":{"tipo":"Edificação (CAD 2025)"},"geometry":{"type":"LineString","coordinates":[[-46.30427,-23.777747,0.0],[-46.3042,-23.777731,0.0],[-46.30419,-23.777759,0.0],[-46.304264,-23.777774,0.0],[-46.30427,-23.777747,0.0]]}},{"type":"Feature","properties":{"tipo":"Edificação (CAD 2025)"},"geometry":{"type":"LineString","coordinates":[[-46.304153,-23.777763,0.0],[-46.30417,-23.777724,0.0],[-46.30414,-23.777715,0.0],[-46.304127,-23.777755,0.0],[-46.304153,-23.777763,0.0]]}},{"type":"Feature","properties":{"tipo":"Edificação (CAD 2025)"},"geometry":{"type":"LineString","coordinates":[[-46.303977,-23.777763,0.0],[-46.304091,-23.777792,0.0],[-46.304099,-23.777768,0.0],[-46.304085,-23.777765,0.0],[-46.304099,-23.77772,0.0],[-46.304121,-23.777725,0.0],[-46.304126,-23.77771,0.0],[-46.304009,-23.77768,0.0],[-46.303977,-23.777763,0.0]]}},{"type":"Feature","properties":{"tipo":"Edificação (CAD 2025)"},"geometry":{"type":"LineString","coordinates":[[-46.304436,-23.777751,0.0],[-46.304666,-23.777751,0.0],[-46.304667,-23.777704,0.0],[-46.304556,-23.777704,0.0],[-46.304556,-23.777715,0.0],[-46.304435,-23.777714,0.0],[-46.304436,-23.777751,0.0]]}},{"type":"Feature","properties":{"tipo":"Edificação (CAD 2025)"},"geometry":{"type":"LineString","coordinates":[[-46.304437,-23.777664,0.0],[-46.30463,-23.777668,0.0],[-46.30463,-23.77765,0.0],[-46.304611,-23.777649,0.0],[-46.304611,-23.777636,0.0],[-46.304438,-23.777633,0.0],[-46.304437,-23.777664,0.0]]}},{"type":"Feature","properties":{"tipo":"Edificação (CAD 2025)"},"geometry":{"type":"LineString","coordinates":[[-46.304015,-23.777633,0.0],[-46.304101,-23.77765,0.0],[-46.304111,-23.777618,0.0],[-46.304025,-23.7776,0.0],[-46.304015,-23.777633,0.0]]}},{"type":"Feature","properties":{"tipo":"Edificação (CAD 2025)"},"geometry":{"type":"LineString","coordinates":[[-46.303349,-23.777756,0.0],[-46.303347,-23.777851,0.0],[-46.3034,-23.777852,0.0],[-46.303403,-23.777758,0.0],[-46.303349,-23.777756,0.0]]}},{"type":"Feature","properties":{"tipo":"Edificação (CAD 2025)"},"geometry":{"type":"LineString","coordinates":[[-46.303054,-23.777795,0.0],[-46.303047,-23.777755,0.0],[-46.30302,-23.77776,0.0],[-46.303027,-23.777799,0.0],[-46.303054,-23.777795,0.0]]}},{"type":"Feature","properties":{"tipo":"Edificação (CAD 2025)"},"geometry":{"type":"LineString","coordinates":[[-46.303655,-23.77778,0.0],[-46.303795,-23.777822,0.0],[-46.303816,-23.777761,0.0],[-46.303676,-23.777719,0.0],[-46.303655,-23.77778,0.0]]}},{"type":"Feature","properties":{"tipo":"Edificação (CAD 2025)"},"geometry":{"type":"LineString","coordinates":[[-46.303879,-23.777785,0.0],[-46.303926,-23.777797,0.0],[-46.303944,-23.777741,0.0],[-46.303905,-23.777729,0.0],[-46.303897,-23.777754,0.0],[-46.303889,-23.777751,0.0],[-46.303879,-23.777785,0.0]]}},{"type":"Feature","properties":{"tipo":"Edificação (CAD 2025)"},"geometry":{"type":"LineString","coordinates":[[-46.303684,-23.777721,0.0],[-46.303768,-23.777746,0.0],[-46.303772,-23.777735,0.0],[-46.303815,-23.777748,0.0],[-46.303824,-23.777723,0.0],[-46.303796,-23.777714,0.0],[-46.303802,-23.777698,0.0],[-46.303775,-23.77769,0.0],[-46.303767,-23.77771,0.0],[-46.303737,-23.777701,0.0],[-46.303744,-23.77768,0.0],[-46.303704,-23.777668,0.0],[-46.303684,-23.777721,0.0]]}},{"type":"Feature","properties":{"tipo":"Edificação (CAD 2025)"},"geometry":{"type":"LineString","coordinates":[[-46.303698,-23.777666,0.0],[-46.303811,-23.777701,0.0],[-46.303819,-23.777683,0.0],[-46.303841,-23.777689,0.0],[-46.30385,-23.777663,0.0],[-46.303828,-23.777656,0.0],[-46.303834,-23.777641,0.0],[-46.303847,-23.777645,0.0],[-46.303855,-23.777622,0.0],[-46.303831,-23.777615,0.0],[-46.303839,-23.777583,0.0],[-46.303734,-23.777559,0.0],[-46.303698,-23.777666,0.0]]}},{"type":"Feature","properties":{"tipo":"Edificação (CAD 2025)"},"geometry":{"type":"LineString","coordinates":[[-46.303734,-23.777559,0.0],[-46.303839,-23.777583,0.0],[-46.303831,-23.777616,0.0],[-46.303891,-23.777628,0.0],[-46.303893,-23.777616,0.0],[-46.303914,-23.77762,0.0],[-46.303922,-23.777582,0.0],[-46.303971,-23.777591,0.0],[-46.303981,-23.777552,0.0],[-46.303755,-23.777496,0.0],[-46.303734,-23.777559,0.0]]}},{"type":"Feature","properties":{"tipo":"Edificação (CAD 2025)"},"geometry":{"type":"LineString","coordinates":[[-46.302858,-23.777519,0.0],[-46.302871,-23.777451,0.0],[-46.302815,-23.777442,0.0],[-46.302802,-23.777511,0.0],[-46.302858,-23.777519,0.0]]}},{"type":"Feature","properties":{"tipo":"Edificação (CAD 2025)"},"geometry":{"type":"LineString","coordinates":[[-46.303755,-23.777496,0.0],[-46.303934,-23.77754,0.0],[-46.303941,-23.777513,0.0],[-46.303925,-23.77751,0.0],[-46.30393,-23.777487,0.0],[-46.303946,-23.77749,0.0],[-46.303958,-23.777445,0.0],[-46.303787,-23.777409,0.0],[-46.303755,-23.777496,0.0]]}},{"type":"Feature","properties":{"tipo":"Edificação (CAD 2025)"},"geometry":{"type":"LineString","coordinates":[[-46.303407,-23.777476,0.0],[-46.303456,-23.777486,0.0],[-46.303467,-23.777444,0.0],[-46.303418,-23.777434,0.0],[-46.303407,-23.777476,0.0]]}},{"type":"Feature","properties":{"tipo":"Edificação (CAD 2025)"},"geometry":{"type":"LineString","coordinates":[[-46.304161,-23.777663,0.0],[-46.304173,-23.777635,0.0],[-46.304164,-23.777632,0.0],[-46.304173,-23.777598,0.0],[-46.30412,-23.777585,0.0],[-46.304101,-23.77765,0.0],[-46.304161,-23.777663,0.0]]}},{"type":"Feature","properties":{"tipo":"Edificação (CAD 2025)"},"geometry":{"type":"LineString","coordinates":[[-46.304441,-23.777605,0.0],[-46.304631,-23.777608,0.0],[-46.304631,-23.777596,0.0],[-46.304611,-23.777596,0.0],[-46.304612,-23.777582,0.0],[-46.304442,-23.77758,0.0],[-46.304441,-23.777605,0.0]]}},{"type":"Feature","properties":{"tipo":"Edificação (CAD 2025)"},"geometry":{"type":"LineString","coordinates":[[-46.304025,-23.7776,0.0],[-46.304111,-23.777618,0.0],[-46.30412,-23.777585,0.0],[-46.304035,-23.777564,0.0],[-46.304025,-23.7776,0.0]]}},{"type":"Feature","properties":{"tipo":"Edificação (CAD 2025)"},"geometry":{"type":"LineString","coordinates":[[-46.304035,-23.777564,0.0],[-46.304216,-23.777608,0.0],[-46.304223,-23.777524,0.0],[-46.304171,-23.77752,0.0],[-46.304168,-23.777547,0.0],[-46.304051,-23.777516,0.0],[-46.304035,-23.777564,0.0]]}},{"type":"Feature","properties":{"tipo":"Edificação (CAD 2025)"},"geometry":{"type":"LineString","coordinates":[[-46.304578,-23.777512,0.0],[-46.304443,-23.777515,0.0],[-46.304445,-23.777549,0.0],[-46.30458,-23.777544,0.0],[-46.304578,-23.777512,0.0]]}},{"type":"Feature","properties":{"tipo":"Edificação (CAD 2025)"},"geometry":{"type":"LineString","coordinates":[[-46.304054,-23.777433,0.0],[-46.304202,-23.777442,0.0],[-46.3042,-23.777464,0.0],[-46.304167,-23.777462,0.0],[-46.304164,-23.777498,0.0],[-46.304197,-23.7775,0.0],[-46.304194,-23.777522,0.0],[-46.304123,-23.777517,0.0],[-46.304122,-23.777506,0.0],[-46.304048,-23.777501,0.0],[-46.304054,-23.777433,0.0]]}},{"type":"Feature","properties":{"tipo":"Edificação (CAD 2025)"},"geometry":{"type":"LineString","coordinates":[[-46.304442,-23.777451,0.0],[-46.304628,-23.777449,0.0],[-46.304628,-23.777479,0.0],[-46.304442,-23.77748,0.0],[-46.304442,-23.777451,0.0]]}},{"type":"Feature","properties":{"tipo":"Edificação (CAD 2025)"},"geometry":{"type":"LineString","coordinates":[[-46.304442,-23.777422,0.0],[-46.3046,-23.777421,0.0],[-46.3046,-23.777449,0.0],[-46.304442,-23.777451,0.0],[-46.304442,-23.777422,0.0]]}},{"type":"Feature","properties":{"tipo":"Edificação (CAD 2025)"},"geometry":{"type":"LineString","coordinates":[[-46.303983,-23.777357,0.0],[-46.30402,-23.777359,0.0],[-46.304018,-23.777458,0.0],[-46.303982,-23.77745,0.0],[-46.303983,-23.777357,0.0]]}},{"type":"Feature","properties":{"tipo":"Edificação (CAD 2025)"},"geometry":{"type":"LineString","coordinates":[[-46.304442,-23.777392,0.0],[-46.304547,-23.777391,0.0],[-46.304548,-23.777421,0.0],[-46.304442,-23.777422,0.0],[-46.304442,-23.777392,0.0]]}},{"type":"Feature","properties":{"tipo":"Edificação (CAD 2025)"},"geometry":{"type":"LineString","coordinates":[[-46.304438,-23.777633,0.0],[-46.3047,-23.777637,0.0],[-46.304701,-23.777608,0.0],[-46.304441,-23.777605,0.0],[-46.304438,-23.777633,0.0]]}},{"type":"Feature","properties":{"tipo":"Edificação (CAD 2025)"},"geometry":{"type":"LineString","coordinates":[[-46.304442,-23.77758,0.0],[-46.30474,-23.777583,0.0],[-46.304739,-23.777562,0.0],[-46.30472,-23.777562,0.0],[-46.304721,-23.777557,0.0],[-46.304608,-23.777557,0.0],[-46.304607,-23.777552,0.0],[-46.304443,-23.777553,0.0],[-46.304442,-23.77758,0.0]]}},{"type":"Feature","properties":{"tipo":"Edificação (CAD 2025)"},"geometry":{"type":"LineString","coordinates":[[-46.30462,-23.777551,0.0],[-46.304678,-23.777551,0.0],[-46.304678,-23.777527,0.0],[-46.30462,-23.777528,0.0],[-46.30462,-23.777551,0.0]]}},{"type":"Feature","properties":{"tipo":"Edificação (CAD 2025)"},"geometry":{"type":"LineString","coordinates":[[-46.304716,-23.77755,0.0],[-46.304741,-23.77755,0.0],[-46.30474,-23.777526,0.0],[-46.304716,-23.777527,0.0],[-46.304716,-23.77755,0.0]]}},{"type":"Feature","properties":{"tipo":"Edificação (CAD 2025)"},"geometry":{"type":"LineString","coordinates":[[-46.304443,-23.777515,0.0],[-46.304739,-23.777508,0.0],[-46.304738,-23.777478,0.0],[-46.304442,-23.77748,0.0],[-46.304443,-23.777515,0.0]]}},{"type":"Feature","properties":{"tipo":"Edificação (CAD 2025)"},"geometry":{"type":"LineString","coordinates":[[-46.304747,-23.777509,0.0],[-46.30478,-23.777508,0.0],[-46.304778,-23.777476,0.0],[-46.304746,-23.777477,0.0],[-46.304747,-23.777509,0.0]]}},{"type":"Feature","properties":{"tipo":"Edificação (CAD 2025)"},"geometry":{"type":"LineString","coordinates":[[-46.304757,-23.777477,0.0],[-46.304838,-23.777474,0.0],[-46.304837,-23.77745,0.0],[-46.304757,-23.777451,0.0],[-46.304757,-23.777477,0.0]]}},{"type":"Feature","properties":{"tipo":"Edificação (CAD 2025)"},"geometry":{"type":"LineString","coordinates":[[-46.304559,-23.777421,0.0],[-46.304694,-23.77742,0.0],[-46.304694,-23.777368,0.0],[-46.304595,-23.777369,0.0],[-46.304595,-23.77738,0.0],[-46.30456,-23.777381,0.0],[-46.304559,-23.777421,0.0]]}},{"type":"Feature","properties":{"tipo":"Edificação (CAD 2025)"},"geometry":{"type":"LineString","coordinates":[[-46.304983,-23.777408,0.0],[-46.305033,-23.777403,0.0],[-46.305025,-23.777331,0.0],[-46.304985,-23.777335,0.0],[-46.30499,-23.777379,0.0],[-46.30498,-23.77738,0.0],[-46.304983,-23.777408,0.0]]}},{"type":"Feature","properties":{"tipo":"Edificação (CAD 2025)"},"geometry":{"type":"LineString","coordinates":[[-46.304541,-23.777289,0.0],[-46.304601,-23.777288,0.0],[-46.304599,-23.777251,0.0],[-46.30454,-23.777252,0.0],[-46.304541,-23.777289,0.0]]}},{"type":"Feature","properties":{"tipo":"Edificação (CAD 2025)"},"geometry":{"type":"LineString","coordinates":[[-46.304054,-23.777433,0.0],[-46.304202,-23.777442,0.0],[-46.304208,-23.777356,0.0],[-46.304143,-23.77735,0.0],[-46.304142,-23.777364,0.0],[-46.304061,-23.77736,0.0],[-46.304054,-23.777433,0.0]]}},{"type":"Feature","properties":{"tipo":"Edificação (CAD 2025)"},"geometry":{"type":"LineString","coordinates":[[-46.304441,-23.77736,0.0],[-46.304547,-23.77736,0.0],[-46.304547,-23.777391,0.0],[-46.304442,-23.777392,0.0],[-46.304441,-23.77736,0.0]]}},{"type":"Feature","properties":{"tipo":"Edificação (CAD 2025)"},"geometry":{"type":"LineString","coordinates":[[-46.304252,-23.777426,0.0],[-46.304375,-23.777421,0.0],[-46.304373,-23.777321,0.0],[-46.30422,-23.77733,0.0],[-46.304222,-23.777421,0.0],[-46.304252,-23.777421,0.0],[-46.304252,-23.777426,0.0]]}},{"type":"Feature","properties":{"tipo":"Edificação (CAD 2025)"},"geometry":{"type":"LineString","coordinates":[[-46.304441,-23.77736,0.0],[-46.304631,-23.77736,0.0],[-46.304629,-23.77732,0.0],[-46.30444,-23.777325,0.0],[-46.304441,-23.77736,0.0]]}},{"type":"Feature","properties":{"tipo":"Edificação (CAD 2025)"},"geometry":{"type":"LineString","coordinates":[[-46.303983,-23.777357,0.0],[-46.30402,-23.777359,0.0],[-46.304024,-23.777309,0.0],[-46.303991,-23.777304,0.0],[-46.303983,-23.777357,0.0]]}},{"type":"Feature","properties":{"tipo":"Edificação (CAD 2025)"},"geometry":{"type":"LineString","coordinates":[[-46.304062,-23.777344,0.0],[-46.304221,-23.777357,0.0],[-46.30422,-23.77733,0.0],[-46.30418,-23.777327,0.0],[-46.304183,-23.777295,0.0],[-46.304068,-23.777288,0.0],[-46.304062,-23.777344,0.0]]}},{"type":"Feature","properties":{"tipo":"Edificação (CAD 2025)"},"geometry":{"type":"LineString","coordinates":[[-46.304281,-23.777312,0.0],[-46.304375,-23.777309,0.0],[-46.304376,-23.777234,0.0],[-46.304319,-23.777234,0.0],[-46.304318,-23.777267,0.0],[-46.304281,-23.777268,0.0],[-46.304282,-23.777281,0.0],[-46.304236,-23.777284,0.0],[-46.304237,-23.777303,0.0],[-46.304281,-23.777302,0.0],[-46.304281,-23.777312,0.0]]}},{"type":"Feature","properties":{"tipo":"Edificação (CAD 2025)"},"geometry":{"type":"LineString","coordinates":[[-46.304439,-23.777253,0.0],[-46.30454,-23.777252,0.0],[-46.304541,-23.777289,0.0],[-46.30444,-23.777291,0.0],[-46.304439,-23.777253,0.0]]}},{"type":"Feature","properties":{"tipo":"Edificação (CAD 2025)"},"geometry":{"type":"LineString","coordinates":[[-46.304068,-23.777288,0.0],[-46.304183,-23.777295,0.0],[-46.304186,-23.777238,0.0],[-46.304073,-23.77723,0.0],[-46.304068,-23.777288,0.0]]}},{"type":"Feature","properties":{"tipo":"Edificação (CAD 2025)"},"geometry":{"type":"LineString","coordinates":[[-46.304436,-23.777227,0.0],[-46.304437,-23.777246,0.0],[-46.304473,-23.777243,0.0],[-46.304472,-23.777225,0.0],[-46.304436,-23.777227,0.0]]}},{"type":"Feature","properties":{"tipo":"Edificação (CAD 2025)"},"geometry":{"type":"LineString","coordinates":[[-46.301899,-23.778209,0.0],[-46.302024,-23.777765,0.0],[-46.302109,-23.777785,0.0],[-46.301985,-23.778229,0.0],[-46.301899,-23.778209,0.0]]}},{"type":"Feature","properties":{"tipo":"Edificação (CAD 2025)"},"geometry":{"type":"LineString","coordinates":[[-46.301691,-23.777803,0.0],[-46.301646,-23.777643,0.0],[-46.301549,-23.777667,0.0],[-46.301558,-23.7777,0.0],[-46.301527,-23.777707,0.0],[-46.301535,-23.777735,0.0],[-46.301589,-23.777723,0.0],[-46.301597,-23.777753,0.0],[-46.301568,-23.77776,0.0],[-46.301586,-23.777827,0.0],[-46.301691,-23.777803,0.0]]}},{"type":"Feature","properties":{"tipo":"Edificação (CAD 2025)"},"geometry":{"type":"LineString","coordinates":[[-46.301626,-23.777586,0.0],[-46.301494,-23.777616,0.0],[-46.30151,-23.777676,0.0],[-46.301646,-23.777643,0.0],[-46.301644,-23.777634,0.0],[-46.301639,-23.777635,0.0],[-46.301626,-23.777586,0.0]]}},{"type":"Feature","properties":{"tipo":"Edificação (CAD 2025)"},"geometry":{"type":"LineString","coordinates":[[-46.302106,-23.777212,0.0],[-46.301956,-23.777338,0.0],[-46.301907,-23.777288,0.0],[-46.302057,-23.777162,0.0],[-46.302106,-23.777212,0.0]]}},{"type":"Feature","properties":{"tipo":"Edificação (CAD 2025)"},"geometry":{"type":"LineString","coordinates":[[-46.302339,-23.776703,0.0],[-46.301945,-23.776896,0.0],[-46.301896,-23.77681,0.0],[-46.301865,-23.776825,0.0],[-46.30186,-23.776815,0.0],[-46.301839,-23.776826,0.0],[-46.301821,-23.776795,0.0],[-46.301844,-23.776784,0.0],[-46.301841,-23.776778,0.0],[-46.302338,-23.776535,0.0]]}},{"type":"Feature","properties":{"tipo":"Edificação (CAD 2025)"},"geometry":{"type":"LineString","coordinates":[[-46.301464,-23.776724,0.0],[-46.30156,-23.776768,0.0],[-46.301604,-23.776685,0.0],[-46.301589,-23.776678,0.0],[-46.301599,-23.776661,0.0],[-46.30157,-23.776648,0.0],[-46.30156,-23.776666,0.0],[-46.301434,-23.776608,0.0],[-46.30139,-23.776689,0.0],[-46.301422,-23.776703,0.0],[-46.301412,-23.77672,0.0],[-46.301456,-23.77674,0.0],[-46.301464,-23.776724,0.0]]}},{"type":"Feature","properties":{"tipo":"Edificação (CAD 2025)"},"geometry":{"type":"LineString","coordinates":[[-46.301655,-23.776597,0.0],[-46.301489,-23.77652,0.0],[-46.301535,-23.776437,0.0],[-46.301735,-23.77653,0.0],[-46.301727,-23.776544,0.0],[-46.301756,-23.776558,0.0],[-46.301728,-23.776609,0.0],[-46.301664,-23.77658,0.0],[-46.301655,-23.776597,0.0]]}},{"type":"Feature","properties":{"tipo":"Edificação (CAD 2025)"},"geometry":{"type":"LineString","coordinates":[[-46.301945,-23.776446,0.0],[-46.301853,-23.776492,0.0],[-46.301826,-23.776446,0.0],[-46.301918,-23.7764,0.0],[-46.301945,-23.776446,0.0]]}},{"type":"Feature","properties":{"tipo":"Edificação (CAD 2025)"},"geometry":{"type":"LineString","coordinates":[[-46.30208,-23.77615,0.0],[-46.302201,-23.776424,0.0],[-46.302097,-23.776463,0.0],[-46.302012,-23.77627,0.0],[-46.302027,-23.776265,0.0],[-46.301977,-23.776153,0.0],[-46.302029,-23.776134,0.0],[-46.302031,-23.77614,0.0],[-46.302065,-23.776128,0.0],[-46.302076,-23.776151,0.0],[-46.30208,-23.77615,0.0]]}},{"type":"Feature","properties":{"tipo":"Edificação (CAD 2025)"},"geometry":{"type":"LineString","coordinates":[[-46.302223,-23.776237,0.0],[-46.302249,-23.776344,0.0],[-46.30236,-23.77632,0.0],[-46.302332,-23.776215,0.0],[-46.302223,-23.776237,0.0]]}},{"type":"Feature","properties":{"tipo":"Edificação (CAD 2025)"},"geometry":{"type":"LineString","coordinates":[[-46.304433,-23.777197,0.0],[-46.304536,-23.77719,0.0],[-46.304538,-23.777222,0.0],[-46.304436,-23.777227,0.0],[-46.304433,-23.777197,0.0]]}},{"type":"Feature","properties":{"tipo":"Edificação (CAD 2025)"},"geometry":{"type":"LineString","coordinates":[[-46.304156,-23.777235,0.0],[-46.304198,-23.777238,0.0],[-46.304194,-23.777171,0.0],[-46.304166,-23.777171,0.0],[-46.304164,-23.777217,0.0],[-46.304154,-23.777217,0.0],[-46.304156,-23.777235,0.0]]}},{"type":"Feature","properties":{"tipo":"Edificação (CAD 2025)"},"geometry":{"type":"LineString","coordinates":[[-46.303876,-23.777253,0.0],[-46.303986,-23.777271,0.0],[-46.304006,-23.777141,0.0],[-46.303913,-23.777137,0.0],[-46.303876,-23.777253,0.0]]}},{"type":"Feature","properties":{"tipo":"Edificação (CAD 2025)"},"geometry":{"type":"LineString","coordinates":[[-46.304339,-23.777234,0.0],[-46.304337,-23.777177,0.0],[-46.304309,-23.777177,0.0],[-46.304308,-23.777162,0.0],[-46.304267,-23.777161,0.0],[-46.304267,-23.77717,0.0],[-46.304236,-23.77717,0.0],[-46.304236,-23.777235,0.0],[-46.304339,-23.777234,0.0]]}},{"type":"Feature","properties":{"tipo":"Edificação (CAD 2025)"},"geometry":{"type":"LineString","coordinates":[[-46.304129,-23.77717,0.0],[-46.304081,-23.777168,0.0],[-46.304079,-23.777225,0.0],[-46.304127,-23.777226,0.0],[-46.304129,-23.77717,0.0]]}},{"type":"Feature","properties":{"tipo":"Edificação (CAD 2025)"},"geometry":{"type":"LineString","coordinates":[[-46.304431,-23.777161,0.0],[-46.304552,-23.777154,0.0],[-46.304554,-23.777189,0.0],[-46.304433,-23.777197,0.0],[-46.304431,-23.777161,0.0]]}},{"type":"Feature","properties":{"tipo":"Edificação (CAD 2025)"},"geometry":{"type":"LineString","coordinates":[[-46.304536,-23.777155,0.0],[-46.304571,-23.777153,0.0],[-46.30457,-23.777137,0.0],[-46.304562,-23.777137,0.0],[-46.304561,-23.77711,0.0],[-46.304533,-23.777111,0.0],[-46.304536,-23.777155,0.0]]}},{"type":"Feature","properties":{"tipo":"Edificação (CAD 2025)"},"geometry":{"type":"LineString","coordinates":[[-46.304431,-23.777161,0.0],[-46.304519,-23.777156,0.0],[-46.304516,-23.777096,0.0],[-46.30443,-23.777099,0.0],[-46.304431,-23.777161,0.0]]}},{"type":"Feature","properties":{"tipo":"Edificação (CAD 2025)"},"geometry":{"type":"LineString","coordinates":[[-46.304262,-23.777066,0.0],[-46.304254,-23.777119,0.0],[-46.304386,-23.777131,0.0],[-46.304386,-23.777115,0.0],[-46.30443,-23.777099,0.0],[-46.304438,-23.77708,0.0],[-46.304262,-23.777066,0.0]]}},{"type":"Feature","properties":{"tipo":"Edificação (CAD 2025)"},"geometry":{"type":"LineString","coordinates":[[-46.304266,-23.777035,0.0],[-46.304405,-23.777045,0.0],[-46.304408,-23.777023,0.0],[-46.304442,-23.777024,0.0],[-46.304441,-23.777049,0.0],[-46.304465,-23.777051,0.0],[-46.304463,-23.777082,0.0],[-46.304262,-23.777066,0.0],[-46.304266,-23.777035,0.0]]}},{"type":"Feature","properties":{"tipo":"Edificação (CAD 2025)"},"geometry":{"type":"LineString","coordinates":[[-46.301364,-23.776939,0.0],[-46.301541,-23.776852,0.0],[-46.301584,-23.776926,0.0],[-46.301406,-23.777013,0.0],[-46.301364,-23.776939,0.0]]}},{"type":"Feature","properties":{"tipo":"Edificação (CAD 2025)"},"geometry":{"type":"LineString","coordinates":[[-46.300663,-23.776939,0.0],[-46.300703,-23.77693,0.0],[-46.300693,-23.776897,0.0],[-46.300653,-23.776906,0.0],[-46.300663,-23.776939,0.0]]}},{"type":"Feature","properties":{"tipo":"Edificação (CAD 2025)"},"geometry":{"type":"LineString","coordinates":[[-46.300853,-23.776894,0.0],[-46.300813,-23.776904,0.0],[-46.300804,-23.77687,0.0],[-46.300843,-23.776861,0.0],[-46.300853,-23.776894,0.0]]}},{"type":"Feature","properties":{"tipo":"Edificação (CAD 2025)"},"geometry":{"type":"LineString","coordinates":[[-46.300853,-23.776894,0.0],[-46.300893,-23.776885,0.0],[-46.300883,-23.776851,0.0],[-46.300843,-23.776861,0.0],[-46.300853,-23.776894,0.0]]}},{"type":"Feature","properties":{"tipo":"Edificação (CAD 2025)"},"geometry":{"type":"LineString","coordinates":[[-46.301136,-23.77684,0.0],[-46.301106,-23.776847,0.0],[-46.301099,-23.776822,0.0],[-46.301129,-23.776815,0.0],[-46.301136,-23.77684,0.0]]}},{"type":"Feature","properties":{"tipo":"Edificação (CAD 2025)"},"geometry":{"type":"LineString","coordinates":[[-46.301136,-23.77684,0.0],[-46.301166,-23.776833,0.0],[-46.301159,-23.776808,0.0],[-46.301129,-23.776815,0.0],[-46.301136,-23.77684,0.0]]}},{"type":"Feature","properties":{"tipo":"Edificação (CAD 2025)"},"geometry":{"type":"LineString","coordinates":[[-46.300647,-23.776885,0.0],[-46.300601,-23.776721,0.0],[-46.300553,-23.776732,0.0],[-46.300575,-23.776809,0.0],[-46.300587,-23.776806,0.0],[-46.300601,-23.776857,0.0],[-46.300607,-23.776855,0.0],[-46.300617,-23.776892,0.0],[-46.300647,-23.776885,0.0]]}},{"type":"Feature","properties":{"tipo":"Edificação (CAD 2025)"},"geometry":{"type":"LineString","coordinates":[[-46.300637,-23.776849,0.0],[-46.300601,-23.776721,0.0],[-46.300653,-23.776709,0.0],[-46.300675,-23.776787,0.0],[-46.300667,-23.776788,0.0],[-46.300682,-23.776839,0.0],[-46.300637,-23.776849,0.0]]}},{"type":"Feature","properties":{"tipo":"Edificação (CAD 2025)"},"geometry":{"type":"LineString","coordinates":[[-46.300833,-23.776824,0.0],[-46.300791,-23.776676,0.0],[-46.300739,-23.776688,0.0],[-46.300762,-23.776768,0.0],[-46.300769,-23.776766,0.0],[-46.300783,-23.776815,0.0],[-46.300793,-23.776812,0.0],[-46.300799,-23.776832,0.0],[-46.300833,-23.776824,0.0]]}},{"type":"Feature","properties":{"tipo":"Edificação (CAD 2025)"},"geometry":{"type":"LineString","coordinates":[[-46.300833,-23.776824,0.0],[-46.300791,-23.776676,0.0],[-46.300843,-23.776663,0.0],[-46.300866,-23.776743,0.0],[-46.300858,-23.776745,0.0],[-46.300872,-23.776794,0.0],[-46.300862,-23.776796,0.0],[-46.300867,-23.776815,0.0],[-46.300833,-23.776824,0.0]]}},{"type":"Feature","properties":{"tipo":"Edificação (CAD 2025)"},"geometry":{"type":"LineString","coordinates":[[-46.300184,-23.777054,0.0],[-46.300253,-23.777037,0.0],[-46.300246,-23.777013,0.0],[-46.300177,-23.777029,0.0],[-46.300184,-23.777054,0.0]]}},{"type":"Feature","properties":{"tipo":"Edificação (CAD 2025)"},"geometry":{"type":"LineString","coordinates":[[-46.300085,-23.777061,0.0],[-46.300072,-23.777015,0.0],[-46.300106,-23.777007,0.0],[-46.300103,-23.776995,0.0],[-46.300131,-23.776988,0.0],[-46.300145,-23.777037,0.0],[-46.300171,-23.777031,0.0],[-46.300178,-23.777055,0.0],[-46.300127,-23.777067,0.0],[-46.300123,-23.777052,0.0],[-46.300085,-23.777061,0.0]]}},{"type":"Feature","properties":{"tipo":"Edificação (CAD 2025)"},"geometry":{"type":"LineString","coordinates":[[-46.300378,-23.777007,0.0],[-46.300418,-23.776998,0.0],[-46.300408,-23.776965,0.0],[-46.300368,-23.776974,0.0],[-46.300378,-23.777007,0.0]]}},{"type":"Feature","properties":{"tipo":"Edificação (CAD 2025)"},"geometry":{"type":"LineString","coordinates":[[-46.30006,-23.77693,0.0],[-46.300038,-23.776855,0.0],[-46.300123,-23.776835,0.0],[-46.300142,-23.776905,0.0],[-46.300115,-23.776911,0.0],[-46.300121,-23.776931,0.0],[-46.300134,-23.776927,0.0],[-46.300144,-23.776962,0.0],[-46.300136,-23.776964,0.0],[-46.300138,-23.776972,0.0],[-46.300086,-23.776985,0.0],[-46.30007,-23.776928,0.0],[-46.30006,-23.77693,0.0]]}},{"type":"Feature","properties":{"tipo":"Edificação (CAD 2025)"},"geometry":{"type":"LineString","coordinates":[[-46.300201,-23.776816,0.0],[-46.300223,-23.776892,0.0],[-46.300214,-23.776894,0.0],[-46.30023,-23.77695,0.0],[-46.300179,-23.776963,0.0],[-46.300161,-23.776901,0.0],[-46.300142,-23.776905,0.0],[-46.300123,-23.776835,0.0],[-46.300201,-23.776816,0.0]]}},{"type":"Feature","properties":{"tipo":"Edificação (CAD 2025)"},"geometry":{"type":"LineString","coordinates":[[-46.300466,-23.77696,0.0],[-46.300411,-23.776766,0.0],[-46.300363,-23.776778,0.0],[-46.300385,-23.776854,0.0],[-46.300395,-23.776852,0.0],[-46.30041,-23.776902,0.0],[-46.300416,-23.776901,0.0],[-46.300442,-23.776992,0.0],[-46.300466,-23.776986,0.0],[-46.300459,-23.776961,0.0],[-46.300466,-23.77696,0.0]]}},{"type":"Feature","properties":{"tipo":"Edificação (CAD 2025)"},"geometry":{"type":"LineString","coordinates":[[-46.300457,-23.776928,0.0],[-46.300411,-23.776766,0.0],[-46.300462,-23.776754,0.0],[-46.300496,-23.776873,0.0],[-46.300485,-23.776876,0.0],[-46.300488,-23.776885,0.0],[-46.30048,-23.776887,0.0],[-46.30049,-23.77692,0.0],[-46.300457,-23.776928,0.0]]}},{"type":"Feature","properties":{"tipo":"Edificação (CAD 2025)"},"geometry":{"type":"LineString","coordinates":[[-46.300101,-23.77656,0.0],[-46.300104,-23.776582,0.0],[-46.300089,-23.776602,0.0]]}},{"type":"Feature","properties":{"tipo":"Edificação (CAD 2025)"},"geometry":{"type":"LineString","coordinates":[[-46.300362,-23.776591,0.0],[-46.300319,-23.776439,0.0],[-46.300287,-23.776447,0.0],[-46.300294,-23.776472,0.0],[-46.300286,-23.776474,0.0],[-46.300301,-23.776528,0.0],[-46.300292,-23.77653,0.0],[-46.300312,-23.776603,0.0],[-46.300362,-23.776591,0.0]]}},{"type":"Feature","properties":{"tipo":"Edificação (CAD 2025)"},"geometry":{"type":"LineString","coordinates":[[-46.300394,-23.776502,0.0],[-46.300415,-23.776578,0.0],[-46.300362,-23.776591,0.0],[-46.300319,-23.776439,0.0],[-46.300353,-23.776431,0.0],[-46.30036,-23.776455,0.0],[-46.30037,-23.776452,0.0],[-46.300384,-23.776505,0.0],[-46.300394,-23.776502,0.0]]}},{"type":"Feature","properties":{"tipo":"Edificação (CAD 2025)"},"geometry":{"type":"LineString","coordinates":[[-46.299899,-23.777122,0.0],[-46.299884,-23.777068,0.0],[-46.299946,-23.777053,0.0],[-46.299954,-23.777079,0.0],[-46.299986,-23.777071,0.0],[-46.299994,-23.777099,0.0],[-46.299899,-23.777122,0.0]]}},{"type":"Feature","properties":{"tipo":"Edificação (CAD 2025)"},"geometry":{"type":"LineString","coordinates":[[-46.300077,-23.777079,0.0],[-46.300063,-23.777029,0.0],[-46.300029,-23.777037,0.0],[-46.300036,-23.777059,0.0],[-46.300015,-23.777064,0.0],[-46.300018,-23.777075,0.0],[-46.299989,-23.777082,0.0],[-46.299994,-23.777099,0.0],[-46.300077,-23.777079,0.0]]}},{"type":"Feature","properties":{"tipo":"Edificação (CAD 2025)"},"geometry":{"type":"LineString","coordinates":[[-46.299779,-23.777054,0.0],[-46.299743,-23.776926,0.0],[-46.299661,-23.776945,0.0],[-46.299681,-23.777023,0.0],[-46.299694,-23.77702,0.0],[-46.299709,-23.777077,0.0],[-46.299767,-23.777064,0.0],[-46.299765,-23.777057,0.0],[-46.299779,-23.777054,0.0]]}},{"type":"Feature","properties":{"tipo":"Edificação (CAD 2025)"},"geometry":{"type":"LineString","coordinates":[[-46.299743,-23.776926,0.0],[-46.299763,-23.776999,0.0],[-46.299791,-23.776993,0.0],[-46.299808,-23.777054,0.0],[-46.299856,-23.777043,0.0],[-46.29984,-23.776987,0.0],[-46.299849,-23.776985,0.0],[-46.299827,-23.776906,0.0],[-46.299743,-23.776926,0.0]]}},{"type":"Feature","properties":{"tipo":"Edificação (CAD 2025)"},"geometry":{"type":"LineString","coordinates":[[-46.299972,-23.777022,0.0],[-46.299933,-23.776881,0.0],[-46.299853,-23.7769,0.0],[-46.299874,-23.776974,0.0],[-46.299883,-23.776971,0.0],[-46.299899,-23.777028,0.0],[-46.299932,-23.77702,0.0],[-46.299935,-23.777031,0.0],[-46.299972,-23.777022,0.0]]}},{"type":"Feature","properties":{"tipo":"Edificação (CAD 2025)"},"geometry":{"type":"LineString","coordinates":[[-46.300037,-23.776936,0.0],[-46.300016,-23.776861,0.0],[-46.299933,-23.776881,0.0],[-46.299952,-23.776952,0.0],[-46.29998,-23.776944,0.0],[-46.299997,-23.777005,0.0],[-46.300043,-23.776994,0.0],[-46.300027,-23.776938,0.0],[-46.300037,-23.776936,0.0]]}},{"type":"Feature","properties":{"tipo":"Edificação (CAD 2025)"},"geometry":{"type":"LineString","coordinates":[[-46.300089,-23.776602,0.0],[-46.300078,-23.776607,0.0],[-46.300085,-23.776634,0.0],[-46.30006,-23.77664,0.0],[-46.300066,-23.776667,0.0],[-46.299999,-23.776682,0.0]]}},{"type":"Feature","properties":{"tipo":"Edificação (CAD 2025)"},"geometry":{"type":"LineString","coordinates":[[-46.299917,-23.776474,0.0],[-46.299977,-23.776689,0.0],[-46.299898,-23.776708,0.0],[-46.299826,-23.776451,0.0],[-46.299905,-23.776432,0.0],[-46.299908,-23.776444,0.0],[-46.299932,-23.776438,0.0],[-46.29994,-23.776468,0.0],[-46.299917,-23.776474,0.0]]}},{"type":"Feature","properties":{"tipo":"Edificação (CAD 2025)"},"geometry":{"type":"LineString","coordinates":[[-46.299999,-23.776682,0.0],[-46.299872,-23.776219,0.0],[-46.299938,-23.776204,0.0],[-46.299944,-23.776226,0.0],[-46.299972,-23.77622,0.0],[-46.29998,-23.776249,0.0]]}},{"type":"Feature","properties":{"tipo":"Edificação (CAD 2025)"},"geometry":{"type":"LineString","coordinates":[[-46.299784,-23.776465,0.0],[-46.299718,-23.776234,0.0],[-46.299538,-23.776277,0.0],[-46.299562,-23.776361,0.0],[-46.299531,-23.776369,0.0],[-46.299576,-23.776528,0.0],[-46.299606,-23.776521,0.0],[-46.299631,-23.776609,0.0],[-46.299812,-23.776566,0.0],[-46.299794,-23.776503,0.0],[-46.29982,-23.776497,0.0],[-46.299809,-23.776459,0.0],[-46.299784,-23.776465,0.0]]}},{"type":"Feature","properties":{"tipo":"Edificação (CAD 2025)"},"geometry":{"type":"LineString","coordinates":[[-46.301113,-23.776757,0.0],[-46.301071,-23.776609,0.0],[-46.301019,-23.776621,0.0],[-46.301042,-23.776701,0.0],[-46.301049,-23.7767,0.0],[-46.301063,-23.776748,0.0],[-46.301073,-23.776746,0.0],[-46.301078,-23.776765,0.0],[-46.301113,-23.776757,0.0]]}},{"type":"Feature","properties":{"tipo":"Edificação (CAD 2025)"},"geometry":{"type":"LineString","coordinates":[[-46.301113,-23.776757,0.0],[-46.301071,-23.776609,0.0],[-46.301123,-23.776597,0.0],[-46.301146,-23.776677,0.0],[-46.301138,-23.776678,0.0],[-46.301152,-23.776727,0.0],[-46.301142,-23.776729,0.0],[-46.301147,-23.776749,0.0],[-46.301113,-23.776757,0.0]]}},{"type":"Feature","properties":{"tipo":"Edificação (CAD 2025)"},"geometry":{"type":"LineString","coordinates":[[-46.300588,-23.776456,0.0],[-46.300609,-23.776532,0.0],[-46.300552,-23.776545,0.0],[-46.300516,-23.776418,0.0],[-46.300563,-23.776407,0.0],[-46.300577,-23.776458,0.0],[-46.300588,-23.776456,0.0]]}},{"type":"Feature","properties":{"tipo":"Edificação (CAD 2025)"},"geometry":{"type":"LineString","coordinates":[[-46.300666,-23.776435,0.0],[-46.300687,-23.776513,0.0],[-46.300742,-23.7765,0.0],[-46.3007,-23.776351,0.0],[-46.300668,-23.776358,0.0],[-46.300674,-23.77638,0.0],[-46.300662,-23.776383,0.0],[-46.300676,-23.776433,0.0],[-46.300666,-23.776435,0.0]]}},{"type":"Feature","properties":{"tipo":"Edificação (CAD 2025)"},"geometry":{"type":"LineString","coordinates":[[-46.300774,-23.77641,0.0],[-46.300796,-23.776487,0.0],[-46.300742,-23.7765,0.0],[-46.3007,-23.776351,0.0],[-46.300732,-23.776343,0.0],[-46.300738,-23.776365,0.0],[-46.30075,-23.776362,0.0],[-46.300764,-23.776412,0.0],[-46.300774,-23.77641,0.0]]}},{"type":"Feature","properties":{"tipo":"Edificação (CAD 2025)"},"geometry":{"type":"LineString","coordinates":[[-46.301185,-23.776328,0.0],[-46.301206,-23.776401,0.0],[-46.301329,-23.776371,0.0],[-46.301308,-23.776298,0.0],[-46.301185,-23.776328,0.0]]}},{"type":"Feature","properties":{"tipo":"Edificação (CAD 2025)"},"geometry":{"type":"LineString","coordinates":[[-46.301107,-23.776198,0.0],[-46.301163,-23.776394,0.0],[-46.301167,-23.776393,0.0],[-46.301182,-23.776444,0.0],[-46.301121,-23.776459,0.0],[-46.301115,-23.776438,0.0],[-46.300978,-23.77647,0.0],[-46.300935,-23.776316,0.0],[-46.30096,-23.77631,0.0],[-46.300953,-23.776284,0.0],[-46.301004,-23.776272,0.0],[-46.301011,-23.776298,0.0],[-46.301038,-23.776292,0.0],[-46.301017,-23.77622,0.0],[-46.301107,-23.776198,0.0]]}},{"type":"Feature","properties":{"tipo":"Edificação (CAD 2025)"},"geometry":{"type":"LineString","coordinates":[[-46.300779,-23.776273,0.0],[-46.300795,-23.77633,0.0],[-46.300758,-23.776339,0.0],[-46.300741,-23.776283,0.0],[-46.300779,-23.776273,0.0]]}},{"type":"Feature","properties":{"tipo":"Edificação (CAD 2025)"},"geometry":{"type":"LineString","coordinates":[[-46.301308,-23.776298,0.0],[-46.301293,-23.776244,0.0],[-46.30128,-23.776248,0.0],[-46.301276,-23.776234,0.0],[-46.301232,-23.776244,0.0],[-46.301236,-23.776258,0.0],[-46.30117,-23.776274,0.0],[-46.301185,-23.776328,0.0],[-46.301308,-23.776298,0.0]]}},{"type":"Feature","properties":{"tipo":"Edificação (CAD 2025)"},"geometry":{"type":"LineString","coordinates":[[-46.300617,-23.776228,0.0],[-46.300577,-23.776238,0.0],[-46.300568,-23.776205,0.0],[-46.300607,-23.776195,0.0],[-46.300617,-23.776228,0.0]]}},{"type":"Feature","properties":{"tipo":"Edificação (CAD 2025)"},"geometry":{"type":"LineString","coordinates":[[-46.300473,-23.776483,0.0],[-46.300495,-23.776559,0.0],[-46.300552,-23.776545,0.0],[-46.300516,-23.776418,0.0],[-46.300469,-23.776429,0.0],[-46.300484,-23.776481,0.0],[-46.300473,-23.776483,0.0]]}},{"type":"Feature","properties":{"tipo":"Edificação (CAD 2025)"},"geometry":{"type":"LineString","coordinates":[[-46.300007,-23.776256,0.0],[-46.300023,-23.776283,0.0],[-46.300032,-23.776281,0.0],[-46.300064,-23.776397,0.0],[-46.300056,-23.776399,0.0],[-46.30007,-23.77645,0.0],[-46.300078,-23.776448,0.0],[-46.300109,-23.776559,0.0],[-46.300101,-23.77656,0.0]]}},{"type":"Feature","properties":{"tipo":"Edificação (CAD 2025)"},"geometry":{"type":"LineString","coordinates":[[-46.300492,-23.776333,0.0],[-46.300452,-23.776343,0.0],[-46.300462,-23.776376,0.0],[-46.300501,-23.776366,0.0],[-46.300492,-23.776333,0.0]]}},{"type":"Feature","properties":{"tipo":"Edificação (CAD 2025)"},"geometry":{"type":"LineString","coordinates":[[-46.300532,-23.776324,0.0],[-46.300492,-23.776333,0.0],[-46.300501,-23.776366,0.0],[-46.300541,-23.776357,0.0],[-46.300532,-23.776324,0.0]]}},{"type":"Feature","properties":{"tipo":"Edificação (CAD 2025)"},"geometry":{"type":"LineString","coordinates":[[-46.30029,-23.776336,0.0],[-46.30025,-23.776345,0.0],[-46.300241,-23.776312,0.0],[-46.300281,-23.776302,0.0],[-46.30029,-23.776336,0.0]]}},{"type":"Feature","properties":{"tipo":"Edificação (CAD 2025)"},"geometry":{"type":"LineString","coordinates":[[-46.30029,-23.776336,0.0],[-46.30033,-23.776326,0.0],[-46.300321,-23.776293,0.0],[-46.300281,-23.776302,0.0],[-46.30029,-23.776336,0.0]]}},{"type":"Feature","properties":{"tipo":"Edificação (CAD 2025)"},"geometry":{"type":"LineString","coordinates":[[-46.30048,-23.77629,0.0],[-46.30044,-23.7763,0.0],[-46.300431,-23.776266,0.0],[-46.300471,-23.776257,0.0],[-46.30048,-23.77629,0.0]]}},{"type":"Feature","properties":{"tipo":"Edificação (CAD 2025)"},"geometry":{"type":"LineString","coordinates":[[-46.300573,-23.776259,0.0],[-46.300557,-23.776202,0.0],[-46.300519,-23.776211,0.0],[-46.300535,-23.776268,0.0],[-46.300573,-23.776259,0.0]]}},{"type":"Feature","properties":{"tipo":"Edificação (CAD 2025)"},"geometry":{"type":"LineString","coordinates":[[-46.30023,-23.776123,0.0],[-46.300273,-23.776275,0.0],[-46.300241,-23.776283,0.0],[-46.300234,-23.776257,0.0],[-46.300226,-23.776259,0.0],[-46.30021,-23.776205,0.0],[-46.300201,-23.776208,0.0],[-46.300181,-23.776135,0.0],[-46.30023,-23.776123,0.0]]}},{"type":"Feature","properties":{"tipo":"Edificação (CAD 2025)"},"geometry":{"type":"LineString","coordinates":[[-46.300305,-23.776186,0.0],[-46.300283,-23.77611,0.0],[-46.30023,-23.776123,0.0],[-46.300273,-23.776275,0.0],[-46.300307,-23.776267,0.0],[-46.3003,-23.776243,0.0],[-46.30031,-23.776241,0.0],[-46.300295,-23.776189,0.0],[-46.300305,-23.776186,0.0]]}},{"type":"Feature","properties":{"tipo":"Edificação (CAD 2025)"},"geometry":{"type":"LineString","coordinates":[[-46.301741,-23.77618,0.0],[-46.301646,-23.776137,0.0],[-46.30157,-23.776282,0.0],[-46.301665,-23.776324,0.0],[-46.301685,-23.776286,0.0],[-46.301734,-23.776307,0.0],[-46.301763,-23.776251,0.0],[-46.301715,-23.77623,0.0],[-46.301741,-23.77618,0.0]]}},{"type":"Feature","properties":{"tipo":"Edificação (CAD 2025)"},"geometry":{"type":"LineString","coordinates":[[-46.301816,-23.776109,0.0],[-46.301693,-23.776053,0.0],[-46.301646,-23.776137,0.0],[-46.301771,-23.776193,0.0],[-46.301816,-23.776109,0.0]]}},{"type":"Feature","properties":{"tipo":"Edificação (CAD 2025)"},"geometry":{"type":"LineString","coordinates":[[-46.301538,-23.776124,0.0],[-46.301453,-23.776289,0.0],[-46.30143,-23.776279,0.0],[-46.301421,-23.776298,0.0],[-46.30139,-23.776284,0.0],[-46.301486,-23.776101,0.0],[-46.301538,-23.776124,0.0]]}},{"type":"Feature","properties":{"tipo":"Edificação (CAD 2025)"},"geometry":{"type":"LineString","coordinates":[[-46.301345,-23.776144,0.0],[-46.301296,-23.776156,0.0],[-46.301309,-23.776202,0.0],[-46.301358,-23.776191,0.0],[-46.301345,-23.776144,0.0]]}},{"type":"Feature","properties":{"tipo":"Edificação (CAD 2025)"},"geometry":{"type":"LineString","coordinates":[[-46.300956,-23.776175,0.0],[-46.301084,-23.776144,0.0],[-46.301066,-23.776081,0.0],[-46.301019,-23.776092,0.0],[-46.301025,-23.776112,0.0],[-46.300943,-23.776131,0.0],[-46.300956,-23.776175,0.0]]}},{"type":"Feature","properties":{"tipo":"Edificação (CAD 2025)"},"geometry":{"type":"LineString","coordinates":[[-46.300956,-23.776175,0.0],[-46.30093,-23.776085,0.0],[-46.300919,-23.776088,0.0],[-46.300906,-23.776043,0.0],[-46.300819,-23.776064,0.0],[-46.300856,-23.776199,0.0],[-46.300956,-23.776175,0.0]]}},{"type":"Feature","properties":{"tipo":"Edificação (CAD 2025)"},"geometry":{"type":"LineString","coordinates":[[-46.300578,-23.776123,0.0],[-46.300556,-23.776046,0.0],[-46.30061,-23.776033,0.0],[-46.300652,-23.776182,0.0],[-46.30062,-23.77619,0.0],[-46.300614,-23.776168,0.0],[-46.300602,-23.776171,0.0],[-46.300588,-23.776121,0.0],[-46.300578,-23.776123,0.0]]}},{"type":"Feature","properties":{"tipo":"Edificação (CAD 2025)"},"geometry":{"type":"LineString","coordinates":[[-46.301084,-23.776144,0.0],[-46.301066,-23.776081,0.0],[-46.301125,-23.776066,0.0],[-46.301143,-23.77613,0.0],[-46.301084,-23.776144,0.0]]}},{"type":"Feature","properties":{"tipo":"Edificação (CAD 2025)"},"geometry":{"type":"LineString","coordinates":[[-46.300686,-23.776097,0.0],[-46.300665,-23.77602,0.0],[-46.30061,-23.776033,0.0],[-46.300652,-23.776182,0.0],[-46.300684,-23.776174,0.0],[-46.300678,-23.776153,0.0],[-46.30069,-23.77615,0.0],[-46.300676,-23.7761,0.0],[-46.300686,-23.776097,0.0]]}},{"type":"Feature","properties":{"tipo":"Edificação (CAD 2025)"},"geometry":{"type":"LineString","coordinates":[[-46.301143,-23.77613,0.0],[-46.301124,-23.77606,0.0],[-46.301159,-23.776052,0.0],[-46.301179,-23.776121,0.0],[-46.301143,-23.77613,0.0]]}},{"type":"Feature","properties":{"tipo":"Edificação (CAD 2025)"},"geometry":{"type":"LineString","coordinates":[[-46.301174,-23.776102,0.0],[-46.301159,-23.776052,0.0],[-46.3012,-23.776042,0.0],[-46.301202,-23.776051,0.0],[-46.301248,-23.776041,0.0],[-46.301264,-23.7761,0.0],[-46.301214,-23.776112,0.0],[-46.301206,-23.77608,0.0],[-46.301196,-23.776082,0.0],[-46.3012,-23.776096,0.0],[-46.301174,-23.776102,0.0]]}},{"type":"Feature","properties":{"tipo":"Edificação (CAD 2025)"},"geometry":{"type":"LineString","coordinates":[[-46.300626,-23.775843,0.0],[-46.300606,-23.775769,0.0],[-46.300592,-23.775773,0.0],[-46.300578,-23.775724,0.0],[-46.300563,-23.775727,0.0],[-46.300555,-23.775698,0.0],[-46.300567,-23.775695,0.0],[-46.300559,-23.775667,0.0],[-46.300522,-23.775675,0.0],[-46.300573,-23.775856,0.0],[-46.300626,-23.775843,0.0]]}},{"type":"Feature","properties":{"tipo":"Edificação (CAD 2025)"},"geometry":{"type":"LineString","coordinates":[[-46.300384,-23.776167,0.0],[-46.300363,-23.776092,0.0],[-46.30042,-23.776078,0.0],[-46.300456,-23.776205,0.0],[-46.300409,-23.776216,0.0],[-46.300395,-23.776165,0.0],[-46.300384,-23.776167,0.0]]}},{"type":"Feature","properties":{"tipo":"Edificação (CAD 2025)"},"geometry":{"type":"LineString","coordinates":[[-46.300499,-23.77614,0.0],[-46.300477,-23.776064,0.0],[-46.30042,-23.776078,0.0],[-46.300456,-23.776205,0.0],[-46.300503,-23.776194,0.0],[-46.300488,-23.776143,0.0],[-46.300499,-23.77614,0.0]]}},{"type":"Feature","properties":{"tipo":"Edificação (CAD 2025)"},"geometry":{"type":"LineString","coordinates":[[-46.300193,-23.775947,0.0],[-46.300157,-23.775819,0.0],[-46.300116,-23.77583,0.0],[-46.30013,-23.77588,0.0],[-46.300116,-23.775883,0.0],[-46.300138,-23.77596,0.0],[-46.300193,-23.775947,0.0]]}},{"type":"Feature","properties":{"tipo":"Edificação (CAD 2025)"},"geometry":{"type":"LineString","coordinates":[[-46.300251,-23.775933,0.0],[-46.300229,-23.775856,0.0],[-46.30021,-23.775861,0.0],[-46.300198,-23.775821,0.0],[-46.300218,-23.775816,0.0],[-46.300208,-23.775781,0.0],[-46.300199,-23.775783,0.0],[-46.300193,-23.775758,0.0],[-46.300178,-23.775761,0.0],[-46.300169,-23.775728,0.0],[-46.300134,-23.775737,0.0],[-46.300193,-23.775947,0.0],[-46.300251,-23.775933,0.0]]}},{"type":"Feature","properties":{"tipo":"Edificação (CAD 2025)"},"geometry":{"type":"LineString","coordinates":[[-46.300413,-23.775814,0.0],[-46.300435,-23.775889,0.0],[-46.300383,-23.775901,0.0],[-46.300333,-23.775723,0.0],[-46.30038,-23.775711,0.0],[-46.300396,-23.775768,0.0],[-46.300388,-23.77577,0.0],[-46.300401,-23.775817,0.0],[-46.300413,-23.775814,0.0]]}},{"type":"Feature","properties":{"tipo":"Edificação (CAD 2025)"},"geometry":{"type":"LineString","coordinates":[[-46.300383,-23.775901,0.0],[-46.300325,-23.775696,0.0],[-46.300287,-23.775705,0.0],[-46.300302,-23.775756,0.0],[-46.300295,-23.775758,0.0],[-46.300318,-23.775837,0.0],[-46.300309,-23.775839,0.0],[-46.30033,-23.775914,0.0],[-46.300383,-23.775901,0.0]]}},{"type":"Feature","properties":{"tipo":"Edificação (CAD 2025)"},"geometry":{"type":"LineString","coordinates":[[-46.300522,-23.775675,0.0],[-46.300587,-23.775904,0.0],[-46.30055,-23.775913,0.0],[-46.300537,-23.775865,0.0],[-46.300478,-23.775879,0.0],[-46.300458,-23.775806,0.0],[-46.300512,-23.775793,0.0],[-46.300498,-23.775743,0.0],[-46.300504,-23.775742,0.0],[-46.300487,-23.775684,0.0],[-46.300522,-23.775675,0.0]]}},{"type":"Feature","properties":{"tipo":"Edificação (CAD 2025)"},"geometry":{"type":"LineString","coordinates":[[-46.300069,-23.775771,0.0],[-46.300042,-23.775777,0.0],[-46.300052,-23.775812,0.0],[-46.300079,-23.775806,0.0],[-46.300069,-23.775771,0.0]]}},{"type":"Feature","properties":{"tipo":"Edificação (CAD 2025)"},"geometry":{"type":"LineString","coordinates":[[-46.300248,-23.775773,0.0],[-46.300239,-23.775742,0.0],[-46.300279,-23.775732,0.0],[-46.300292,-23.775779,0.0],[-46.300268,-23.775785,0.0],[-46.300264,-23.775769,0.0],[-46.300248,-23.775773,0.0]]}},{"type":"Feature","properties":{"tipo":"Edificação (CAD 2025)"},"geometry":{"type":"LineString","coordinates":[[-46.300128,-23.775736,0.0],[-46.300098,-23.775743,0.0],[-46.300106,-23.775772,0.0],[-46.300136,-23.775765,0.0],[-46.300128,-23.775736,0.0]]}},{"type":"Feature","properties":{"tipo":"Edificação (CAD 2025)"},"geometry":{"type":"LineString","coordinates":[[-46.300682,-23.775883,0.0],[-46.300954,-23.775807,0.0],[-46.300905,-23.775632,0.0],[-46.300633,-23.775708,0.0],[-46.300682,-23.775883,0.0]]}},{"type":"Feature","properties":{"tipo":"Edificação (CAD 2025)"},"geometry":{"type":"LineString","coordinates":[[-46.300688,-23.775758,0.0],[-46.300764,-23.775735,0.0],[-46.30075,-23.775695,0.0],[-46.300674,-23.775717,0.0],[-46.300688,-23.775758,0.0]]}},{"type":"Feature","properties":{"tipo":"Edificação (CAD 2025)"},"geometry":{"type":"LineString","coordinates":[[-46.300223,-23.775715,0.0],[-46.300194,-23.775722,0.0],[-46.300202,-23.77575,0.0],[-46.300231,-23.775743,0.0],[-46.300223,-23.775715,0.0]]}},{"type":"Feature","properties":{"tipo":"Edificação (CAD 2025)"},"geometry":{"type":"LineString","coordinates":[[-46.300415,-23.775669,0.0],[-46.300385,-23.775676,0.0],[-46.300393,-23.775705,0.0],[-46.300423,-23.775698,0.0],[-46.300415,-23.775669,0.0]]}},{"type":"Feature","properties":{"tipo":"Edificação (CAD 2025)"},"geometry":{"type":"LineString","coordinates":[[-46.299445,-23.776718,0.0],[-46.29943,-23.776666,0.0],[-46.299296,-23.776698,0.0],[-46.29931,-23.77675,0.0],[-46.299445,-23.776718,0.0]]}},{"type":"Feature","properties":{"tipo":"Edificação (CAD 2025)"},"geometry":{"type":"LineString","coordinates":[[-46.299049,-23.77668,0.0],[-46.299103,-23.776668,0.0],[-46.299113,-23.776705,0.0],[-46.29912,-23.776703,0.0],[-46.29913,-23.776737,0.0],[-46.29911,-23.776742,0.0],[-46.299101,-23.776708,0.0],[-46.29906,-23.776717,0.0],[-46.299049,-23.77668,0.0]]}},{"type":"Feature","properties":{"tipo":"Edificação (CAD 2025)"},"geometry":{"type":"LineString","coordinates":[[-46.299288,-23.776671,0.0],[-46.299203,-23.776692,0.0],[-46.299197,-23.77667,0.0],[-46.299165,-23.776678,0.0],[-46.299178,-23.776726,0.0],[-46.299296,-23.776698,0.0],[-46.299288,-23.776671,0.0]]}},{"type":"Feature","properties":{"tipo":"Edificação (CAD 2025)"},"geometry":{"type":"LineString","coordinates":[[-46.29943,-23.776666,0.0],[-46.299415,-23.776613,0.0],[-46.299281,-23.776645,0.0],[-46.299296,-23.776698,0.0],[-46.29943,-23.776666,0.0]]}},{"type":"Feature","properties":{"tipo":"Edificação (CAD 2025)"},"geometry":{"type":"LineString","coordinates":[[-46.299028,-23.776621,0.0],[-46.298892,-23.776653,0.0],[-46.298876,-23.776594,0.0],[-46.299012,-23.776563,0.0],[-46.299028,-23.776621,0.0]]}},{"type":"Feature","properties":{"tipo":"Edificação (CAD 2025)"},"geometry":{"type":"LineString","coordinates":[[-46.299056,-23.776552,0.0],[-46.299089,-23.776545,0.0],[-46.299098,-23.776578,0.0],[-46.299065,-23.776586,0.0],[-46.299056,-23.776552,0.0]]}},{"type":"Feature","properties":{"tipo":"Edificação (CAD 2025)"},"geometry":{"type":"LineString","coordinates":[[-46.299012,-23.776563,0.0],[-46.298876,-23.776594,0.0],[-46.298861,-23.776542,0.0],[-46.298997,-23.77651,0.0],[-46.299012,-23.776563,0.0]]}},{"type":"Feature","properties":{"tipo":"Edificação (CAD 2025)"},"geometry":{"type":"LineString","coordinates":[[-46.299056,-23.776552,0.0],[-46.299089,-23.776545,0.0],[-46.29908,-23.776511,0.0],[-46.299046,-23.776519,0.0],[-46.299056,-23.776552,0.0]]}},{"type":"Feature","properties":{"tipo":"Edificação (CAD 2025)"},"geometry":{"type":"LineString","coordinates":[[-46.299389,-23.776518,0.0],[-46.299374,-23.776466,0.0],[-46.299239,-23.776498,0.0],[-46.299254,-23.77655,0.0],[-46.299389,-23.776518,0.0]]}},{"type":"Feature","properties":{"tipo":"Edificação (CAD 2025)"},"geometry":{"type":"LineString","coordinates":[[-46.299239,-23.776498,0.0],[-46.299118,-23.776527,0.0],[-46.299111,-23.776499,0.0],[-46.299232,-23.77647,0.0],[-46.299239,-23.776498,0.0]]}},{"type":"Feature","properties":{"tipo":"Edificação (CAD 2025)"},"geometry":{"type":"LineString","coordinates":[[-46.298552,-23.776733,0.0],[-46.298726,-23.776691,0.0],[-46.29871,-23.776633,0.0],[-46.298512,-23.77668,0.0],[-46.298521,-23.776712,0.0],[-46.298545,-23.776706,0.0],[-46.298552,-23.776733,0.0]]}},{"type":"Feature","properties":{"tipo":"Edificação (CAD 2025)"},"geometry":{"type":"LineString","coordinates":[[-46.298544,-23.776672,0.0],[-46.298512,-23.77668,0.0],[-46.298503,-23.776646,0.0],[-46.298535,-23.776639,0.0],[-46.298544,-23.776672,0.0]]}},{"type":"Feature","properties":{"tipo":"Edificação (CAD 2025)"},"geometry":{"type":"LineString","coordinates":[[-46.298276,-23.776559,0.0],[-46.29831,-23.776685,0.0],[-46.298269,-23.776694,0.0],[-46.298255,-23.776642,0.0],[-46.298242,-23.776645,0.0],[-46.298221,-23.776572,0.0],[-46.298276,-23.776559,0.0]]}},{"type":"Feature","properties":{"tipo":"Edificação (CAD 2025)"},"geometry":{"type":"LineString","coordinates":[[-46.29874,-23.77657,0.0],[-46.298563,-23.776612,0.0],[-46.298578,-23.776664,0.0],[-46.29871,-23.776633,0.0],[-46.298702,-23.776605,0.0],[-46.298747,-23.776594,0.0],[-46.29874,-23.77657,0.0]]}},{"type":"Feature","properties":{"tipo":"Edificação (CAD 2025)"},"geometry":{"type":"LineString","coordinates":[[-46.298276,-23.776559,0.0],[-46.29831,-23.776685,0.0],[-46.298352,-23.776674,0.0],[-46.298338,-23.776623,0.0],[-46.298351,-23.77662,0.0],[-46.298331,-23.776546,0.0],[-46.298276,-23.776559,0.0]]}},{"type":"Feature","properties":{"tipo":"Edificação (CAD 2025)"},"geometry":{"type":"LineString","coordinates":[[-46.29874,-23.77657,0.0],[-46.298563,-23.776612,0.0],[-46.298549,-23.776559,0.0],[-46.29868,-23.776528,0.0],[-46.298688,-23.776557,0.0],[-46.298733,-23.776546,0.0],[-46.29874,-23.77657,0.0]]}},{"type":"Feature","properties":{"tipo":"Edificação (CAD 2025)"},"geometry":{"type":"LineString","coordinates":[[-46.298537,-23.776562,0.0],[-46.298514,-23.776479,0.0],[-46.298455,-23.776493,0.0],[-46.298473,-23.776557,0.0],[-46.298479,-23.776555,0.0],[-46.298485,-23.776574,0.0],[-46.298537,-23.776562,0.0]]}},{"type":"Feature","properties":{"tipo":"Edificação (CAD 2025)"},"geometry":{"type":"LineString","coordinates":[[-46.298664,-23.776471,0.0],[-46.298521,-23.776505,0.0],[-46.298537,-23.776562,0.0],[-46.29868,-23.776528,0.0],[-46.298664,-23.776471,0.0]]}},{"type":"Feature","properties":{"tipo":"Edificação (CAD 2025)"},"geometry":{"type":"LineString","coordinates":[[-46.298997,-23.77651,0.0],[-46.298861,-23.776542,0.0],[-46.298847,-23.776489,0.0],[-46.298983,-23.776458,0.0],[-46.298997,-23.77651,0.0]]}},{"type":"Feature","properties":{"tipo":"Edificação (CAD 2025)"},"geometry":{"type":"LineString","coordinates":[[-46.29813,-23.776437,0.0],[-46.298107,-23.776363,0.0],[-46.298091,-23.776368,0.0],[-46.298083,-23.776342,0.0],[-46.2981,-23.776338,0.0],[-46.298086,-23.776292,0.0],[-46.298052,-23.7763,0.0],[-46.29806,-23.776341,0.0],[-46.298031,-23.776349,0.0],[-46.298061,-23.776454,0.0],[-46.29813,-23.776437,0.0]]}},{"type":"Feature","properties":{"tipo":"Edificação (CAD 2025)"},"geometry":{"type":"LineString","coordinates":[[-46.296852,-23.776588,0.0],[-46.296771,-23.776607,0.0],[-46.296768,-23.776595,0.0],[-46.296743,-23.776601,0.0],[-46.296736,-23.776577,0.0],[-46.296721,-23.776581,0.0],[-46.296715,-23.776559,0.0],[-46.296731,-23.776555,0.0],[-46.296729,-23.776548,0.0],[-46.296834,-23.776523,0.0],[-46.296852,-23.776588,0.0]]}},{"type":"Feature","properties":{"tipo":"Edificação (CAD 2025)"},"geometry":{"type":"LineString","coordinates":[[-46.297041,-23.776571,0.0],[-46.297053,-23.776541,0.0],[-46.297017,-23.776531,0.0],[-46.297008,-23.776562,0.0],[-46.297041,-23.776571,0.0]]}},{"type":"Feature","properties":{"tipo":"Edificação (CAD 2025)"},"geometry":{"type":"LineString","coordinates":[[-46.297255,-23.776507,0.0],[-46.2972,-23.776595,0.0],[-46.297152,-23.776569,0.0],[-46.297166,-23.776547,0.0],[-46.297155,-23.776541,0.0],[-46.297192,-23.776474,0.0],[-46.297255,-23.776507,0.0]]}},{"type":"Feature","properties":{"tipo":"Edificação (CAD 2025)"},"geometry":{"type":"LineString","coordinates":[[-46.297145,-23.776536,0.0],[-46.297097,-23.77651,0.0],[-46.297075,-23.776545,0.0],[-46.297099,-23.776558,0.0],[-46.297108,-23.776544,0.0],[-46.297132,-23.776557,0.0],[-46.297145,-23.776536,0.0]]}},{"type":"Feature","properties":{"tipo":"Edificação (CAD 2025)"},"geometry":{"type":"LineString","coordinates":[[-46.297137,-23.776445,0.0],[-46.297097,-23.77651,0.0],[-46.297155,-23.776541,0.0],[-46.297192,-23.776474,0.0],[-46.297137,-23.776445,0.0]]}},{"type":"Feature","properties":{"tipo":"Edificação (CAD 2025)"},"geometry":{"type":"LineString","coordinates":[[-46.296581,-23.776478,0.0],[-46.296631,-23.776466,0.0],[-46.29664,-23.776499,0.0],[-46.296591,-23.776512,0.0],[-46.296581,-23.776478,0.0]]}},{"type":"Feature","properties":{"tipo":"Edificação (CAD 2025)"},"geometry":{"type":"LineString","coordinates":[[-46.296717,-23.776513,0.0],[-46.296824,-23.776487,0.0],[-46.296806,-23.776425,0.0],[-46.296728,-23.776444,0.0],[-46.296731,-23.776454,0.0],[-46.296702,-23.776461,0.0],[-46.296717,-23.776513,0.0]]}},{"type":"Feature","properties":{"tipo":"Edificação (CAD 2025)"},"geometry":{"type":"LineString","coordinates":[[-46.297096,-23.776426,0.0],[-46.29707,-23.776497,0.0],[-46.296993,-23.776472,0.0],[-46.297019,-23.776402,0.0],[-46.297096,-23.776426,0.0]]}},{"type":"Feature","properties":{"tipo":"Edificação (CAD 2025)"},"geometry":{"type":"LineString","coordinates":[[-46.297929,-23.776483,0.0],[-46.297906,-23.77641,0.0],[-46.29789,-23.776414,0.0],[-46.297882,-23.776388,0.0],[-46.297899,-23.776384,0.0],[-46.297885,-23.776338,0.0],[-46.297851,-23.776346,0.0],[-46.29786,-23.776387,0.0],[-46.297831,-23.776395,0.0],[-46.29786,-23.7765,0.0],[-46.297929,-23.776483,0.0]]}},{"type":"Feature","properties":{"tipo":"Edificação (CAD 2025)"},"geometry":{"type":"LineString","coordinates":[[-46.29668,-23.776442,0.0],[-46.296662,-23.776446,0.0],[-46.296658,-23.776433,0.0],[-46.29663,-23.776439,0.0],[-46.296626,-23.776423,0.0],[-46.296619,-23.776424,0.0],[-46.296601,-23.776359,0.0],[-46.296551,-23.776371,0.0],[-46.296581,-23.776478,0.0],[-46.296684,-23.776454,0.0],[-46.29668,-23.776442,0.0]]}},{"type":"Feature","properties":{"tipo":"Edificação (CAD 2025)"},"geometry":{"type":"LineString","coordinates":[[-46.29668,-23.776442,0.0],[-46.296684,-23.776454,0.0],[-46.296705,-23.776449,0.0],[-46.296702,-23.776439,0.0],[-46.296725,-23.776433,0.0],[-46.296728,-23.776444,0.0],[-46.296806,-23.776425,0.0],[-46.296789,-23.776365,0.0],[-46.296667,-23.776394,0.0],[-46.29668,-23.776442,0.0]]}},{"type":"Feature","properties":{"tipo":"Edificação (CAD 2025)"},"geometry":{"type":"LineString","coordinates":[[-46.297929,-23.776483,0.0],[-46.297906,-23.77641,0.0],[-46.297923,-23.776406,0.0],[-46.297916,-23.77638,0.0],[-46.297899,-23.776384,0.0],[-46.297885,-23.776338,0.0],[-46.297919,-23.776329,0.0],[-46.297935,-23.776368,0.0],[-46.297968,-23.77636,0.0],[-46.297998,-23.776467,0.0],[-46.297929,-23.776483,0.0]]}},{"type":"Feature","properties":{"tipo":"Edificação (CAD 2025)"},"geometry":{"type":"LineString","coordinates":[[-46.299036,-23.776481,0.0],[-46.299069,-23.776474,0.0],[-46.299059,-23.77644,0.0],[-46.299026,-23.776448,0.0],[-46.299036,-23.776481,0.0]]}},{"type":"Feature","properties":{"tipo":"Edificação (CAD 2025)"},"geometry":{"type":"LineString","coordinates":[[-46.299374,-23.776466,0.0],[-46.299359,-23.776413,0.0],[-46.299224,-23.776445,0.0],[-46.299239,-23.776498,0.0],[-46.299374,-23.776466,0.0]]}},{"type":"Feature","properties":{"tipo":"Edificação (CAD 2025)"},"geometry":{"type":"LineString","coordinates":[[-46.299217,-23.776419,0.0],[-46.299132,-23.776439,0.0],[-46.299138,-23.776461,0.0],[-46.299106,-23.776469,0.0],[-46.299093,-23.776421,0.0],[-46.29921,-23.776393,0.0],[-46.299217,-23.776419,0.0]]}},{"type":"Feature","properties":{"tipo":"Edificação (CAD 2025)"},"geometry":{"type":"LineString","coordinates":[[-46.299006,-23.776434,0.0],[-46.298988,-23.776368,0.0],[-46.298928,-23.776382,0.0],[-46.298936,-23.77641,0.0],[-46.298831,-23.776435,0.0],[-46.298847,-23.776489,0.0],[-46.29905,-23.776442,0.0],[-46.299046,-23.776425,0.0],[-46.299006,-23.776434,0.0]]}},{"type":"Feature","properties":{"tipo":"Edificação (CAD 2025)"},"geometry":{"type":"LineString","coordinates":[[-46.299359,-23.776413,0.0],[-46.299344,-23.776361,0.0],[-46.29921,-23.776393,0.0],[-46.299224,-23.776445,0.0],[-46.299359,-23.776413,0.0]]}},{"type":"Feature","properties":{"tipo":"Edificação (CAD 2025)"},"geometry":{"type":"LineString","coordinates":[[-46.299195,-23.77634,0.0],[-46.299155,-23.77635,0.0],[-46.299169,-23.776403,0.0],[-46.29921,-23.776393,0.0],[-46.299195,-23.77634,0.0]]}},{"type":"Feature","properties":{"tipo":"Edificação (CAD 2025)"},"geometry":{"type":"LineString","coordinates":[[-46.299344,-23.776361,0.0],[-46.29933,-23.776308,0.0],[-46.299195,-23.77634,0.0],[-46.29921,-23.776393,0.0],[-46.299344,-23.776361,0.0]]}},{"type":"Feature","properties":{"tipo":"Edificação (CAD 2025)"},"geometry":{"type":"LineString","coordinates":[[-46.29952,-23.776107,0.0],[-46.299498,-23.776028,0.0],[-46.299489,-23.77603,0.0],[-46.299475,-23.775981,0.0],[-46.299466,-23.775983,0.0],[-46.299464,-23.775974,0.0],[-46.299407,-23.775988,0.0],[-46.299422,-23.776042,0.0],[-46.299405,-23.776046,0.0],[-46.299412,-23.776071,0.0],[-46.299423,-23.776069,0.0],[-46.299439,-23.776126,0.0],[-46.29952,-23.776107,0.0]]}},{"type":"Feature","properties":{"tipo":"Edificação (CAD 2025)"},"geometry":{"type":"LineString","coordinates":[[-46.299601,-23.776088,0.0],[-46.299579,-23.776006,0.0],[-46.299568,-23.776009,0.0],[-46.299553,-23.775954,0.0],[-46.299499,-23.775966,0.0],[-46.299502,-23.775975,0.0],[-46.299484,-23.775979,0.0],[-46.29952,-23.776107,0.0],[-46.299601,-23.776088,0.0]]}},{"type":"Feature","properties":{"tipo":"Edificação (CAD 2025)"},"geometry":{"type":"LineString","coordinates":[[-46.29898,-23.776236,0.0],[-46.298945,-23.776115,0.0],[-46.298997,-23.776102,0.0],[-46.298887,-23.775707,0.0],[-46.299142,-23.775644,0.0],[-46.299288,-23.776163,0.0],[-46.29898,-23.776236,0.0]]}},{"type":"Feature","properties":{"tipo":"Edificação (CAD 2025)"},"geometry":{"type":"LineString","coordinates":[[-46.299811,-23.776397,0.0],[-46.299823,-23.776442,0.0],[-46.299869,-23.776431,0.0],[-46.299857,-23.776386,0.0],[-46.299811,-23.776397,0.0]]}},{"type":"Feature","properties":{"tipo":"Edificação (CAD 2025)"},"geometry":{"type":"LineString","coordinates":[[-46.29998,-23.776249,0.0],[-46.300007,-23.776256,0.0]]}},{"type":"Feature","properties":{"tipo":"Edificação (CAD 2025)"},"geometry":{"type":"LineString","coordinates":[[-46.299792,-23.776042,0.0],[-46.299768,-23.775962,0.0],[-46.299757,-23.775965,0.0],[-46.299741,-23.775911,0.0],[-46.299695,-23.775922,0.0],[-46.299697,-23.775931,0.0],[-46.299686,-23.775934,0.0],[-46.299701,-23.775985,0.0],[-46.29969,-23.775988,0.0],[-46.29971,-23.776062,0.0],[-46.299792,-23.776042,0.0]]}},{"type":"Feature","properties":{"tipo":"Edificação (CAD 2025)"},"geometry":{"type":"LineString","coordinates":[[-46.29971,-23.776062,0.0],[-46.299674,-23.775934,0.0],[-46.299651,-23.77594,0.0],[-46.299648,-23.775931,0.0],[-46.299643,-23.775933,0.0],[-46.299638,-23.775919,0.0],[-46.299668,-23.775911,0.0],[-46.299653,-23.775858,0.0],[-46.299606,-23.775868,0.0],[-46.299623,-23.775923,0.0],[-46.29961,-23.775926,0.0],[-46.299614,-23.775941,0.0],[-46.299597,-23.775945,0.0],[-46.299614,-23.776001,0.0],[-46.299605,-23.776003,0.0],[-46.299627,-23.776081,0.0],[-46.29971,-23.776062,0.0]]}},{"type":"Feature","properties":{"tipo":"Edificação (CAD 2025)"},"geometry":{"type":"LineString","coordinates":[[-46.2999,-23.776016,0.0],[-46.299879,-23.775941,0.0],[-46.299869,-23.775943,0.0],[-46.299855,-23.775892,0.0],[-46.299844,-23.775894,0.0],[-46.299842,-23.775887,0.0],[-46.299794,-23.775898,0.0],[-46.299796,-23.775908,0.0],[-46.29977,-23.775914,0.0],[-46.299786,-23.77597,0.0],[-46.299801,-23.775966,0.0],[-46.29982,-23.776036,0.0],[-46.2999,-23.776016,0.0]]}},{"type":"Feature","properties":{"tipo":"Edificação (CAD 2025)"},"geometry":{"type":"LineString","coordinates":[[-46.299961,-23.775918,0.0],[-46.299983,-23.775997,0.0],[-46.2999,-23.776016,0.0],[-46.299865,-23.775891,0.0],[-46.299892,-23.775885,0.0],[-46.299889,-23.775876,0.0],[-46.299935,-23.775865,0.0],[-46.299951,-23.775921,0.0],[-46.299961,-23.775918,0.0]]}},{"type":"Feature","properties":{"tipo":"Edificação (CAD 2025)"},"geometry":{"type":"LineString","coordinates":[[-46.299653,-23.775858,0.0],[-46.299697,-23.775847,0.0],[-46.299712,-23.775901,0.0],[-46.299668,-23.775911,0.0],[-46.299653,-23.775858,0.0]]}},{"type":"Feature","properties":{"tipo":"Edificação (CAD 2025)"},"geometry":{"type":"LineString","coordinates":[[-46.299838,-23.775795,0.0],[-46.299786,-23.775807,0.0],[-46.299795,-23.775841,0.0],[-46.299847,-23.775829,0.0],[-46.299838,-23.775795,0.0]]}},{"type":"Feature","properties":{"tipo":"Edificação (CAD 2025)"},"geometry":{"type":"LineString","coordinates":[[-46.299838,-23.775795,0.0],[-46.29989,-23.775782,0.0],[-46.2999,-23.775816,0.0],[-46.299847,-23.775829,0.0],[-46.299838,-23.775795,0.0]]}},{"type":"Feature","properties":{"tipo":"Edificação (CAD 2025)"},"geometry":{"type":"LineString","coordinates":[[-46.299607,-23.775498,0.0],[-46.299514,-23.77552,0.0],[-46.299556,-23.775668,0.0],[-46.299649,-23.775646,0.0],[-46.299607,-23.775498,0.0]]}},{"type":"Feature","properties":{"tipo":"Edificação (CAD 2025)"},"geometry":{"type":"LineString","coordinates":[[-46.299457,-23.775882,0.0],[-46.299469,-23.775925,0.0],[-46.29946,-23.775927,0.0],[-46.299467,-23.775953,0.0],[-46.299408,-23.775968,0.0],[-46.2994,-23.77594,0.0],[-46.299375,-23.775946,0.0],[-46.299366,-23.77591,0.0],[-46.299406,-23.7759,0.0],[-46.299405,-23.775894,0.0],[-46.299457,-23.775882,0.0]]}},{"type":"Feature","properties":{"tipo":"Edificação (CAD 2025)"},"geometry":{"type":"LineString","coordinates":[[-46.29947,-23.775891,0.0],[-46.299477,-23.775914,0.0],[-46.299519,-23.775905,0.0],[-46.299527,-23.775935,0.0],[-46.299562,-23.775927,0.0],[-46.299549,-23.775879,0.0],[-46.299486,-23.775893,0.0],[-46.299485,-23.775887,0.0],[-46.29947,-23.775891,0.0]]}},{"type":"Feature","properties":{"tipo":"Edificação (CAD 2025)"},"geometry":{"type":"LineString","coordinates":[[-46.29813,-23.776437,0.0],[-46.298107,-23.776363,0.0],[-46.298124,-23.77636,0.0],[-46.298117,-23.776334,0.0],[-46.2981,-23.776338,0.0],[-46.298086,-23.776292,0.0],[-46.29812,-23.776283,0.0],[-46.298135,-23.776322,0.0],[-46.298169,-23.776314,0.0],[-46.298198,-23.776421,0.0],[-46.29813,-23.776437,0.0]]}},{"type":"Feature","properties":{"tipo":"Edificação (CAD 2025)"},"geometry":{"type":"LineString","coordinates":[[-46.298315,-23.776395,0.0],[-46.298293,-23.776321,0.0],[-46.298277,-23.776325,0.0],[-46.298269,-23.7763,0.0],[-46.298285,-23.776295,0.0],[-46.298271,-23.776249,0.0],[-46.298237,-23.776258,0.0],[-46.298246,-23.776299,0.0],[-46.298217,-23.776307,0.0],[-46.298246,-23.776411,0.0],[-46.298315,-23.776395,0.0]]}},{"type":"Feature","properties":{"tipo":"Edificação (CAD 2025)"},"geometry":{"type":"LineString","coordinates":[[-46.298315,-23.776395,0.0],[-46.298293,-23.776321,0.0],[-46.298309,-23.776317,0.0],[-46.298302,-23.776291,0.0],[-46.298285,-23.776295,0.0],[-46.298271,-23.776249,0.0],[-46.298306,-23.77624,0.0],[-46.298321,-23.77628,0.0],[-46.298355,-23.776272,0.0],[-46.298384,-23.776378,0.0],[-46.298315,-23.776395,0.0]]}},{"type":"Feature","properties":{"tipo":"Edificação (CAD 2025)"},"geometry":{"type":"LineString","coordinates":[[-46.298706,-23.776229,0.0],[-46.298717,-23.776309,0.0],[-46.298826,-23.776285,0.0],[-46.298805,-23.776207,0.0],[-46.298706,-23.776229,0.0]]}},{"type":"Feature","properties":{"tipo":"Edificação (CAD 2025)"},"geometry":{"type":"LineString","coordinates":[[-46.298706,-23.776229,0.0],[-46.298681,-23.776137,0.0],[-46.298605,-23.776154,0.0],[-46.298649,-23.776313,0.0],[-46.298716,-23.776298,0.0],[-46.298706,-23.776229,0.0]]}},{"type":"Feature","properties":{"tipo":"Edificação (CAD 2025)"},"geometry":{"type":"LineString","coordinates":[[-46.298626,-23.77628,0.0],[-46.298491,-23.775805,0.0],[-46.29834,-23.775842,0.0],[-46.298475,-23.776317,0.0],[-46.298626,-23.77628,0.0]]}},{"type":"Feature","properties":{"tipo":"Edificação (CAD 2025)"},"geometry":{"type":"LineString","coordinates":[[-46.298732,-23.775835,0.0],[-46.29853,-23.775883,0.0],[-46.298603,-23.776145,0.0],[-46.298806,-23.776097,0.0],[-46.298732,-23.775835,0.0]]}},{"type":"Feature","properties":{"tipo":"Edificação (CAD 2025)"},"geometry":{"type":"LineString","coordinates":[[-46.298723,-23.775848,0.0],[-46.298546,-23.77589,0.0],[-46.298614,-23.776131,0.0],[-46.298791,-23.776089,0.0],[-46.298723,-23.775848,0.0]]}},{"type":"Feature","properties":{"tipo":"Edificação (CAD 2025)"},"geometry":{"type":"LineString","coordinates":[[-46.298485,-23.775536,0.0],[-46.298454,-23.775424,0.0],[-46.298501,-23.775412,0.0],[-46.298533,-23.775524,0.0],[-46.298485,-23.775536,0.0]]}},{"type":"Feature","properties":{"tipo":"Edificação (CAD 2025)"},"geometry":{"type":"LineString","coordinates":[[-46.298642,-23.775374,0.0],[-46.298695,-23.775361,0.0],[-46.298718,-23.775442,0.0],[-46.298749,-23.775435,0.0],[-46.298759,-23.77547,0.0],[-46.298675,-23.77549,0.0],[-46.298642,-23.775374,0.0]]}},{"type":"Feature","properties":{"tipo":"Edificação (CAD 2025)"},"geometry":{"type":"LineString","coordinates":[[-46.299628,-23.775466,0.0],[-46.299677,-23.77564,0.0],[-46.299761,-23.77562,0.0],[-46.299718,-23.775469,0.0],[-46.299694,-23.775475,0.0],[-46.299687,-23.775452,0.0],[-46.299628,-23.775466,0.0]]}},{"type":"Feature","properties":{"tipo":"Edificação (CAD 2025)"},"geometry":{"type":"LineString","coordinates":[[-46.29964,-23.775392,0.0],[-46.299572,-23.775408,0.0],[-46.299585,-23.775456,0.0],[-46.299654,-23.775439,0.0],[-46.29964,-23.775392,0.0]]}},{"type":"Feature","properties":{"tipo":"Edificação (CAD 2025)"},"geometry":{"type":"LineString","coordinates":[[-46.298506,-23.775431,0.0],[-46.298549,-23.77542,0.0],[-46.298534,-23.77537,0.0],[-46.298545,-23.775368,0.0],[-46.298535,-23.775331,0.0],[-46.298559,-23.775325,0.0],[-46.298545,-23.775276,0.0],[-46.298583,-23.775266,0.0],[-46.298611,-23.775381,0.0],[-46.298642,-23.775374,0.0],[-46.298656,-23.775424,0.0],[-46.298625,-23.775431,0.0],[-46.298644,-23.775497,0.0],[-46.298575,-23.775514,0.0],[-46.298567,-23.775485,0.0],[-46.298552,-23.775489,0.0],[-46.298544,-23.775457,0.0],[-46.298516,-23.775464,0.0],[-46.298506,-23.775431,0.0]]}},{"type":"Feature","properties":{"tipo":"Edificação (CAD 2025)"},"geometry":{"type":"LineString","coordinates":[[-46.298991,-23.775415,0.0],[-46.298901,-23.775436,0.0],[-46.29887,-23.775323,0.0],[-46.298888,-23.775319,0.0],[-46.298884,-23.775306,0.0],[-46.298933,-23.775295,0.0],[-46.298937,-23.775312,0.0],[-46.298969,-23.775305,0.0],[-46.298981,-23.775346,0.0],[-46.298957,-23.775352,0.0],[-46.298964,-23.775379,0.0],[-46.29898,-23.775375,0.0],[-46.298991,-23.775415,0.0]]}},{"type":"Feature","properties":{"tipo":"Edificação (CAD 2025)"},"geometry":{"type":"LineString","coordinates":[[-46.304192,-23.776931,0.0],[-46.304113,-23.77688,0.0],[-46.304031,-23.776978,0.0],[-46.304107,-23.777032,0.0],[-46.304192,-23.776931,0.0]]}},{"type":"Feature","properties":{"tipo":"Edificação (CAD 2025)"},"geometry":{"type":"LineString","coordinates":[[-46.304303,-23.77691,0.0],[-46.304307,-23.776947,0.0],[-46.304394,-23.776939,0.0],[-46.304391,-23.776898,0.0],[-46.304303,-23.77691,0.0]]}},{"type":"Feature","properties":{"tipo":"Edificação (CAD 2025)"},"geometry":{"type":"LineString","coordinates":[[-46.304391,-23.776898,0.0],[-46.304394,-23.776939,0.0],[-46.304494,-23.776931,0.0],[-46.304491,-23.776917,0.0],[-46.304453,-23.776919,0.0],[-46.304451,-23.776891,0.0],[-46.304391,-23.776898,0.0]]}},{"type":"Feature","properties":{"tipo":"Edificação (CAD 2025)"},"geometry":{"type":"LineString","coordinates":[[-46.304305,-23.776859,0.0],[-46.304303,-23.77691,0.0],[-46.304391,-23.776898,0.0],[-46.304386,-23.776857,0.0],[-46.304305,-23.776859,0.0]]}},{"type":"Feature","properties":{"tipo":"Edificação (CAD 2025)"},"geometry":{"type":"LineString","coordinates":[[-46.304391,-23.776898,0.0],[-46.304492,-23.77689,0.0],[-46.304493,-23.776863,0.0],[-46.304463,-23.776862,0.0],[-46.304463,-23.776854,0.0],[-46.304386,-23.776857,0.0],[-46.304391,-23.776898,0.0]]}},{"type":"Feature","properties":{"tipo":"Edificação (CAD 2025)"},"geometry":{"type":"LineString","coordinates":[[-46.304453,-23.776801,0.0],[-46.304382,-23.776806,0.0],[-46.304384,-23.776838,0.0],[-46.304455,-23.776832,0.0],[-46.304453,-23.776801,0.0]]}},{"type":"Feature","properties":{"tipo":"Edificação (CAD 2025)"},"geometry":{"type":"LineString","coordinates":[[-46.304405,-23.776798,0.0],[-46.304456,-23.776788,0.0],[-46.304448,-23.776754,0.0],[-46.304398,-23.776764,0.0],[-46.304405,-23.776798,0.0]]}},{"type":"Feature","properties":{"tipo":"Edificação (CAD 2025)"},"geometry":{"type":"LineString","coordinates":[[-46.304296,-23.776802,0.0],[-46.304391,-23.776785,0.0],[-46.304377,-23.776723,0.0],[-46.304283,-23.776741,0.0],[-46.304296,-23.776802,0.0]]}},{"type":"Feature","properties":{"tipo":"Edificação (CAD 2025)"},"geometry":{"type":"LineString","coordinates":[[-46.304514,-23.776712,0.0],[-46.304531,-23.776667,0.0],[-46.304511,-23.776657,0.0],[-46.304477,-23.776671,0.0],[-46.30447,-23.776697,0.0],[-46.304514,-23.776712,0.0]]}},{"type":"Feature","properties":{"tipo":"Edificação (CAD 2025)"},"geometry":{"type":"LineString","coordinates":[[-46.304521,-23.776643,0.0],[-46.304472,-23.776546,0.0],[-46.30443,-23.776565,0.0],[-46.304435,-23.776576,0.0],[-46.304406,-23.776588,0.0],[-46.304448,-23.776674,0.0],[-46.304521,-23.776643,0.0]]}},{"type":"Feature","properties":{"tipo":"Edificação (CAD 2025)"},"geometry":{"type":"LineString","coordinates":[[-46.303982,-23.77745,0.0],[-46.303787,-23.777409,0.0],[-46.303811,-23.77735,0.0],[-46.303907,-23.777371,0.0],[-46.303906,-23.777385,0.0],[-46.303982,-23.777404,0.0],[-46.303982,-23.77745,0.0]]}},{"type":"Feature","properties":{"tipo":"Edificação (CAD 2025)"},"geometry":{"type":"LineString","coordinates":[[-46.304001,-23.777273,0.0],[-46.303863,-23.777251,0.0],[-46.303851,-23.777314,0.0],[-46.30392,-23.777326,0.0],[-46.303918,-23.777338,0.0],[-46.303984,-23.777349,0.0],[-46.303991,-23.777304,0.0],[-46.303999,-23.777305,0.0],[-46.304001,-23.777273,0.0]]}},{"type":"Feature","properties":{"tipo":"Edificação (CAD 2025)"},"geometry":{"type":"LineString","coordinates":[[-46.303664,-23.777025,0.0],[-46.303812,-23.776858,0.0],[-46.303759,-23.776819,0.0],[-46.303611,-23.776986,0.0],[-46.303664,-23.777025,0.0]]}},{"type":"Feature","properties":{"tipo":"Edificação (CAD 2025)"},"geometry":{"type":"LineString","coordinates":[[-46.302424,-23.776662,0.0],[-46.302339,-23.776703,0.0]]}},{"type":"Feature","properties":{"tipo":"Edificação (CAD 2025)"},"geometry":{"type":"LineString","coordinates":[[-46.302348,-23.77653,0.0],[-46.302424,-23.776662,0.0]]}},{"type":"Feature","properties":{"tipo":"Edificação (CAD 2025)"},"geometry":{"type":"LineString","coordinates":[[-46.303379,-23.776558,0.0],[-46.303379,-23.776538,0.0],[-46.303359,-23.776538,0.0],[-46.303359,-23.776557,0.0],[-46.303379,-23.776558,0.0]]}},{"type":"Feature","properties":{"tipo":"Edificação (CAD 2025)"},"geometry":{"type":"LineString","coordinates":[[-46.302338,-23.776535,0.0],[-46.302348,-23.77653,0.0]]}},{"type":"Feature","properties":{"tipo":"Edificação (CAD 2025)"},"geometry":{"type":"LineString","coordinates":[[-46.303896,-23.776484,0.0],[-46.30395,-23.776447,0.0],[-46.30393,-23.776422,0.0],[-46.303876,-23.776458,0.0],[-46.303896,-23.776484,0.0]]}},{"type":"Feature","properties":{"tipo":"Edificação (CAD 2025)"},"geometry":{"type":"LineString","coordinates":[[-46.302332,-23.776215,0.0],[-46.302754,-23.776123,0.0],[-46.302769,-23.776181,0.0],[-46.302713,-23.776193,0.0],[-46.302717,-23.776209,0.0],[-46.302642,-23.776225,0.0],[-46.302638,-23.77621,0.0],[-46.302347,-23.776272,0.0],[-46.302332,-23.776215,0.0]]}},{"type":"Feature","properties":{"tipo":"Edificação (CAD 2025)"},"geometry":{"type":"LineString","coordinates":[[-46.303348,-23.775829,0.0],[-46.303439,-23.7758,0.0],[-46.30342,-23.77575,0.0],[-46.303329,-23.77578,0.0],[-46.303348,-23.775829,0.0]]}},{"type":"Feature","properties":{"tipo":"Edificação (CAD 2025)"},"geometry":{"type":"LineString","coordinates":[[-46.302804,-23.775729,0.0],[-46.302851,-23.775721,0.0],[-46.302843,-23.775681,0.0],[-46.302796,-23.775689,0.0],[-46.302804,-23.775729,0.0]]}},{"type":"Feature","properties":{"tipo":"Edificação (CAD 2025)"},"geometry":{"type":"LineString","coordinates":[[-46.302885,-23.775716,0.0],[-46.302932,-23.775708,0.0],[-46.302924,-23.775668,0.0],[-46.302877,-23.775675,0.0],[-46.302885,-23.775716,0.0]]}},{"type":"Feature","properties":{"tipo":"Edificação (CAD 2025)"},"geometry":{"type":"LineString","coordinates":[[-46.304009,-23.7758,0.0],[-46.304044,-23.775769,0.0],[-46.304021,-23.775748,0.0],[-46.303986,-23.775778,0.0],[-46.304009,-23.7758,0.0]]}},{"type":"Feature","properties":{"tipo":"Edificação (CAD 2025)"},"geometry":{"type":"LineString","coordinates":[[-46.304251,-23.775589,0.0],[-46.304287,-23.775559,0.0],[-46.304267,-23.775538,0.0],[-46.304231,-23.775568,0.0],[-46.304251,-23.775589,0.0]]}},{"type":"Feature","properties":{"tipo":"Edificação (CAD 2025)"},"geometry":{"type":"LineString","coordinates":[[-46.307841,-23.775661,0.0],[-46.307829,-23.775681,0.0],[-46.307808,-23.775671,0.0],[-46.30782,-23.775651,0.0],[-46.307841,-23.775661,0.0]]}},{"type":"Feature","properties":{"tipo":"Edificação (CAD 2025)"},"geometry":{"type":"LineString","coordinates":[[-46.307597,-23.77563,0.0],[-46.307643,-23.775673,0.0],[-46.307675,-23.775643,0.0],[-46.307633,-23.7756,0.0],[-46.307597,-23.77563,0.0]]}},{"type":"Feature","properties":{"tipo":"Edificação (CAD 2025)"},"geometry":{"type":"LineString","coordinates":[[-46.307853,-23.775618,0.0],[-46.307848,-23.77565,0.0],[-46.307818,-23.775646,0.0],[-46.307824,-23.775614,0.0],[-46.307853,-23.775618,0.0]]}},{"type":"Feature","properties":{"tipo":"Edificação (CAD 2025)"},"geometry":{"type":"LineString","coordinates":[[-46.307488,-23.775486,0.0],[-46.307534,-23.775529,0.0],[-46.307483,-23.775568,0.0],[-46.30744,-23.775523,0.0],[-46.307488,-23.775486,0.0]]}},{"type":"Feature","properties":{"tipo":"Edificação (CAD 2025)"},"geometry":{"type":"LineString","coordinates":[[-46.307852,-23.775483,0.0],[-46.307832,-23.775529,0.0],[-46.307898,-23.775548,0.0],[-46.307916,-23.775506,0.0],[-46.307852,-23.775483,0.0]]}},{"type":"Feature","properties":{"tipo":"Edificação (CAD 2025)"},"geometry":{"type":"LineString","coordinates":[[-46.308156,-23.775534,0.0],[-46.308166,-23.775451,0.0],[-46.308289,-23.775465,0.0],[-46.308282,-23.775522,0.0],[-46.308207,-23.775514,0.0],[-46.308204,-23.775539,0.0],[-46.308156,-23.775534,0.0]]}},{"type":"Feature","properties":{"tipo":"Edificação (CAD 2025)"},"geometry":{"type":"LineString","coordinates":[[-46.308762,-23.775485,0.0],[-46.30881,-23.775479,0.0],[-46.308806,-23.775454,0.0],[-46.308758,-23.77546,0.0],[-46.308762,-23.775485,0.0]]}},{"type":"Feature","properties":{"tipo":"Edificação (CAD 2025)"},"geometry":{"type":"LineString","coordinates":[[-46.307488,-23.775486,0.0],[-46.307413,-23.775418,0.0],[-46.307376,-23.775452,0.0],[-46.307447,-23.775517,0.0],[-46.307488,-23.775486,0.0]]}},{"type":"Feature","properties":{"tipo":"Edificação (CAD 2025)"},"geometry":{"type":"LineString","coordinates":[[-46.308685,-23.775488,0.0],[-46.308689,-23.775446,0.0],[-46.30866,-23.775444,0.0],[-46.308656,-23.775486,0.0],[-46.308685,-23.775488,0.0]]}},{"type":"Feature","properties":{"tipo":"Edificação (CAD 2025)"},"geometry":{"type":"LineString","coordinates":[[-46.307777,-23.775398,0.0],[-46.307824,-23.775326,0.0],[-46.30787,-23.775353,0.0],[-46.307846,-23.775387,0.0],[-46.307869,-23.7754,0.0],[-46.307845,-23.775438,0.0],[-46.307777,-23.775398,0.0]]}},{"type":"Feature","properties":{"tipo":"Edificação (CAD 2025)"},"geometry":{"type":"LineString","coordinates":[[-46.309267,-23.775374,0.0],[-46.309344,-23.775324,0.0],[-46.309382,-23.775374,0.0],[-46.309324,-23.775411,0.0],[-46.309312,-23.775395,0.0],[-46.309293,-23.775408,0.0],[-46.309267,-23.775374,0.0]]}},{"type":"Feature","properties":{"tipo":"Edificação (CAD 2025)"},"geometry":{"type":"LineString","coordinates":[[-46.307778,-23.775263,0.0],[-46.307843,-23.775297,0.0],[-46.307777,-23.775398,0.0],[-46.307713,-23.775365,0.0],[-46.307778,-23.775263,0.0]]}},{"type":"Feature","properties":{"tipo":"Edificação (CAD 2025)"},"geometry":{"type":"LineString","coordinates":[[-46.307726,-23.775324,0.0],[-46.307763,-23.775246,0.0],[-46.307722,-23.775229,0.0],[-46.307685,-23.775308,0.0],[-46.307695,-23.775312,0.0],[-46.307685,-23.775333,0.0],[-46.30772,-23.775347,0.0],[-46.30773,-23.775325,0.0],[-46.307726,-23.775324,0.0]]}},{"type":"Feature","properties":{"tipo":"Edificação (CAD 2025)"},"geometry":{"type":"LineString","coordinates":[[-46.308023,-23.77525,0.0],[-46.308032,-23.775309,0.0],[-46.307983,-23.775315,0.0],[-46.307974,-23.775256,0.0],[-46.308023,-23.77525,0.0]]}},{"type":"Feature","properties":{"tipo":"Edificação (CAD 2025)"},"geometry":{"type":"LineString","coordinates":[[-46.309412,-23.775268,0.0],[-46.309487,-23.775236,0.0],[-46.309513,-23.775289,0.0],[-46.309437,-23.775321,0.0],[-46.309412,-23.775268,0.0]]}},{"type":"Feature","properties":{"tipo":"Edificação (CAD 2025)"},"geometry":{"type":"LineString","coordinates":[[-46.307677,-23.775315,0.0],[-46.307712,-23.775229,0.0],[-46.307668,-23.775214,0.0],[-46.307633,-23.7753,0.0],[-46.307677,-23.775315,0.0]]}},{"type":"Feature","properties":{"tipo":"Edificação (CAD 2025)"},"geometry":{"type":"LineString","coordinates":[[-46.307558,-23.775277,0.0],[-46.307628,-23.775297,0.0],[-46.307651,-23.775228,0.0],[-46.307581,-23.775208,0.0],[-46.307558,-23.775277,0.0]]}},{"type":"Feature","properties":{"tipo":"Edificação (CAD 2025)"},"geometry":{"type":"LineString","coordinates":[[-46.310202,-23.775175,0.0],[-46.310221,-23.775227,0.0],[-46.310239,-23.775222,0.0],[-46.31025,-23.775252,0.0],[-46.310243,-23.775254,0.0],[-46.310252,-23.775279,0.0],[-46.310146,-23.775311,0.0],[-46.310125,-23.775252,0.0],[-46.31014,-23.775247,0.0],[-46.310135,-23.775231,0.0],[-46.310174,-23.77522,0.0],[-46.310162,-23.775188,0.0],[-46.310202,-23.775175,0.0]]}},{"type":"Feature","properties":{"tipo":"Edificação (CAD 2025)"},"geometry":{"type":"LineString","coordinates":[[-46.307449,-23.775266,0.0],[-46.307475,-23.775236,0.0],[-46.307446,-23.775215,0.0],[-46.307419,-23.775244,0.0],[-46.307449,-23.775266,0.0]]}},{"type":"Feature","properties":{"tipo":"Edificação (CAD 2025)"},"geometry":{"type":"LineString","coordinates":[[-46.307581,-23.775208,0.0],[-46.307566,-23.775253,0.0],[-46.307559,-23.775251,0.0],[-46.307555,-23.775266,0.0],[-46.307544,-23.775263,0.0],[-46.307542,-23.775271,0.0],[-46.307515,-23.775263,0.0],[-46.307517,-23.775253,0.0],[-46.30749,-23.775241,0.0],[-46.307513,-23.775189,0.0],[-46.307581,-23.775208,0.0]]}},{"type":"Feature","properties":{"tipo":"Edificação (CAD 2025)"},"geometry":{"type":"LineString","coordinates":[[-46.308949,-23.775268,0.0],[-46.308948,-23.77519,0.0],[-46.308846,-23.775191,0.0],[-46.308847,-23.775246,0.0],[-46.308911,-23.775245,0.0],[-46.308911,-23.775257,0.0],[-46.308925,-23.775257,0.0],[-46.308925,-23.775268,0.0],[-46.308949,-23.775268,0.0]]}},{"type":"Feature","properties":{"tipo":"Edificação (CAD 2025)"},"geometry":{"type":"LineString","coordinates":[[-46.309734,-23.775165,0.0],[-46.30976,-23.775259,0.0],[-46.309659,-23.775282,0.0],[-46.309634,-23.775189,0.0],[-46.309734,-23.775165,0.0]]}},{"type":"Feature","properties":{"tipo":"Edificação (CAD 2025)"},"geometry":{"type":"LineString","coordinates":[[-46.310378,-23.775161,0.0],[-46.310399,-23.775247,0.0],[-46.310362,-23.775255,0.0],[-46.31036,-23.775247,0.0],[-46.310324,-23.775254,0.0],[-46.310304,-23.775176,0.0],[-46.310378,-23.775161,0.0]]}},{"type":"Feature","properties":{"tipo":"Edificação (CAD 2025)"},"geometry":{"type":"LineString","coordinates":[[-46.310455,-23.775143,0.0],[-46.310474,-23.775217,0.0],[-46.310417,-23.77523,0.0],[-46.310397,-23.775155,0.0],[-46.310455,-23.775143,0.0]]}},{"type":"Feature","properties":{"tipo":"Edificação (CAD 2025)"},"geometry":{"type":"LineString","coordinates":[[-46.31052,-23.775129,0.0],[-46.31054,-23.775193,0.0],[-46.310508,-23.775201,0.0],[-46.310512,-23.775214,0.0],[-46.310486,-23.775221,0.0],[-46.310462,-23.775144,0.0],[-46.31052,-23.775129,0.0]]}},{"type":"Feature","properties":{"tipo":"Edificação (CAD 2025)"},"geometry":{"type":"LineString","coordinates":[[-46.307316,-23.775157,0.0],[-46.307363,-23.775105,0.0],[-46.307472,-23.775187,0.0],[-46.307426,-23.775236,0.0],[-46.307316,-23.775157,0.0]]}},{"type":"Feature","properties":{"tipo":"Edificação (CAD 2025)"},"geometry":{"type":"LineString","coordinates":[[-46.308794,-23.77522,0.0],[-46.308805,-23.775161,0.0],[-46.308823,-23.775164,0.0],[-46.308829,-23.775133,0.0],[-46.308812,-23.775131,0.0],[-46.30882,-23.775089,0.0],[-46.308699,-23.77507,0.0],[-46.308688,-23.77513,0.0],[-46.30872,-23.775135,0.0],[-46.308714,-23.775169,0.0],[-46.30875,-23.775175,0.0],[-46.308745,-23.775202,0.0],[-46.308776,-23.775206,0.0],[-46.308774,-23.775217,0.0],[-46.308794,-23.77522,0.0]]}},{"type":"Feature","properties":{"tipo":"Edificação (CAD 2025)"},"geometry":{"type":"LineString","coordinates":[[-46.307088,-23.775116,0.0],[-46.307091,-23.775132,0.0],[-46.30711,-23.77513,0.0],[-46.307108,-23.775114,0.0],[-46.307088,-23.775116,0.0]]}},{"type":"Feature","properties":{"tipo":"Edificação (CAD 2025)"},"geometry":{"type":"LineString","coordinates":[[-46.307747,-23.775133,0.0],[-46.307868,-23.775151,0.0],[-46.307877,-23.775094,0.0],[-46.307863,-23.775093,0.0],[-46.307864,-23.775088,0.0],[-46.30786,-23.775087,0.0],[-46.307862,-23.775072,0.0],[-46.307833,-23.775068,0.0],[-46.307828,-23.7751,0.0],[-46.307809,-23.775098,0.0],[-46.307806,-23.775103,0.0],[-46.307751,-23.775097,0.0],[-46.307747,-23.775133,0.0]]}},{"type":"Feature","properties":{"tipo":"Edificação (CAD 2025)"},"geometry":{"type":"LineString","coordinates":[[-46.307086,-23.775106,0.0],[-46.307044,-23.775076,0.0],[-46.307027,-23.775096,0.0],[-46.30707,-23.775126,0.0],[-46.307086,-23.775106,0.0]]}},{"type":"Feature","properties":{"tipo":"Edificação (CAD 2025)"},"geometry":{"type":"LineString","coordinates":[[-46.307598,-23.775113,0.0],[-46.307668,-23.775115,0.0],[-46.30767,-23.775061,0.0],[-46.3076,-23.775058,0.0],[-46.307598,-23.775113,0.0]]}},{"type":"Feature","properties":{"tipo":"Edificação (CAD 2025)"},"geometry":{"type":"LineString","coordinates":[[-46.307597,-23.775113,0.0],[-46.307557,-23.775111,0.0],[-46.307559,-23.775084,0.0],[-46.30754,-23.775083,0.0],[-46.307542,-23.775055,0.0],[-46.3076,-23.775058,0.0],[-46.307597,-23.775113,0.0]]}},{"type":"Feature","properties":{"tipo":"Edificação (CAD 2025)"},"geometry":{"type":"LineString","coordinates":[[-46.308503,-23.775063,0.0],[-46.308558,-23.775066,0.0],[-46.308551,-23.775096,0.0],[-46.308501,-23.775091,0.0],[-46.308503,-23.775063,0.0]]}},{"type":"Feature","properties":{"tipo":"Edificação (CAD 2025)"},"geometry":{"type":"LineString","coordinates":[[-46.310799,-23.775049,0.0],[-46.310664,-23.775098,0.0],[-46.310658,-23.775086,0.0],[-46.310592,-23.775111,0.0],[-46.310551,-23.77502,0.0],[-46.310576,-23.77501,0.0],[-46.310573,-23.774998,0.0],[-46.310723,-23.774945,0.0],[-46.310726,-23.774953,0.0],[-46.310748,-23.774945,0.0],[-46.310799,-23.775049,0.0]]}},{"type":"Feature","properties":{"tipo":"Edificação (CAD 2025)"},"geometry":{"type":"LineString","coordinates":[[-46.306953,-23.775008,0.0],[-46.306991,-23.775054,0.0],[-46.30703,-23.775026,0.0],[-46.306992,-23.77498,0.0],[-46.306953,-23.775008,0.0]]}},{"type":"Feature","properties":{"tipo":"Edificação (CAD 2025)"},"geometry":{"type":"LineString","coordinates":[[-46.307478,-23.77505,0.0],[-46.30756,-23.775046,0.0],[-46.307557,-23.77499,0.0],[-46.307533,-23.774991,0.0],[-46.307532,-23.774983,0.0],[-46.307474,-23.774985,0.0],[-46.307478,-23.77505,0.0]]}},{"type":"Feature","properties":{"tipo":"Edificação (CAD 2025)"},"geometry":{"type":"LineString","coordinates":[[-46.310841,-23.775008,0.0],[-46.3108,-23.774926,0.0],[-46.310748,-23.774945,0.0],[-46.310788,-23.775028,0.0],[-46.310841,-23.775008,0.0]]}},{"type":"Feature","properties":{"tipo":"Edificação (CAD 2025)"},"geometry":{"type":"LineString","coordinates":[[-46.310852,-23.774964,0.0],[-46.310921,-23.774943,0.0],[-46.310932,-23.774974,0.0],[-46.310862,-23.774996,0.0],[-46.310852,-23.774964,0.0]]}},{"type":"Feature","properties":{"tipo":"Edificação (CAD 2025)"},"geometry":{"type":"LineString","coordinates":[[-46.310822,-23.774917,0.0],[-46.310936,-23.774916,0.0],[-46.310939,-23.774939,0.0],[-46.310825,-23.774951,0.0],[-46.310822,-23.774917,0.0]]}},{"type":"Feature","properties":{"tipo":"Edificação (CAD 2025)"},"geometry":{"type":"LineString","coordinates":[[-46.306838,-23.77483,0.0],[-46.306707,-23.774861,0.0],[-46.306674,-23.774739,0.0],[-46.306805,-23.774709,0.0],[-46.306838,-23.77483,0.0]]}},{"type":"Feature","properties":{"tipo":"Edificação (CAD 2025)"},"geometry":{"type":"LineString","coordinates":[[-46.306763,-23.774599,0.0],[-46.306757,-23.77457,0.0],[-46.306793,-23.774564,0.0],[-46.306798,-23.774593,0.0],[-46.306763,-23.774599,0.0]]}},{"type":"Feature","properties":{"tipo":"Edificação (CAD 2025)"},"geometry":{"type":"LineString","coordinates":[[-46.305469,-23.774341,0.0],[-46.305592,-23.774168,0.0],[-46.305627,-23.77419,0.0],[-46.305618,-23.774202,0.0],[-46.305637,-23.774214,0.0],[-46.3056,-23.774264,0.0],[-46.305587,-23.774256,0.0],[-46.305544,-23.774315,0.0],[-46.305561,-23.774326,0.0],[-46.305547,-23.774346,0.0],[-46.305529,-23.774334,0.0],[-46.305507,-23.774365,0.0],[-46.305469,-23.774341,0.0]]}},{"type":"Feature","properties":{"tipo":"Edificação (CAD 2025)"},"geometry":{"type":"LineString","coordinates":[[-46.305507,-23.774155,0.0],[-46.305407,-23.774294,0.0],[-46.305332,-23.774248,0.0],[-46.305432,-23.77411,0.0],[-46.305507,-23.774155,0.0]]}},{"type":"Feature","properties":{"tipo":"Edificação (CAD 2025)"},"geometry":{"type":"LineString","coordinates":[[-46.305397,-23.774076,0.0],[-46.305579,-23.774187,0.0],[-46.305631,-23.774114,0.0],[-46.305437,-23.774021,0.0],[-46.305397,-23.774076,0.0]]}},{"type":"Feature","properties":{"tipo":"Edificação (CAD 2025)"},"geometry":{"type":"LineString","coordinates":[[-46.30499,-23.773988,0.0],[-46.305023,-23.773843,0.0],[-46.305095,-23.773857,0.0],[-46.305092,-23.773872,0.0],[-46.305111,-23.773876,0.0],[-46.305109,-23.773887,0.0],[-46.305122,-23.773889,0.0],[-46.305114,-23.773924,0.0],[-46.305127,-23.773926,0.0],[-46.305115,-23.773984,0.0],[-46.305111,-23.773983,0.0],[-46.305107,-23.774008,0.0],[-46.305101,-23.774007,0.0],[-46.305094,-23.774035,0.0],[-46.305075,-23.774032,0.0],[-46.305076,-23.774026,0.0],[-46.305036,-23.774019,0.0],[-46.305041,-23.773998,0.0],[-46.30499,-23.773988,0.0]]}},{"type":"Feature","properties":{"tipo":"Edificação (CAD 2025)"},"geometry":{"type":"LineString","coordinates":[[-46.309794,-23.773942,0.0],[-46.30986,-23.773863,0.0],[-46.309804,-23.773823,0.0],[-46.309739,-23.773902,0.0],[-46.309794,-23.773942,0.0]]}},{"type":"Feature","properties":{"tipo":"Edificação (CAD 2025)"},"geometry":{"type":"LineString","coordinates":[[-46.30516,-23.773845,0.0],[-46.305174,-23.773866,0.0],[-46.305198,-23.773859,0.0],[-46.305191,-23.773842,0.0],[-46.30516,-23.773845,0.0]]}},{"type":"Feature","properties":{"tipo":"Edificação (CAD 2025)"},"geometry":{"type":"LineString","coordinates":[[-46.305147,-23.773836,0.0],[-46.305184,-23.773834,0.0],[-46.30517,-23.773784,0.0],[-46.305144,-23.773783,0.0],[-46.305143,-23.773813,0.0],[-46.305147,-23.773836,0.0]]}},{"type":"Feature","properties":{"tipo":"Edificação (CAD 2025)"},"geometry":{"type":"LineString","coordinates":[[-46.305011,-23.773804,0.0],[-46.305017,-23.7737,0.0],[-46.305094,-23.773709,0.0],[-46.305093,-23.773721,0.0],[-46.305106,-23.773722,0.0],[-46.305101,-23.773809,0.0],[-46.305011,-23.773804,0.0]]}},{"type":"Feature","properties":{"tipo":"Edificação (CAD 2025)"},"geometry":{"type":"LineString","coordinates":[[-46.305138,-23.773756,0.0],[-46.305176,-23.773752,0.0],[-46.305177,-23.773732,0.0],[-46.305166,-23.773732,0.0],[-46.305158,-23.773701,0.0],[-46.305167,-23.773691,0.0],[-46.305164,-23.773679,0.0],[-46.305135,-23.773686,0.0],[-46.305138,-23.773695,0.0],[-46.305126,-23.773698,0.0],[-46.305138,-23.773756,0.0]]}},{"type":"Feature","properties":{"tipo":"Edificação (CAD 2025)"},"geometry":{"type":"LineString","coordinates":[[-46.305042,-23.773688,0.0],[-46.305064,-23.77369,0.0],[-46.305065,-23.773675,0.0],[-46.305043,-23.773674,0.0],[-46.305042,-23.773688,0.0]]}},{"type":"Feature","properties":{"tipo":"Edificação (CAD 2025)"},"geometry":{"type":"LineString","coordinates":[[-46.310816,-23.773623,0.0],[-46.310904,-23.773644,0.0],[-46.310925,-23.77357,0.0],[-46.310837,-23.773548,0.0],[-46.310816,-23.773623,0.0]]}}]}
