{"type":"FeatureCollection","features":[{"type":"Feature","properties":{"elemento":"0_PMSA_FERROVIA"},"geometry":{"type":"LineString","coordinates":[[-46.303325,-23.780344,0.0],[-46.303883,-23.780659,0.0]]}},{"type":"Feature","properties":{"elemento":"0_PMSA_FERROVIA"},"geometry":{"type":"LineString","coordinates":[[-46.303325,-23.780344,0.0],[-46.303883,-23.780659,0.0]]}},{"type":"Feature","properties":{"elemento":"0_PMSA_FERROVIA"},"geometry":{"type":"LineString","coordinates":[[-46.303576,-23.78041,0.0],[-46.303903,-23.78059,0.0]]}},{"type":"Feature","properties":{"elemento":"0_PMSA_FERROVIA"},"geometry":{"type":"LineString","coordinates":[[-46.303576,-23.78041,0.0],[-46.303903,-23.78059,0.0]]}},{"type":"Feature","properties":{"elemento":"0_PMSA_FERROVIA"},"geometry":{"type":"LineString","coordinates":[[-46.303926,-23.780539,0.0],[-46.303736,-23.780434,0.0]]}},{"type":"Feature","properties":{"elemento":"0_PMSA_FERROVIA"},"geometry":{"type":"LineString","coordinates":[[-46.303926,-23.780539,0.0],[-46.303736,-23.780434,0.0]]}},{"type":"Feature","properties":{"elemento":"0_PMSA_FERROVIA"},"geometry":{"type":"LineString","coordinates":[[-46.303725,-23.780403,0.0],[-46.303929,-23.780516,0.0]]}},{"type":"Feature","properties":{"elemento":"0_PMSA_FERROVIA"},"geometry":{"type":"LineString","coordinates":[[-46.303725,-23.780403,0.0],[-46.303929,-23.780516,0.0]]}},{"type":"Feature","properties":{"elemento":"0_PMSA_FERROVIA"},"geometry":{"type":"LineString","coordinates":[[-46.303303,-23.780289,0.0],[-46.303408,-23.780354,0.0],[-46.303895,-23.780625,0.0]]}},{"type":"Feature","properties":{"elemento":"0_PMSA_FERROVIA"},"geometry":{"type":"LineString","coordinates":[[-46.303303,-23.780289,0.0],[-46.303408,-23.780354,0.0],[-46.303895,-23.780625,0.0]]}},{"type":"Feature","properties":{"elemento":"0_PMSA_FERROVIA"},"geometry":{"type":"LineString","coordinates":[[-46.303303,-23.780373,0.0],[-46.303522,-23.780501,0.0]]}},{"type":"Feature","properties":{"elemento":"0_PMSA_FERROVIA"},"geometry":{"type":"LineString","coordinates":[[-46.303303,-23.780373,0.0],[-46.303522,-23.780501,0.0]]}},{"type":"Feature","properties":{"elemento":"0_PMSA_FERROVIA"},"geometry":{"type":"LineString","coordinates":[[-46.302798,-23.779826,0.0],[-46.30287,-23.779934,0.0],[-46.302982,-23.780074,0.0],[-46.303133,-23.780224,0.0],[-46.303215,-23.780292,0.0],[-46.303411,-23.780418,0.0],[-46.304137,-23.780825,0.0]]}},{"type":"Feature","properties":{"elemento":"0_PMSA_FERROVIA"},"geometry":{"type":"LineString","coordinates":[[-46.302798,-23.779826,0.0],[-46.30287,-23.779934,0.0],[-46.302982,-23.780074,0.0],[-46.303133,-23.780224,0.0],[-46.303215,-23.780292,0.0],[-46.303411,-23.780418,0.0],[-46.304137,-23.780825,0.0]]}},{"type":"Feature","properties":{"elemento":"0_PMSA_FERROVIA"},"geometry":{"type":"LineString","coordinates":[[-46.303893,-23.780541,0.0],[-46.303364,-23.780242,0.0],[-46.303173,-23.780073,0.0]]}},{"type":"Feature","properties":{"elemento":"0_PMSA_FERROVIA"},"geometry":{"type":"LineString","coordinates":[[-46.303893,-23.780541,0.0],[-46.303364,-23.780242,0.0],[-46.303173,-23.780073,0.0]]}},{"type":"Feature","properties":{"elemento":"0_PMSA_FERROVIA"},"geometry":{"type":"LineString","coordinates":[[-46.302847,-23.779693,0.0],[-46.302909,-23.779798,0.0],[-46.302996,-23.77992,0.0],[-46.303104,-23.780045,0.0],[-46.303212,-23.780151,0.0],[-46.303307,-23.780229,0.0],[-46.303437,-23.780316,0.0],[-46.303882,-23.780556,0.0],[-46.304084,-23.780686,0.0],[-46.304244,-23.780802,0.0]]}},{"type":"Feature","properties":{"elemento":"0_PMSA_FERROVIA"},"geometry":{"type":"LineString","coordinates":[[-46.302847,-23.779693,0.0],[-46.302909,-23.779798,0.0],[-46.302996,-23.77992,0.0],[-46.303104,-23.780045,0.0],[-46.303212,-23.780151,0.0],[-46.303307,-23.780229,0.0],[-46.303437,-23.780316,0.0],[-46.303882,-23.780556,0.0],[-46.304084,-23.780686,0.0],[-46.304244,-23.780802,0.0]]}},{"type":"Feature","properties":{"elemento":"0_PMSA_FERROVIA"},"geometry":{"type":"LineString","coordinates":[[-46.303908,-23.780237,0.0],[-46.303852,-23.780185,0.0]]}},{"type":"Feature","properties":{"elemento":"0_PMSA_FERROVIA"},"geometry":{"type":"LineString","coordinates":[[-46.304354,-23.780623,0.0],[-46.303821,-23.780261,0.0],[-46.30353,-23.780075,0.0],[-46.303323,-23.779954,0.0],[-46.303129,-23.779806,0.0],[-46.303074,-23.779743,0.0]]}},{"type":"Feature","properties":{"elemento":"0_PMSA_FERROVIA"},"geometry":{"type":"LineString","coordinates":[[-46.304354,-23.780623,0.0],[-46.303821,-23.780261,0.0],[-46.30353,-23.780075,0.0],[-46.303323,-23.779954,0.0],[-46.303129,-23.779806,0.0],[-46.303074,-23.779743,0.0]]}},{"type":"Feature","properties":{"elemento":"0_PMSA_FERROVIA"},"geometry":{"type":"LineString","coordinates":[[-46.302774,-23.779708,0.0],[-46.302869,-23.779872,0.0],[-46.302925,-23.779948,0.0],[-46.303064,-23.780111,0.0],[-46.303157,-23.7802,0.0],[-46.303278,-23.780294,0.0],[-46.303389,-23.780363,0.0],[-46.303892,-23.780645,0.0]]}},{"type":"Feature","properties":{"elemento":"0_PMSA_FERROVIA"},"geometry":{"type":"LineString","coordinates":[[-46.302774,-23.779708,0.0],[-46.302869,-23.779872,0.0],[-46.302925,-23.779948,0.0],[-46.303064,-23.780111,0.0],[-46.303157,-23.7802,0.0],[-46.303278,-23.780294,0.0],[-46.303389,-23.780363,0.0],[-46.303892,-23.780645,0.0]]}},{"type":"Feature","properties":{"elemento":"0_PMSA_FERROVIA"},"geometry":{"type":"LineString","coordinates":[[-46.303822,-23.780241,0.0],[-46.303514,-23.780045,0.0]]}},{"type":"Feature","properties":{"elemento":"0_PMSA_FERROVIA"},"geometry":{"type":"LineString","coordinates":[[-46.303822,-23.780241,0.0],[-46.303514,-23.780045,0.0]]}},{"type":"Feature","properties":{"elemento":"0_PMSA_FERROVIA"},"geometry":{"type":"LineString","coordinates":[[-46.303736,-23.780434,0.0],[-46.303386,-23.780231,0.0],[-46.303295,-23.780167,0.0],[-46.303185,-23.780061,0.0],[-46.303047,-23.779906,0.0],[-46.302997,-23.779842,0.0],[-46.302928,-23.77973,0.0]]}},{"type":"Feature","properties":{"elemento":"0_PMSA_FERROVIA"},"geometry":{"type":"LineString","coordinates":[[-46.303736,-23.780434,0.0],[-46.303386,-23.780231,0.0],[-46.303295,-23.780167,0.0],[-46.303185,-23.780061,0.0],[-46.303047,-23.779906,0.0],[-46.302997,-23.779842,0.0],[-46.302928,-23.77973,0.0]]}},{"type":"Feature","properties":{"elemento":"0_PMSA_FERROVIA"},"geometry":{"type":"LineString","coordinates":[[-46.302932,-23.779688,0.0],[-46.303016,-23.779828,0.0],[-46.303071,-23.779899,0.0],[-46.303242,-23.780078,0.0],[-46.303466,-23.780253,0.0],[-46.303725,-23.780403,0.0]]}},{"type":"Feature","properties":{"elemento":"0_PMSA_FERROVIA"},"geometry":{"type":"LineString","coordinates":[[-46.302932,-23.779688,0.0],[-46.303016,-23.779828,0.0],[-46.303071,-23.779899,0.0],[-46.303242,-23.780078,0.0],[-46.303466,-23.780253,0.0],[-46.303725,-23.780403,0.0]]}},{"type":"Feature","properties":{"elemento":"0_PMSA_FERROVIA"},"geometry":{"type":"LineString","coordinates":[[-46.30292,-23.779629,0.0],[-46.303046,-23.779841,0.0],[-46.303199,-23.780016,0.0],[-46.303443,-23.780218,0.0],[-46.303732,-23.780387,0.0]]}},{"type":"Feature","properties":{"elemento":"0_PMSA_FERROVIA"},"geometry":{"type":"LineString","coordinates":[[-46.302813,-23.779662,0.0],[-46.302913,-23.779841,0.0],[-46.303023,-23.779979,0.0],[-46.303149,-23.780115,0.0],[-46.303347,-23.780281,0.0],[-46.303576,-23.78041,0.0]]}},{"type":"Feature","properties":{"elemento":"0_PMSA_FERROVIA"},"geometry":{"type":"LineString","coordinates":[[-46.302813,-23.779662,0.0],[-46.302913,-23.779841,0.0],[-46.303023,-23.779979,0.0],[-46.303149,-23.780115,0.0],[-46.303347,-23.780281,0.0],[-46.303576,-23.78041,0.0]]}},{"type":"Feature","properties":{"elemento":"0_PMSA_FERROVIA"},"geometry":{"type":"LineString","coordinates":[[-46.302796,-23.779668,0.0],[-46.302912,-23.779874,0.0],[-46.303056,-23.780047,0.0],[-46.303201,-23.780188,0.0],[-46.303302,-23.780267,0.0],[-46.30341,-23.780336,0.0]]}},{"type":"Feature","properties":{"elemento":"0_PMSA_FERROVIA"},"geometry":{"type":"LineString","coordinates":[[-46.302796,-23.779668,0.0],[-46.302912,-23.779874,0.0],[-46.303056,-23.780047,0.0],[-46.303201,-23.780188,0.0],[-46.303302,-23.780267,0.0],[-46.30341,-23.780336,0.0]]}},{"type":"Feature","properties":{"elemento":"0_PMSA_FERROVIA"},"geometry":{"type":"LineString","coordinates":[[-46.30338,-23.780129,0.0],[-46.303209,-23.779975,0.0],[-46.303058,-23.779761,0.0]]}},{"type":"Feature","properties":{"elemento":"0_PMSA_FERROVIA"},"geometry":{"type":"LineString","coordinates":[[-46.30338,-23.780129,0.0],[-46.303209,-23.779975,0.0],[-46.303058,-23.779761,0.0]]}},{"type":"Feature","properties":{"elemento":"0_PMSA_FERROVIA"},"geometry":{"type":"LineString","coordinates":[[-46.303392,-23.780116,0.0],[-46.303226,-23.779966,0.0],[-46.303069,-23.779745,0.0]]}},{"type":"Feature","properties":{"elemento":"0_PMSA_FERROVIA"},"geometry":{"type":"LineString","coordinates":[[-46.303392,-23.780116,0.0],[-46.303226,-23.779966,0.0],[-46.303069,-23.779745,0.0]]}},{"type":"Feature","properties":{"elemento":"0_PMSA_FERROVIA"},"geometry":{"type":"LineString","coordinates":[[-46.303366,-23.779961,0.0],[-46.303176,-23.779829,0.0],[-46.303086,-23.779727,0.0]]}},{"type":"Feature","properties":{"elemento":"0_PMSA_FERROVIA"},"geometry":{"type":"LineString","coordinates":[[-46.303366,-23.779961,0.0],[-46.303176,-23.779829,0.0],[-46.303086,-23.779727,0.0]]}},{"type":"Feature","properties":{"elemento":"0_PMSA_FERROVIA"},"geometry":{"type":"LineString","coordinates":[[-46.302734,-23.779743,0.0],[-46.302856,-23.779944,0.0],[-46.302969,-23.780085,0.0],[-46.303151,-23.780264,0.0],[-46.303303,-23.780373,0.0]]}},{"type":"Feature","properties":{"elemento":"0_PMSA_FERROVIA"},"geometry":{"type":"LineString","coordinates":[[-46.302734,-23.779743,0.0],[-46.302856,-23.779944,0.0],[-46.302969,-23.780085,0.0],[-46.303151,-23.780264,0.0],[-46.303303,-23.780373,0.0]]}},{"type":"Feature","properties":{"elemento":"0_PMSA_FERROVIA"},"geometry":{"type":"LineString","coordinates":[[-46.302758,-23.779712,0.0],[-46.302884,-23.779925,0.0],[-46.303039,-23.780108,0.0],[-46.303181,-23.780242,0.0],[-46.303325,-23.780344,0.0]]}},{"type":"Feature","properties":{"elemento":"0_PMSA_FERROVIA"},"geometry":{"type":"LineString","coordinates":[[-46.302758,-23.779712,0.0],[-46.302884,-23.779925,0.0],[-46.303039,-23.780108,0.0],[-46.303181,-23.780242,0.0],[-46.303325,-23.780344,0.0]]}},{"type":"Feature","properties":{"elemento":"0_PMSA_FERROVIA"},"geometry":{"type":"LineString","coordinates":[[-46.302791,-23.779692,0.0],[-46.302891,-23.779873,0.0],[-46.302989,-23.78,0.0],[-46.30314,-23.780157,0.0],[-46.303303,-23.780289,0.0]]}},{"type":"Feature","properties":{"elemento":"0_PMSA_FERROVIA"},"geometry":{"type":"LineString","coordinates":[[-46.302791,-23.779692,0.0],[-46.302891,-23.779873,0.0],[-46.302989,-23.78,0.0],[-46.30314,-23.780157,0.0],[-46.303303,-23.780289,0.0]]}},{"type":"Feature","properties":{"elemento":"0_PMSA_FERROVIA"},"geometry":{"type":"LineString","coordinates":[[-46.303074,-23.779743,0.0],[-46.302986,-23.77963,0.0]]}},{"type":"Feature","properties":{"elemento":"0_PMSA_FERROVIA"},"geometry":{"type":"LineString","coordinates":[[-46.303074,-23.779743,0.0],[-46.302986,-23.77963,0.0]]}},{"type":"Feature","properties":{"elemento":"0_PMSA_FERROVIA"},"geometry":{"type":"LineString","coordinates":[[-46.303086,-23.779727,0.0],[-46.303002,-23.779621,0.0]]}},{"type":"Feature","properties":{"elemento":"0_PMSA_FERROVIA"},"geometry":{"type":"LineString","coordinates":[[-46.303086,-23.779727,0.0],[-46.303002,-23.779621,0.0]]}},{"type":"Feature","properties":{"elemento":"0_PMSA_FERROVIA"},"geometry":{"type":"LineString","coordinates":[[-46.30292,-23.779629,0.0],[-46.303046,-23.779841,0.0],[-46.303199,-23.780016,0.0],[-46.303443,-23.780218,0.0],[-46.303732,-23.780387,0.0]]}},{"type":"Feature","properties":{"elemento":"0_PMSA_FERROVIA"},"geometry":{"type":"LineString","coordinates":[[-46.303514,-23.780045,0.0],[-46.303366,-23.779961,0.0]]}},{"type":"Feature","properties":{"elemento":"0_PMSA_FERROVIA"},"geometry":{"type":"LineString","coordinates":[[-46.303514,-23.780045,0.0],[-46.303366,-23.779961,0.0]]}},{"type":"Feature","properties":{"elemento":"0_PMSA_FERROVIA"},"geometry":{"type":"LineString","coordinates":[[-46.303444,-23.779859,0.0],[-46.303337,-23.779731,0.0],[-46.303239,-23.779565,0.0]]}},{"type":"Feature","properties":{"elemento":"0_PMSA_FERROVIA"},"geometry":{"type":"LineString","coordinates":[[-46.303444,-23.779859,0.0],[-46.303337,-23.779731,0.0],[-46.303239,-23.779565,0.0]]}},{"type":"Feature","properties":{"elemento":"0_PMSA_FERROVIA"},"geometry":{"type":"LineString","coordinates":[[-46.303456,-23.779847,0.0],[-46.303348,-23.779715,0.0],[-46.303254,-23.779555,0.0]]}},{"type":"Feature","properties":{"elemento":"0_PMSA_FERROVIA"},"geometry":{"type":"LineString","coordinates":[[-46.303456,-23.779847,0.0],[-46.303348,-23.779715,0.0],[-46.303254,-23.779555,0.0]]}},{"type":"Feature","properties":{"elemento":"0_PMSA_FERROVIA"},"geometry":{"type":"LineString","coordinates":[[-46.303318,-23.7797,0.0],[-46.303334,-23.779691,0.0]]}},{"type":"Feature","properties":{"elemento":"0_PMSA_FERROVIA"},"geometry":{"type":"LineString","coordinates":[[-46.303318,-23.7797,0.0],[-46.303334,-23.779691,0.0]]}},{"type":"Feature","properties":{"elemento":"0_PMSA_FERROVIA"},"geometry":{"type":"LineString","coordinates":[[-46.303315,-23.779086,0.0],[-46.303462,-23.779434,0.0],[-46.303544,-23.779582,0.0],[-46.303649,-23.779733,0.0],[-46.303778,-23.779891,0.0],[-46.304053,-23.780174,0.0]]}},{"type":"Feature","properties":{"elemento":"0_PMSA_FERROVIA"},"geometry":{"type":"LineString","coordinates":[[-46.302746,-23.779727,0.0],[-46.302798,-23.779826,0.0]]}},{"type":"Feature","properties":{"elemento":"0_PMSA_FERROVIA"},"geometry":{"type":"LineString","coordinates":[[-46.302746,-23.779727,0.0],[-46.302798,-23.779826,0.0]]}},{"type":"Feature","properties":{"elemento":"0_PMSA_FERROVIA"},"geometry":{"type":"LineString","coordinates":[[-46.302687,-23.779532,0.0],[-46.302758,-23.779712,0.0]]}},{"type":"Feature","properties":{"elemento":"0_PMSA_FERROVIA"},"geometry":{"type":"LineString","coordinates":[[-46.302687,-23.779532,0.0],[-46.302758,-23.779712,0.0]]}},{"type":"Feature","properties":{"elemento":"0_PMSA_FERROVIA"},"geometry":{"type":"LineString","coordinates":[[-46.302695,-23.779502,0.0],[-46.302774,-23.779708,0.0]]}},{"type":"Feature","properties":{"elemento":"0_PMSA_FERROVIA"},"geometry":{"type":"LineString","coordinates":[[-46.302695,-23.779502,0.0],[-46.302774,-23.779708,0.0]]}},{"type":"Feature","properties":{"elemento":"0_PMSA_FERROVIA"},"geometry":{"type":"LineString","coordinates":[[-46.302664,-23.779277,0.0],[-46.302685,-23.779395,0.0],[-46.302727,-23.779544,0.0],[-46.302791,-23.779692,0.0]]}},{"type":"Feature","properties":{"elemento":"0_PMSA_FERROVIA"},"geometry":{"type":"LineString","coordinates":[[-46.302664,-23.779277,0.0],[-46.302685,-23.779395,0.0],[-46.302727,-23.779544,0.0],[-46.302791,-23.779692,0.0]]}},{"type":"Feature","properties":{"elemento":"0_PMSA_FERROVIA"},"geometry":{"type":"LineString","coordinates":[[-46.302928,-23.77973,0.0],[-46.302827,-23.779517,0.0],[-46.302783,-23.779374,0.0],[-46.302738,-23.77912,0.0]]}},{"type":"Feature","properties":{"elemento":"0_PMSA_FERROVIA"},"geometry":{"type":"LineString","coordinates":[[-46.302928,-23.77973,0.0],[-46.302827,-23.779517,0.0],[-46.302783,-23.779374,0.0],[-46.302738,-23.77912,0.0]]}},{"type":"Feature","properties":{"elemento":"0_PMSA_FERROVIA"},"geometry":{"type":"LineString","coordinates":[[-46.302814,-23.779535,0.0],[-46.302992,-23.779791,0.0]]}},{"type":"Feature","properties":{"elemento":"0_PMSA_FERROVIA"},"geometry":{"type":"LineString","coordinates":[[-46.302814,-23.779535,0.0],[-46.302992,-23.779791,0.0]]}},{"type":"Feature","properties":{"elemento":"0_PMSA_FERROVIA"},"geometry":{"type":"LineString","coordinates":[[-46.302824,-23.779516,0.0],[-46.302988,-23.779748,0.0]]}},{"type":"Feature","properties":{"elemento":"0_PMSA_FERROVIA"},"geometry":{"type":"LineString","coordinates":[[-46.302824,-23.779516,0.0],[-46.302988,-23.779748,0.0]]}},{"type":"Feature","properties":{"elemento":"0_PMSA_FERROVIA"},"geometry":{"type":"LineString","coordinates":[[-46.303058,-23.779761,0.0],[-46.302904,-23.779469,0.0],[-46.302839,-23.779286,0.0],[-46.302803,-23.779118,0.0]]}},{"type":"Feature","properties":{"elemento":"0_PMSA_FERROVIA"},"geometry":{"type":"LineString","coordinates":[[-46.303058,-23.779761,0.0],[-46.302904,-23.779469,0.0],[-46.302839,-23.779286,0.0],[-46.302803,-23.779118,0.0]]}},{"type":"Feature","properties":{"elemento":"0_PMSA_FERROVIA"},"geometry":{"type":"LineString","coordinates":[[-46.303069,-23.779745,0.0],[-46.302921,-23.779463,0.0],[-46.302857,-23.77928,0.0],[-46.302821,-23.77912,0.0]]}},{"type":"Feature","properties":{"elemento":"0_PMSA_FERROVIA"},"geometry":{"type":"LineString","coordinates":[[-46.303069,-23.779745,0.0],[-46.302921,-23.779463,0.0],[-46.302857,-23.77928,0.0],[-46.302821,-23.77912,0.0]]}},{"type":"Feature","properties":{"elemento":"0_PMSA_FERROVIA"},"geometry":{"type":"LineString","coordinates":[[-46.302898,-23.779033,0.0],[-46.302928,-23.779098,0.0]]}},{"type":"Feature","properties":{"elemento":"0_PMSA_FERROVIA"},"geometry":{"type":"LineString","coordinates":[[-46.302898,-23.779033,0.0],[-46.302928,-23.779098,0.0]]}},{"type":"Feature","properties":{"elemento":"0_PMSA_FERROVIA"},"geometry":{"type":"LineString","coordinates":[[-46.30276,-23.779107,0.0],[-46.302816,-23.779408,0.0],[-46.302871,-23.779562,0.0],[-46.302932,-23.779688,0.0]]}},{"type":"Feature","properties":{"elemento":"0_PMSA_FERROVIA"},"geometry":{"type":"LineString","coordinates":[[-46.30276,-23.779107,0.0],[-46.302816,-23.779408,0.0],[-46.302871,-23.779562,0.0],[-46.302932,-23.779688,0.0]]}},{"type":"Feature","properties":{"elemento":"0_PMSA_FERROVIA"},"geometry":{"type":"LineString","coordinates":[[-46.302683,-23.779126,0.0],[-46.302704,-23.779303,0.0],[-46.302732,-23.779427,0.0],[-46.302762,-23.779531,0.0],[-46.302813,-23.779662,0.0]]}},{"type":"Feature","properties":{"elemento":"0_PMSA_FERROVIA"},"geometry":{"type":"LineString","coordinates":[[-46.302683,-23.779126,0.0],[-46.302704,-23.779303,0.0],[-46.302732,-23.779427,0.0],[-46.302762,-23.779531,0.0],[-46.302813,-23.779662,0.0]]}},{"type":"Feature","properties":{"elemento":"0_PMSA_FERROVIA"},"geometry":{"type":"LineString","coordinates":[[-46.302725,-23.778972,0.0],[-46.302717,-23.779111,0.0]]}},{"type":"Feature","properties":{"elemento":"0_PMSA_FERROVIA"},"geometry":{"type":"LineString","coordinates":[[-46.302725,-23.778972,0.0],[-46.302717,-23.779111,0.0]]}},{"type":"Feature","properties":{"elemento":"0_PMSA_FERROVIA"},"geometry":{"type":"LineString","coordinates":[[-46.302822,-23.778951,0.0],[-46.302838,-23.778946,0.0]]}},{"type":"Feature","properties":{"elemento":"0_PMSA_FERROVIA"},"geometry":{"type":"LineString","coordinates":[[-46.302822,-23.778951,0.0],[-46.302838,-23.778946,0.0]]}},{"type":"Feature","properties":{"elemento":"0_PMSA_FERROVIA"},"geometry":{"type":"LineString","coordinates":[[-46.302851,-23.779059,0.0],[-46.30278,-23.778792,0.0]]}},{"type":"Feature","properties":{"elemento":"0_PMSA_FERROVIA"},"geometry":{"type":"LineString","coordinates":[[-46.302851,-23.779059,0.0],[-46.30278,-23.778792,0.0]]}},{"type":"Feature","properties":{"elemento":"0_PMSA_FERROVIA"},"geometry":{"type":"LineString","coordinates":[[-46.303239,-23.779565,0.0],[-46.303231,-23.779556,0.0]]}},{"type":"Feature","properties":{"elemento":"0_PMSA_FERROVIA"},"geometry":{"type":"LineString","coordinates":[[-46.303239,-23.779565,0.0],[-46.303231,-23.779556,0.0]]}},{"type":"Feature","properties":{"elemento":"0_PMSA_FERROVIA"},"geometry":{"type":"LineString","coordinates":[[-46.303254,-23.779555,0.0],[-46.303244,-23.779546,0.0]]}},{"type":"Feature","properties":{"elemento":"0_PMSA_FERROVIA"},"geometry":{"type":"LineString","coordinates":[[-46.303254,-23.779555,0.0],[-46.303244,-23.779546,0.0]]}},{"type":"Feature","properties":{"elemento":"0_PMSA_FERROVIA"},"geometry":{"type":"LineString","coordinates":[[-46.303231,-23.779556,0.0],[-46.30321,-23.779537,0.0]]}},{"type":"Feature","properties":{"elemento":"0_PMSA_FERROVIA"},"geometry":{"type":"LineString","coordinates":[[-46.303231,-23.779556,0.0],[-46.30321,-23.779537,0.0]]}},{"type":"Feature","properties":{"elemento":"0_PMSA_FERROVIA"},"geometry":{"type":"LineString","coordinates":[[-46.303244,-23.779546,0.0],[-46.303222,-23.779524,0.0]]}},{"type":"Feature","properties":{"elemento":"0_PMSA_FERROVIA"},"geometry":{"type":"LineString","coordinates":[[-46.303244,-23.779546,0.0],[-46.303222,-23.779524,0.0]]}},{"type":"Feature","properties":{"elemento":"0_PMSA_FERROVIA"},"geometry":{"type":"LineString","coordinates":[[-46.303306,-23.77901,0.0],[-46.30321,-23.77874,0.0]]}},{"type":"Feature","properties":{"elemento":"0_PMSA_FERROVIA"},"geometry":{"type":"LineString","coordinates":[[-46.303306,-23.77901,0.0],[-46.30321,-23.77874,0.0]]}},{"type":"Feature","properties":{"elemento":"0_PMSA_FERROVIA"},"geometry":{"type":"LineString","coordinates":[[-46.302734,-23.779743,0.0],[-46.302654,-23.779556,0.0],[-46.302601,-23.77936,0.0],[-46.30259,-23.779293,0.0]]}},{"type":"Feature","properties":{"elemento":"0_PMSA_FERROVIA"},"geometry":{"type":"LineString","coordinates":[[-46.302734,-23.779743,0.0],[-46.302654,-23.779556,0.0],[-46.302601,-23.77936,0.0],[-46.30259,-23.779293,0.0]]}},{"type":"Feature","properties":{"elemento":"0_PMSA_FERROVIA"},"geometry":{"type":"LineString","coordinates":[[-46.302606,-23.779293,0.0],[-46.302631,-23.779415,0.0],[-46.302667,-23.779538,0.0],[-46.302746,-23.779727,0.0]]}},{"type":"Feature","properties":{"elemento":"0_PMSA_FERROVIA"},"geometry":{"type":"LineString","coordinates":[[-46.302606,-23.779293,0.0],[-46.302631,-23.779415,0.0],[-46.302667,-23.779538,0.0],[-46.302746,-23.779727,0.0]]}},{"type":"Feature","properties":{"elemento":"0_PMSA_FERROVIA"},"geometry":{"type":"LineString","coordinates":[[-46.302687,-23.779532,0.0],[-46.302651,-23.779407,0.0],[-46.302629,-23.779282,0.0]]}},{"type":"Feature","properties":{"elemento":"0_PMSA_FERROVIA"},"geometry":{"type":"LineString","coordinates":[[-46.302687,-23.779532,0.0],[-46.302651,-23.779407,0.0],[-46.302629,-23.779282,0.0]]}},{"type":"Feature","properties":{"elemento":"0_PMSA_FERROVIA"},"geometry":{"type":"LineString","coordinates":[[-46.302636,-23.7792,0.0],[-46.302653,-23.779329,0.0],[-46.302695,-23.779502,0.0]]}},{"type":"Feature","properties":{"elemento":"0_PMSA_FERROVIA"},"geometry":{"type":"LineString","coordinates":[[-46.302636,-23.7792,0.0],[-46.302653,-23.779329,0.0],[-46.302695,-23.779502,0.0]]}},{"type":"Feature","properties":{"elemento":"0_PMSA_FERROVIA"},"geometry":{"type":"LineString","coordinates":[[-46.302579,-23.779192,0.0],[-46.302574,-23.77915,0.0]]}},{"type":"Feature","properties":{"elemento":"0_PMSA_FERROVIA"},"geometry":{"type":"LineString","coordinates":[[-46.302579,-23.779192,0.0],[-46.302574,-23.77915,0.0]]}},{"type":"Feature","properties":{"elemento":"0_PMSA_FERROVIA"},"geometry":{"type":"LineString","coordinates":[[-46.30259,-23.779293,0.0],[-46.302579,-23.779192,0.0],[-46.302467,-23.778874,0.0]]}},{"type":"Feature","properties":{"elemento":"0_PMSA_FERROVIA"},"geometry":{"type":"LineString","coordinates":[[-46.30259,-23.779293,0.0],[-46.302579,-23.779192,0.0],[-46.302467,-23.778874,0.0]]}},{"type":"Feature","properties":{"elemento":"0_PMSA_FERROVIA"},"geometry":{"type":"LineString","coordinates":[[-46.302574,-23.77915,0.0],[-46.302488,-23.778871,0.0]]}},{"type":"Feature","properties":{"elemento":"0_PMSA_FERROVIA"},"geometry":{"type":"LineString","coordinates":[[-46.302574,-23.77915,0.0],[-46.302488,-23.778871,0.0]]}},{"type":"Feature","properties":{"elemento":"0_PMSA_FERROVIA"},"geometry":{"type":"LineString","coordinates":[[-46.302344,-23.778737,0.0],[-46.302348,-23.778765,0.0]]}},{"type":"Feature","properties":{"elemento":"0_PMSA_FERROVIA"},"geometry":{"type":"LineString","coordinates":[[-46.302344,-23.778737,0.0],[-46.302348,-23.778765,0.0]]}},{"type":"Feature","properties":{"elemento":"0_PMSA_FERROVIA"},"geometry":{"type":"LineString","coordinates":[[-46.302344,-23.778737,0.0],[-46.302362,-23.778732,0.0]]}},{"type":"Feature","properties":{"elemento":"0_PMSA_FERROVIA"},"geometry":{"type":"LineString","coordinates":[[-46.302344,-23.778737,0.0],[-46.302362,-23.778732,0.0]]}},{"type":"Feature","properties":{"elemento":"0_PMSA_FERROVIA"},"geometry":{"type":"LineString","coordinates":[[-46.302367,-23.778766,0.0],[-46.302343,-23.778613,0.0]]}},{"type":"Feature","properties":{"elemento":"0_PMSA_FERROVIA"},"geometry":{"type":"LineString","coordinates":[[-46.302367,-23.778766,0.0],[-46.302343,-23.778613,0.0]]}},{"type":"Feature","properties":{"elemento":"0_PMSA_FERROVIA"},"geometry":{"type":"LineString","coordinates":[[-46.302618,-23.777964,0.0],[-46.302655,-23.778625,0.0],[-46.302705,-23.779173,0.0],[-46.302726,-23.779313,0.0],[-46.302756,-23.779447,0.0],[-46.302797,-23.779577,0.0],[-46.302847,-23.779693,0.0]]}},{"type":"Feature","properties":{"elemento":"0_PMSA_FERROVIA"},"geometry":{"type":"LineString","coordinates":[[-46.302618,-23.777964,0.0],[-46.302655,-23.778625,0.0],[-46.302705,-23.779173,0.0],[-46.302726,-23.779313,0.0],[-46.302756,-23.779447,0.0],[-46.302797,-23.779577,0.0],[-46.302847,-23.779693,0.0]]}},{"type":"Feature","properties":{"elemento":"0_PMSA_FERROVIA"},"geometry":{"type":"LineString","coordinates":[[-46.302579,-23.777963,0.0],[-46.302586,-23.778153,0.0],[-46.302618,-23.778623,0.0],[-46.302681,-23.779276,0.0],[-46.302737,-23.779517,0.0],[-46.302796,-23.779668,0.0]]}},{"type":"Feature","properties":{"elemento":"0_PMSA_FERROVIA"},"geometry":{"type":"LineString","coordinates":[[-46.302579,-23.777963,0.0],[-46.302586,-23.778153,0.0],[-46.302618,-23.778623,0.0],[-46.302681,-23.779276,0.0],[-46.302737,-23.779517,0.0],[-46.302796,-23.779668,0.0]]}},{"type":"Feature","properties":{"elemento":"0_PMSA_FERROVIA"},"geometry":{"type":"LineString","coordinates":[[-46.302804,-23.777968,0.0],[-46.302745,-23.778486,0.0],[-46.302745,-23.778662,0.0],[-46.302779,-23.779119,0.0],[-46.302799,-23.779249,0.0],[-46.302831,-23.779398,0.0],[-46.302872,-23.77952,0.0],[-46.30292,-23.779629,0.0]]}},{"type":"Feature","properties":{"elemento":"0_PMSA_FERROVIA"},"geometry":{"type":"LineString","coordinates":[[-46.302804,-23.777968,0.0],[-46.302745,-23.778486,0.0],[-46.302745,-23.778662,0.0],[-46.302779,-23.779119,0.0],[-46.302799,-23.779249,0.0],[-46.302831,-23.779398,0.0],[-46.302872,-23.77952,0.0],[-46.30292,-23.779629,0.0]]}},{"type":"Feature","properties":{"elemento":"0_PMSA_FERROVIA"},"geometry":{"type":"LineString","coordinates":[[-46.302642,-23.7784,0.0],[-46.302718,-23.778851,0.0]]}},{"type":"Feature","properties":{"elemento":"0_PMSA_FERROVIA"},"geometry":{"type":"LineString","coordinates":[[-46.302642,-23.7784,0.0],[-46.302718,-23.778851,0.0]]}},{"type":"Feature","properties":{"elemento":"0_PMSA_FERROVIA"},"geometry":{"type":"LineString","coordinates":[[-46.302792,-23.778067,0.0],[-46.302796,-23.778834,0.0],[-46.302821,-23.77912,0.0]]}},{"type":"Feature","properties":{"elemento":"0_PMSA_FERROVIA"},"geometry":{"type":"LineString","coordinates":[[-46.302792,-23.778067,0.0],[-46.302796,-23.778834,0.0],[-46.302821,-23.77912,0.0]]}},{"type":"Feature","properties":{"elemento":"0_PMSA_FERROVIA"},"geometry":{"type":"LineString","coordinates":[[-46.302488,-23.778871,0.0],[-46.302444,-23.77874,0.0],[-46.302418,-23.778581,0.0],[-46.302417,-23.778485,0.0]]}},{"type":"Feature","properties":{"elemento":"0_PMSA_FERROVIA"},"geometry":{"type":"LineString","coordinates":[[-46.302488,-23.778871,0.0],[-46.302444,-23.77874,0.0],[-46.302418,-23.778581,0.0],[-46.302417,-23.778485,0.0]]}},{"type":"Feature","properties":{"elemento":"0_PMSA_FERROVIA"},"geometry":{"type":"LineString","coordinates":[[-46.302467,-23.778874,0.0],[-46.302427,-23.778747,0.0],[-46.302411,-23.778659,0.0],[-46.302398,-23.778532,0.0],[-46.302402,-23.778393,0.0]]}},{"type":"Feature","properties":{"elemento":"0_PMSA_FERROVIA"},"geometry":{"type":"LineString","coordinates":[[-46.302467,-23.778874,0.0],[-46.302427,-23.778747,0.0],[-46.302411,-23.778659,0.0],[-46.302398,-23.778532,0.0],[-46.302402,-23.778393,0.0]]}},{"type":"Feature","properties":{"elemento":"0_PMSA_FERROVIA"},"geometry":{"type":"LineString","coordinates":[[-46.302344,-23.778737,0.0],[-46.302318,-23.778588,0.0],[-46.302311,-23.778494,0.0]]}},{"type":"Feature","properties":{"elemento":"0_PMSA_FERROVIA"},"geometry":{"type":"LineString","coordinates":[[-46.302344,-23.778737,0.0],[-46.302318,-23.778588,0.0],[-46.302311,-23.778494,0.0]]}},{"type":"Feature","properties":{"elemento":"0_PMSA_FERROVIA"},"geometry":{"type":"LineString","coordinates":[[-46.302343,-23.778613,0.0],[-46.302339,-23.778583,0.0]]}},{"type":"Feature","properties":{"elemento":"0_PMSA_FERROVIA"},"geometry":{"type":"LineString","coordinates":[[-46.302343,-23.778613,0.0],[-46.302339,-23.778583,0.0]]}},{"type":"Feature","properties":{"elemento":"0_PMSA_FERROVIA"},"geometry":{"type":"LineString","coordinates":[[-46.302343,-23.778613,0.0],[-46.302339,-23.778583,0.0]]}},{"type":"Feature","properties":{"elemento":"0_PMSA_FERROVIA"},"geometry":{"type":"LineString","coordinates":[[-46.302343,-23.778613,0.0],[-46.302339,-23.778583,0.0]]}},{"type":"Feature","properties":{"elemento":"0_PMSA_FERROVIA"},"geometry":{"type":"LineString","coordinates":[[-46.302574,-23.77915,0.0],[-46.302594,-23.779188,0.0]]}},{"type":"Feature","properties":{"elemento":"0_PMSA_FERROVIA"},"geometry":{"type":"LineString","coordinates":[[-46.302574,-23.77915,0.0],[-46.302594,-23.779188,0.0]]}},{"type":"Feature","properties":{"elemento":"0_PMSA_FERROVIA"},"geometry":{"type":"LineString","coordinates":[[-46.302683,-23.779126,0.0],[-46.302656,-23.778842,0.0],[-46.302611,-23.778172,0.0]]}},{"type":"Feature","properties":{"elemento":"0_PMSA_FERROVIA"},"geometry":{"type":"LineString","coordinates":[[-46.302683,-23.779126,0.0],[-46.302656,-23.778842,0.0],[-46.302611,-23.778172,0.0]]}},{"type":"Feature","properties":{"elemento":"0_PMSA_FERROVIA"},"geometry":{"type":"LineString","coordinates":[[-46.302624,-23.778401,0.0],[-46.302702,-23.778853,0.0]]}},{"type":"Feature","properties":{"elemento":"0_PMSA_FERROVIA"},"geometry":{"type":"LineString","coordinates":[[-46.302624,-23.778401,0.0],[-46.302702,-23.778853,0.0]]}},{"type":"Feature","properties":{"elemento":"0_PMSA_FERROVIA"},"geometry":{"type":"LineString","coordinates":[[-46.302488,-23.77796,0.0],[-46.302575,-23.779005,0.0],[-46.302606,-23.779293,0.0]]}},{"type":"Feature","properties":{"elemento":"0_PMSA_FERROVIA"},"geometry":{"type":"LineString","coordinates":[[-46.302488,-23.77796,0.0],[-46.302575,-23.779005,0.0],[-46.302606,-23.779293,0.0]]}},{"type":"Feature","properties":{"elemento":"0_PMSA_FERROVIA"},"geometry":{"type":"LineString","coordinates":[[-46.302629,-23.779282,0.0],[-46.302575,-23.778756,0.0],[-46.302522,-23.778059,0.0],[-46.30252,-23.777961,0.0]]}},{"type":"Feature","properties":{"elemento":"0_PMSA_FERROVIA"},"geometry":{"type":"LineString","coordinates":[[-46.302629,-23.779282,0.0],[-46.302575,-23.778756,0.0],[-46.302522,-23.778059,0.0],[-46.30252,-23.777961,0.0]]}},{"type":"Feature","properties":{"elemento":"0_PMSA_FERROVIA"},"geometry":{"type":"LineString","coordinates":[[-46.302664,-23.779277,0.0],[-46.302584,-23.778415,0.0],[-46.302562,-23.777962,0.0]]}},{"type":"Feature","properties":{"elemento":"0_PMSA_FERROVIA"},"geometry":{"type":"LineString","coordinates":[[-46.302664,-23.779277,0.0],[-46.302584,-23.778415,0.0],[-46.302562,-23.777962,0.0]]}},{"type":"Feature","properties":{"elemento":"0_PMSA_FERROVIA"},"geometry":{"type":"LineString","coordinates":[[-46.302538,-23.777962,0.0],[-46.302567,-23.778415,0.0],[-46.302636,-23.7792,0.0]]}},{"type":"Feature","properties":{"elemento":"0_PMSA_FERROVIA"},"geometry":{"type":"LineString","coordinates":[[-46.302538,-23.777962,0.0],[-46.302567,-23.778415,0.0],[-46.302636,-23.7792,0.0]]}},{"type":"Feature","properties":{"elemento":"0_PMSA_FERROVIA"},"geometry":{"type":"LineString","coordinates":[[-46.302683,-23.778493,0.0],[-46.302651,-23.778111,0.0],[-46.302649,-23.777964,0.0]]}},{"type":"Feature","properties":{"elemento":"0_PMSA_FERROVIA"},"geometry":{"type":"LineString","coordinates":[[-46.302683,-23.778493,0.0],[-46.302651,-23.778111,0.0],[-46.302649,-23.777964,0.0]]}},{"type":"Feature","properties":{"elemento":"0_PMSA_FERROVIA"},"geometry":{"type":"LineString","coordinates":[[-46.302611,-23.778172,0.0],[-46.302601,-23.777963,0.0]]}},{"type":"Feature","properties":{"elemento":"0_PMSA_FERROVIA"},"geometry":{"type":"LineString","coordinates":[[-46.302611,-23.778172,0.0],[-46.302601,-23.777963,0.0]]}},{"type":"Feature","properties":{"elemento":"0_PMSA_FERROVIA"},"geometry":{"type":"LineString","coordinates":[[-46.302668,-23.777945,0.0],[-46.302666,-23.777852,0.0]]}},{"type":"Feature","properties":{"elemento":"0_PMSA_FERROVIA"},"geometry":{"type":"LineString","coordinates":[[-46.302668,-23.777945,0.0],[-46.302666,-23.777852,0.0]]}},{"type":"Feature","properties":{"elemento":"0_PMSA_FERROVIA"},"geometry":{"type":"LineString","coordinates":[[-46.302417,-23.778485,0.0],[-46.302432,-23.778295,0.0],[-46.302475,-23.777996,0.0],[-46.302573,-23.779149,0.0]]}},{"type":"Feature","properties":{"elemento":"0_PMSA_FERROVIA"},"geometry":{"type":"LineString","coordinates":[[-46.302417,-23.778485,0.0],[-46.302432,-23.778295,0.0],[-46.302475,-23.777996,0.0],[-46.302573,-23.779149,0.0]]}},{"type":"Feature","properties":{"elemento":"0_PMSA_FERROVIA"},"geometry":{"type":"LineString","coordinates":[[-46.302339,-23.778583,0.0],[-46.302325,-23.778396,0.0],[-46.302342,-23.778168,0.0]]}},{"type":"Feature","properties":{"elemento":"0_PMSA_FERROVIA"},"geometry":{"type":"LineString","coordinates":[[-46.302339,-23.778583,0.0],[-46.302325,-23.778396,0.0],[-46.302342,-23.778168,0.0]]}},{"type":"Feature","properties":{"elemento":"0_PMSA_FERROVIA"},"geometry":{"type":"LineString","coordinates":[[-46.302402,-23.778393,0.0],[-46.302457,-23.777999,0.0],[-46.302469,-23.777961,0.0]]}},{"type":"Feature","properties":{"elemento":"0_PMSA_FERROVIA"},"geometry":{"type":"LineString","coordinates":[[-46.302402,-23.778393,0.0],[-46.302457,-23.777999,0.0],[-46.302469,-23.777961,0.0]]}},{"type":"Feature","properties":{"elemento":"0_PMSA_FERROVIA"},"geometry":{"type":"LineString","coordinates":[[-46.302412,-23.777872,0.0],[-46.302361,-23.778055,0.0],[-46.302342,-23.778168,0.0]]}},{"type":"Feature","properties":{"elemento":"0_PMSA_FERROVIA"},"geometry":{"type":"LineString","coordinates":[[-46.302412,-23.777872,0.0],[-46.302361,-23.778055,0.0],[-46.302342,-23.778168,0.0]]}},{"type":"Feature","properties":{"elemento":"0_PMSA_FERROVIA"},"geometry":{"type":"LineString","coordinates":[[-46.302475,-23.777996,0.0],[-46.302488,-23.77796,0.0]]}},{"type":"Feature","properties":{"elemento":"0_PMSA_FERROVIA"},"geometry":{"type":"LineString","coordinates":[[-46.302475,-23.777996,0.0],[-46.302488,-23.77796,0.0]]}},{"type":"Feature","properties":{"elemento":"0_PMSA_FERROVIA"},"geometry":{"type":"LineString","coordinates":[[-46.302803,-23.779118,0.0],[-46.302775,-23.778685,0.0],[-46.302777,-23.778064,0.0]]}},{"type":"Feature","properties":{"elemento":"0_PMSA_FERROVIA"},"geometry":{"type":"LineString","coordinates":[[-46.302803,-23.779118,0.0],[-46.302775,-23.778685,0.0],[-46.302777,-23.778064,0.0]]}},{"type":"Feature","properties":{"elemento":"0_PMSA_FERROVIA"},"geometry":{"type":"LineString","coordinates":[[-46.3027,-23.777965,0.0],[-46.302697,-23.778412,0.0],[-46.302712,-23.778767,0.0],[-46.302738,-23.77912,0.0]]}},{"type":"Feature","properties":{"elemento":"0_PMSA_FERROVIA"},"geometry":{"type":"LineString","coordinates":[[-46.3027,-23.777965,0.0],[-46.302697,-23.778412,0.0],[-46.302712,-23.778767,0.0],[-46.302738,-23.77912,0.0]]}},{"type":"Feature","properties":{"elemento":"0_PMSA_FERROVIA"},"geometry":{"type":"LineString","coordinates":[[-46.30276,-23.779107,0.0],[-46.302726,-23.778628,0.0],[-46.302726,-23.778522,0.0],[-46.302789,-23.777968,0.0]]}},{"type":"Feature","properties":{"elemento":"0_PMSA_FERROVIA"},"geometry":{"type":"LineString","coordinates":[[-46.30276,-23.779107,0.0],[-46.302726,-23.778628,0.0],[-46.302726,-23.778522,0.0],[-46.302789,-23.777968,0.0]]}},{"type":"Feature","properties":{"elemento":"0_PMSA_FERROVIA"},"geometry":{"type":"LineString","coordinates":[[-46.302698,-23.778454,0.0],[-46.302669,-23.778107,0.0],[-46.302668,-23.777965,0.0]]}},{"type":"Feature","properties":{"elemento":"0_PMSA_FERROVIA"},"geometry":{"type":"LineString","coordinates":[[-46.302698,-23.778454,0.0],[-46.302669,-23.778107,0.0],[-46.302668,-23.777965,0.0]]}},{"type":"Feature","properties":{"elemento":"0_PMSA_FERROVIA"},"geometry":{"type":"LineString","coordinates":[[-46.302701,-23.77787,0.0],[-46.302701,-23.777945,0.0]]}},{"type":"Feature","properties":{"elemento":"0_PMSA_FERROVIA"},"geometry":{"type":"LineString","coordinates":[[-46.302701,-23.77787,0.0],[-46.302701,-23.777945,0.0]]}},{"type":"Feature","properties":{"elemento":"0_PMSA_FERROVIA"},"geometry":{"type":"LineString","coordinates":[[-46.302016,-23.77879,0.0],[-46.30223,-23.778028,0.0]]}},{"type":"Feature","properties":{"elemento":"0_PMSA_FERROVIA"},"geometry":{"type":"LineString","coordinates":[[-46.302016,-23.77879,0.0],[-46.30223,-23.778028,0.0]]}},{"type":"Feature","properties":{"elemento":"0_PMSA_FERROVIA"},"geometry":{"type":"LineString","coordinates":[[-46.302311,-23.778494,0.0],[-46.302316,-23.778255,0.0],[-46.302342,-23.778073,0.0]]}},{"type":"Feature","properties":{"elemento":"0_PMSA_FERROVIA"},"geometry":{"type":"LineString","coordinates":[[-46.302311,-23.778494,0.0],[-46.302316,-23.778255,0.0],[-46.302342,-23.778073,0.0]]}},{"type":"Feature","properties":{"elemento":"0_PMSA_FERROVIA"},"geometry":{"type":"LineString","coordinates":[[-46.302012,-23.777704,0.0],[-46.301086,-23.77868,0.0]]}},{"type":"Feature","properties":{"elemento":"0_PMSA_FERROVIA"},"geometry":{"type":"LineString","coordinates":[[-46.302012,-23.777704,0.0],[-46.301086,-23.77868,0.0]]}},{"type":"Feature","properties":{"elemento":"0_PMSA_FERROVIA"},"geometry":{"type":"LineString","coordinates":[[-46.302,-23.778786,0.0],[-46.302341,-23.777566,0.0]]}},{"type":"Feature","properties":{"elemento":"0_PMSA_FERROVIA"},"geometry":{"type":"LineString","coordinates":[[-46.302,-23.778786,0.0],[-46.302341,-23.777566,0.0]]}},{"type":"Feature","properties":{"elemento":"0_PMSA_FERROVIA"},"geometry":{"type":"LineString","coordinates":[[-46.30107,-23.778671,0.0],[-46.302032,-23.777651,0.0]]}},{"type":"Feature","properties":{"elemento":"0_PMSA_FERROVIA"},"geometry":{"type":"LineString","coordinates":[[-46.30107,-23.778671,0.0],[-46.302032,-23.777651,0.0]]}},{"type":"Feature","properties":{"elemento":"0_PMSA_FERROVIA"},"geometry":{"type":"LineString","coordinates":[[-46.302342,-23.777932,0.0],[-46.302222,-23.778369,0.0]]}},{"type":"Feature","properties":{"elemento":"0_PMSA_FERROVIA"},"geometry":{"type":"LineString","coordinates":[[-46.302342,-23.777932,0.0],[-46.302222,-23.778369,0.0]]}},{"type":"Feature","properties":{"elemento":"0_PMSA_FERROVIA"},"geometry":{"type":"LineString","coordinates":[[-46.302342,-23.777932,0.0],[-46.302222,-23.778369,0.0]]}},{"type":"Feature","properties":{"elemento":"0_PMSA_FERROVIA"},"geometry":{"type":"LineString","coordinates":[[-46.302342,-23.777932,0.0],[-46.302222,-23.778369,0.0]]}},{"type":"Feature","properties":{"elemento":"0_PMSA_FERROVIA"},"geometry":{"type":"LineString","coordinates":[[-46.301981,-23.778781,0.0],[-46.302341,-23.777489,0.0]]}},{"type":"Feature","properties":{"elemento":"0_PMSA_FERROVIA"},"geometry":{"type":"LineString","coordinates":[[-46.301981,-23.778781,0.0],[-46.302341,-23.777489,0.0]]}},{"type":"Feature","properties":{"elemento":"0_PMSA_FERROVIA"},"geometry":{"type":"LineString","coordinates":[[-46.302203,-23.778376,0.0],[-46.302342,-23.77787,0.0]]}},{"type":"Feature","properties":{"elemento":"0_PMSA_FERROVIA"},"geometry":{"type":"LineString","coordinates":[[-46.302203,-23.778376,0.0],[-46.302342,-23.77787,0.0]]}},{"type":"Feature","properties":{"elemento":"0_PMSA_FERROVIA"},"geometry":{"type":"LineString","coordinates":[[-46.302203,-23.778376,0.0],[-46.302342,-23.77787,0.0]]}},{"type":"Feature","properties":{"elemento":"0_PMSA_FERROVIA"},"geometry":{"type":"LineString","coordinates":[[-46.302203,-23.778376,0.0],[-46.302342,-23.77787,0.0]]}},{"type":"Feature","properties":{"elemento":"0_PMSA_FERROVIA"},"geometry":{"type":"LineString","coordinates":[[-46.304277,-23.780919,0.0],[-46.304616,-23.781106,0.0]]}},{"type":"Feature","properties":{"elemento":"0_PMSA_FERROVIA"},"geometry":{"type":"LineString","coordinates":[[-46.304277,-23.780919,0.0],[-46.304616,-23.781106,0.0]]}},{"type":"Feature","properties":{"elemento":"0_PMSA_FERROVIA"},"geometry":{"type":"LineString","coordinates":[[-46.304137,-23.780825,0.0],[-46.304625,-23.781093,0.0]]}},{"type":"Feature","properties":{"elemento":"0_PMSA_FERROVIA"},"geometry":{"type":"LineString","coordinates":[[-46.304137,-23.780825,0.0],[-46.304625,-23.781093,0.0]]}},{"type":"Feature","properties":{"elemento":"0_PMSA_FERROVIA"},"geometry":{"type":"LineString","coordinates":[[-46.303883,-23.780659,0.0],[-46.304879,-23.781203,0.0]]}},{"type":"Feature","properties":{"elemento":"0_PMSA_FERROVIA"},"geometry":{"type":"LineString","coordinates":[[-46.303883,-23.780659,0.0],[-46.304879,-23.781203,0.0]]}},{"type":"Feature","properties":{"elemento":"0_PMSA_FERROVIA"},"geometry":{"type":"LineString","coordinates":[[-46.303892,-23.780645,0.0],[-46.304888,-23.78119,0.0]]}},{"type":"Feature","properties":{"elemento":"0_PMSA_FERROVIA"},"geometry":{"type":"LineString","coordinates":[[-46.303892,-23.780645,0.0],[-46.304888,-23.78119,0.0]]}},{"type":"Feature","properties":{"elemento":"0_PMSA_FERROVIA"},"geometry":{"type":"LineString","coordinates":[[-46.303895,-23.780625,0.0],[-46.304211,-23.7808,0.0],[-46.304542,-23.781017,0.0]]}},{"type":"Feature","properties":{"elemento":"0_PMSA_FERROVIA"},"geometry":{"type":"LineString","coordinates":[[-46.303895,-23.780625,0.0],[-46.304211,-23.7808,0.0],[-46.304542,-23.781017,0.0]]}},{"type":"Feature","properties":{"elemento":"0_PMSA_FERROVIA"},"geometry":{"type":"LineString","coordinates":[[-46.303929,-23.780516,0.0],[-46.304574,-23.780868,0.0],[-46.304937,-23.781121,0.0]]}},{"type":"Feature","properties":{"elemento":"0_PMSA_FERROVIA"},"geometry":{"type":"LineString","coordinates":[[-46.303929,-23.780516,0.0],[-46.304574,-23.780868,0.0],[-46.304937,-23.781121,0.0]]}},{"type":"Feature","properties":{"elemento":"0_PMSA_FERROVIA"},"geometry":{"type":"LineString","coordinates":[[-46.304277,-23.780919,0.0],[-46.303522,-23.780501,0.0]]}},{"type":"Feature","properties":{"elemento":"0_PMSA_FERROVIA"},"geometry":{"type":"LineString","coordinates":[[-46.304277,-23.780919,0.0],[-46.303522,-23.780501,0.0]]}},{"type":"Feature","properties":{"elemento":"0_PMSA_FERROVIA"},"geometry":{"type":"LineString","coordinates":[[-46.303903,-23.78059,0.0],[-46.304041,-23.780677,0.0],[-46.304234,-23.780815,0.0]]}},{"type":"Feature","properties":{"elemento":"0_PMSA_FERROVIA"},"geometry":{"type":"LineString","coordinates":[[-46.303903,-23.78059,0.0],[-46.304041,-23.780677,0.0],[-46.304234,-23.780815,0.0]]}},{"type":"Feature","properties":{"elemento":"0_PMSA_FERROVIA"},"geometry":{"type":"LineString","coordinates":[[-46.304498,-23.78073,0.0],[-46.304354,-23.780623,0.0]]}},{"type":"Feature","properties":{"elemento":"0_PMSA_FERROVIA"},"geometry":{"type":"LineString","coordinates":[[-46.304498,-23.78073,0.0],[-46.304354,-23.780623,0.0]]}},{"type":"Feature","properties":{"elemento":"0_PMSA_FERROVIA"},"geometry":{"type":"LineString","coordinates":[[-46.30341,-23.780336,0.0],[-46.30414,-23.780739,0.0],[-46.304491,-23.78097,0.0]]}},{"type":"Feature","properties":{"elemento":"0_PMSA_FERROVIA"},"geometry":{"type":"LineString","coordinates":[[-46.30341,-23.780336,0.0],[-46.30414,-23.780739,0.0],[-46.304491,-23.78097,0.0]]}},{"type":"Feature","properties":{"elemento":"0_PMSA_FERROVIA"},"geometry":{"type":"LineString","coordinates":[[-46.304507,-23.780716,0.0],[-46.304116,-23.780437,0.0]]}},{"type":"Feature","properties":{"elemento":"0_PMSA_FERROVIA"},"geometry":{"type":"LineString","coordinates":[[-46.304507,-23.780716,0.0],[-46.304116,-23.780437,0.0]]}},{"type":"Feature","properties":{"elemento":"0_PMSA_FERROVIA"},"geometry":{"type":"LineString","coordinates":[[-46.304188,-23.780504,0.0],[-46.303908,-23.780237,0.0]]}},{"type":"Feature","properties":{"elemento":"0_PMSA_FERROVIA"},"geometry":{"type":"LineString","coordinates":[[-46.304188,-23.780504,0.0],[-46.303908,-23.780237,0.0]]}},{"type":"Feature","properties":{"elemento":"0_PMSA_FERROVIA"},"geometry":{"type":"LineString","coordinates":[[-46.304209,-23.780499,0.0],[-46.30392,-23.780226,0.0]]}},{"type":"Feature","properties":{"elemento":"0_PMSA_FERROVIA"},"geometry":{"type":"LineString","coordinates":[[-46.304209,-23.780499,0.0],[-46.30392,-23.780226,0.0]]}},{"type":"Feature","properties":{"elemento":"0_PMSA_FERROVIA"},"geometry":{"type":"LineString","coordinates":[[-46.304116,-23.780437,0.0],[-46.303822,-23.780241,0.0]]}},{"type":"Feature","properties":{"elemento":"0_PMSA_FERROVIA"},"geometry":{"type":"LineString","coordinates":[[-46.304116,-23.780437,0.0],[-46.303822,-23.780241,0.0]]}},{"type":"Feature","properties":{"elemento":"0_PMSA_FERROVIA"},"geometry":{"type":"LineString","coordinates":[[-46.303908,-23.780237,0.0],[-46.303852,-23.780185,0.0]]}},{"type":"Feature","properties":{"elemento":"0_PMSA_FERROVIA"},"geometry":{"type":"LineString","coordinates":[[-46.30392,-23.780226,0.0],[-46.303863,-23.780173,0.0]]}},{"type":"Feature","properties":{"elemento":"0_PMSA_FERROVIA"},"geometry":{"type":"LineString","coordinates":[[-46.305576,-23.78169,0.0],[-46.305281,-23.781419,0.0],[-46.304914,-23.781126,0.0],[-46.304739,-23.781008,0.0],[-46.304593,-23.780922,0.0],[-46.303893,-23.780541,0.0]]}},{"type":"Feature","properties":{"elemento":"0_PMSA_FERROVIA"},"geometry":{"type":"LineString","coordinates":[[-46.305576,-23.78169,0.0],[-46.305281,-23.781419,0.0],[-46.304914,-23.781126,0.0],[-46.304739,-23.781008,0.0],[-46.304593,-23.780922,0.0],[-46.303893,-23.780541,0.0]]}},{"type":"Feature","properties":{"elemento":"0_PMSA_FERROVIA"},"geometry":{"type":"LineString","coordinates":[[-46.305598,-23.78169,0.0],[-46.305243,-23.781362,0.0],[-46.304937,-23.781121,0.0],[-46.304811,-23.781034,0.0],[-46.304553,-23.78088,0.0],[-46.303926,-23.780539,0.0]]}},{"type":"Feature","properties":{"elemento":"0_PMSA_FERROVIA"},"geometry":{"type":"LineString","coordinates":[[-46.305598,-23.78169,0.0],[-46.305243,-23.781362,0.0],[-46.304937,-23.781121,0.0],[-46.304811,-23.781034,0.0],[-46.304553,-23.78088,0.0],[-46.303926,-23.780539,0.0]]}},{"type":"Feature","properties":{"elemento":"0_PMSA_FERROVIA"},"geometry":{"type":"LineString","coordinates":[[-46.303732,-23.780387,0.0],[-46.304554,-23.780837,0.0],[-46.304761,-23.78097,0.0],[-46.305157,-23.781268,0.0],[-46.30545,-23.781523,0.0],[-46.30562,-23.78169,0.0]]}},{"type":"Feature","properties":{"elemento":"0_PMSA_FERROVIA"},"geometry":{"type":"LineString","coordinates":[[-46.303732,-23.780387,0.0],[-46.304554,-23.780837,0.0],[-46.304761,-23.78097,0.0],[-46.305157,-23.781268,0.0],[-46.30545,-23.781523,0.0],[-46.30562,-23.78169,0.0]]}},{"type":"Feature","properties":{"elemento":"0_PMSA_FERROVIA"},"geometry":{"type":"LineString","coordinates":[[-46.304053,-23.780174,0.0],[-46.304178,-23.780288,0.0],[-46.30439,-23.780461,0.0],[-46.305342,-23.781164,0.0],[-46.305749,-23.781508,0.0],[-46.305933,-23.781689,0.0]]}},{"type":"Feature","properties":{"elemento":"0_PMSA_FERROVIA"},"geometry":{"type":"LineString","coordinates":[[-46.304053,-23.780174,0.0],[-46.304178,-23.780288,0.0],[-46.30439,-23.780461,0.0],[-46.305342,-23.781164,0.0],[-46.305749,-23.781508,0.0],[-46.305933,-23.781689,0.0]]}},{"type":"Feature","properties":{"elemento":"0_PMSA_FERROVIA"},"geometry":{"type":"LineString","coordinates":[[-46.305908,-23.781689,0.0],[-46.305735,-23.78152,0.0],[-46.3056,-23.7814,0.0],[-46.30533,-23.781177,0.0],[-46.304268,-23.780387,0.0],[-46.30404,-23.780186,0.0],[-46.303864,-23.780009,0.0],[-46.303743,-23.779881,0.0],[-46.303625,-23.779732,0.0],[-46.303533,-23.779598,0.0],[-46.303447,-23.779445,0.0],[-46.303276,-23.779036,0.0]]}},{"type":"Feature","properties":{"elemento":"0_PMSA_FERROVIA"},"geometry":{"type":"LineString","coordinates":[[-46.305908,-23.781689,0.0],[-46.305735,-23.78152,0.0],[-46.3056,-23.7814,0.0],[-46.30533,-23.781177,0.0],[-46.304268,-23.780387,0.0],[-46.30404,-23.780186,0.0],[-46.303864,-23.780009,0.0],[-46.303743,-23.779881,0.0],[-46.303625,-23.779732,0.0],[-46.303533,-23.779598,0.0],[-46.303447,-23.779445,0.0],[-46.303276,-23.779036,0.0]]}},{"type":"Feature","properties":{"elemento":"0_PMSA_FERROVIA"},"geometry":{"type":"LineString","coordinates":[[-46.30392,-23.780226,0.0],[-46.303863,-23.780173,0.0]]}},{"type":"Feature","properties":{"elemento":"0_PMSA_FERROVIA"},"geometry":{"type":"LineString","coordinates":[[-46.303174,-23.777955,0.0],[-46.303205,-23.777577,0.0],[-46.303238,-23.777354,0.0],[-46.30329,-23.777149,0.0],[-46.303374,-23.776914,0.0],[-46.30352,-23.776614,0.0],[-46.303586,-23.776504,0.0],[-46.303734,-23.776289,0.0],[-46.303816,-23.776188,0.0],[-46.303964,-23.776032,0.0],[-46.304202,-23.775812,0.0],[-46.304734,-23.775353,0.0]]}},{"type":"Feature","properties":{"elemento":"0_PMSA_FERROVIA"},"geometry":{"type":"LineString","coordinates":[[-46.303174,-23.777955,0.0],[-46.303205,-23.777577,0.0],[-46.303238,-23.777354,0.0],[-46.30329,-23.777149,0.0],[-46.303374,-23.776914,0.0],[-46.30352,-23.776614,0.0],[-46.303586,-23.776504,0.0],[-46.303734,-23.776289,0.0],[-46.303816,-23.776188,0.0],[-46.303964,-23.776032,0.0],[-46.304202,-23.775812,0.0],[-46.304734,-23.775353,0.0]]}},{"type":"Feature","properties":{"elemento":"0_PMSA_FERROVIA"},"geometry":{"type":"LineString","coordinates":[[-46.303174,-23.777955,0.0],[-46.303275,-23.777383,0.0],[-46.303338,-23.777123,0.0],[-46.303425,-23.776889,0.0],[-46.303569,-23.776603,0.0],[-46.303706,-23.776393,0.0],[-46.30393,-23.776116,0.0],[-46.304186,-23.775872,0.0],[-46.304798,-23.775341,0.0]]}},{"type":"Feature","properties":{"elemento":"0_PMSA_FERROVIA"},"geometry":{"type":"LineString","coordinates":[[-46.303174,-23.777955,0.0],[-46.303275,-23.777383,0.0],[-46.303338,-23.777123,0.0],[-46.303425,-23.776889,0.0],[-46.303569,-23.776603,0.0],[-46.303706,-23.776393,0.0],[-46.30393,-23.776116,0.0],[-46.304186,-23.775872,0.0],[-46.304798,-23.775341,0.0]]}},{"type":"Feature","properties":{"elemento":"0_PMSA_FERROVIA"},"geometry":{"type":"LineString","coordinates":[[-46.303084,-23.777838,0.0],[-46.303117,-23.777601,0.0],[-46.303175,-23.777279,0.0],[-46.303284,-23.776932,0.0],[-46.303392,-23.776691,0.0],[-46.303484,-23.776524,0.0],[-46.303616,-23.776323,0.0],[-46.303716,-23.776191,0.0],[-46.303832,-23.776051,0.0],[-46.30402,-23.775873,0.0],[-46.304695,-23.775288,0.0],[-46.304843,-23.775182,0.0],[-46.305087,-23.775033,0.0],[-46.305559,-23.774813,0.0]]}},{"type":"Feature","properties":{"elemento":"0_PMSA_FERROVIA"},"geometry":{"type":"LineString","coordinates":[[-46.303084,-23.777838,0.0],[-46.303117,-23.777601,0.0],[-46.303175,-23.777279,0.0],[-46.303284,-23.776932,0.0],[-46.303392,-23.776691,0.0],[-46.303484,-23.776524,0.0],[-46.303616,-23.776323,0.0],[-46.303716,-23.776191,0.0],[-46.303832,-23.776051,0.0],[-46.30402,-23.775873,0.0],[-46.304695,-23.775288,0.0],[-46.304843,-23.775182,0.0],[-46.305087,-23.775033,0.0],[-46.305559,-23.774813,0.0]]}},{"type":"Feature","properties":{"elemento":"0_PMSA_FERROVIA"},"geometry":{"type":"LineString","coordinates":[[-46.303117,-23.7776,0.0],[-46.303236,-23.777185,0.0],[-46.303325,-23.776931,0.0],[-46.303512,-23.776546,0.0],[-46.303725,-23.77624,0.0],[-46.303904,-23.776032,0.0],[-46.303993,-23.775949,0.0],[-46.304664,-23.775361,0.0],[-46.30486,-23.775216,0.0],[-46.305065,-23.77509,0.0],[-46.305266,-23.774979,0.0]]}},{"type":"Feature","properties":{"elemento":"0_PMSA_FERROVIA"},"geometry":{"type":"LineString","coordinates":[[-46.303117,-23.7776,0.0],[-46.303236,-23.777185,0.0],[-46.303325,-23.776931,0.0],[-46.303512,-23.776546,0.0],[-46.303725,-23.77624,0.0],[-46.303904,-23.776032,0.0],[-46.303993,-23.775949,0.0],[-46.304664,-23.775361,0.0],[-46.30486,-23.775216,0.0],[-46.305065,-23.77509,0.0],[-46.305266,-23.774979,0.0]]}},{"type":"Feature","properties":{"elemento":"0_PMSA_FERROVIA"},"geometry":{"type":"LineString","coordinates":[[-46.303089,-23.777808,0.0],[-46.30309,-23.777606,0.0],[-46.30311,-23.777397,0.0],[-46.30319,-23.777068,0.0],[-46.303277,-23.776841,0.0],[-46.303335,-23.776705,0.0],[-46.303476,-23.776451,0.0],[-46.303624,-23.776242,0.0],[-46.303804,-23.776029,0.0],[-46.303985,-23.775853,0.0],[-46.30453,-23.775374,0.0],[-46.304816,-23.775154,0.0],[-46.305039,-23.775016,0.0],[-46.305234,-23.774917,0.0],[-46.305392,-23.774846,0.0],[-46.305816,-23.7747,0.0]]}},{"type":"Feature","properties":{"elemento":"0_PMSA_FERROVIA"},"geometry":{"type":"LineString","coordinates":[[-46.303089,-23.777808,0.0],[-46.30309,-23.777606,0.0],[-46.30311,-23.777397,0.0],[-46.30319,-23.777068,0.0],[-46.303277,-23.776841,0.0],[-46.303335,-23.776705,0.0],[-46.303476,-23.776451,0.0],[-46.303624,-23.776242,0.0],[-46.303804,-23.776029,0.0],[-46.303985,-23.775853,0.0],[-46.30453,-23.775374,0.0],[-46.304816,-23.775154,0.0],[-46.305039,-23.775016,0.0],[-46.305234,-23.774917,0.0],[-46.305392,-23.774846,0.0],[-46.305816,-23.7747,0.0]]}},{"type":"Feature","properties":{"elemento":"0_PMSA_FERROVIA"},"geometry":{"type":"LineString","coordinates":[[-46.30303,-23.77719,0.0],[-46.30321,-23.776634,0.0],[-46.303293,-23.776425,0.0],[-46.303407,-23.776198,0.0],[-46.303493,-23.776056,0.0],[-46.303554,-23.775975,0.0],[-46.303731,-23.775762,0.0],[-46.303881,-23.775617,0.0],[-46.304355,-23.775221,0.0],[-46.304738,-23.774926,0.0]]}},{"type":"Feature","properties":{"elemento":"0_PMSA_FERROVIA"},"geometry":{"type":"LineString","coordinates":[[-46.30303,-23.77719,0.0],[-46.30321,-23.776634,0.0],[-46.303293,-23.776425,0.0],[-46.303407,-23.776198,0.0],[-46.303493,-23.776056,0.0],[-46.303554,-23.775975,0.0],[-46.303731,-23.775762,0.0],[-46.303881,-23.775617,0.0],[-46.304355,-23.775221,0.0],[-46.304738,-23.774926,0.0]]}},{"type":"Feature","properties":{"elemento":"0_PMSA_FERROVIA"},"geometry":{"type":"LineString","coordinates":[[-46.303119,-23.776913,0.0],[-46.303215,-23.776698,0.0],[-46.303331,-23.77648,0.0],[-46.303499,-23.776231,0.0],[-46.303705,-23.775959,0.0],[-46.303828,-23.775823,0.0],[-46.304,-23.775664,0.0],[-46.304465,-23.775279,0.0],[-46.304668,-23.775121,0.0]]}},{"type":"Feature","properties":{"elemento":"0_PMSA_FERROVIA"},"geometry":{"type":"LineString","coordinates":[[-46.303119,-23.776913,0.0],[-46.303215,-23.776698,0.0],[-46.303331,-23.77648,0.0],[-46.303499,-23.776231,0.0],[-46.303705,-23.775959,0.0],[-46.303828,-23.775823,0.0],[-46.304,-23.775664,0.0],[-46.304465,-23.775279,0.0],[-46.304668,-23.775121,0.0]]}},{"type":"Feature","properties":{"elemento":"0_PMSA_FERROVIA"},"geometry":{"type":"LineString","coordinates":[[-46.3038,-23.7763,0.0],[-46.303966,-23.776105,0.0],[-46.304082,-23.775988,0.0],[-46.304699,-23.775448,0.0]]}},{"type":"Feature","properties":{"elemento":"0_PMSA_FERROVIA"},"geometry":{"type":"LineString","coordinates":[[-46.3038,-23.7763,0.0],[-46.303966,-23.776105,0.0],[-46.304082,-23.775988,0.0],[-46.304699,-23.775448,0.0]]}},{"type":"Feature","properties":{"elemento":"0_PMSA_FERROVIA"},"geometry":{"type":"LineString","coordinates":[[-46.303469,-23.776371,0.0],[-46.303758,-23.775974,0.0],[-46.303919,-23.775807,0.0],[-46.304502,-23.775324,0.0]]}},{"type":"Feature","properties":{"elemento":"0_PMSA_FERROVIA"},"geometry":{"type":"LineString","coordinates":[[-46.303469,-23.776371,0.0],[-46.303758,-23.775974,0.0],[-46.303919,-23.775807,0.0],[-46.304502,-23.775324,0.0]]}},{"type":"Feature","properties":{"elemento":"0_PMSA_FERROVIA"},"geometry":{"type":"LineString","coordinates":[[-46.303607,-23.776295,0.0],[-46.303844,-23.776012,0.0],[-46.304027,-23.775837,0.0],[-46.304544,-23.775385,0.0]]}},{"type":"Feature","properties":{"elemento":"0_PMSA_FERROVIA"},"geometry":{"type":"LineString","coordinates":[[-46.303607,-23.776295,0.0],[-46.303844,-23.776012,0.0],[-46.304027,-23.775837,0.0],[-46.304544,-23.775385,0.0]]}},{"type":"Feature","properties":{"elemento":"0_PMSA_FERROVIA"},"geometry":{"type":"LineString","coordinates":[[-46.303453,-23.776362,0.0],[-46.303744,-23.775964,0.0],[-46.303905,-23.775795,0.0],[-46.30449,-23.775311,0.0]]}},{"type":"Feature","properties":{"elemento":"0_PMSA_FERROVIA"},"geometry":{"type":"LineString","coordinates":[[-46.303453,-23.776362,0.0],[-46.303744,-23.775964,0.0],[-46.303905,-23.775795,0.0],[-46.30449,-23.775311,0.0]]}},{"type":"Feature","properties":{"elemento":"0_PMSA_FERROVIA"},"geometry":{"type":"LineString","coordinates":[[-46.30368,-23.776266,0.0],[-46.303793,-23.776125,0.0],[-46.303959,-23.775953,0.0],[-46.304578,-23.775406,0.0]]}},{"type":"Feature","properties":{"elemento":"0_PMSA_FERROVIA"},"geometry":{"type":"LineString","coordinates":[[-46.30368,-23.776266,0.0],[-46.303793,-23.776125,0.0],[-46.303959,-23.775953,0.0],[-46.304578,-23.775406,0.0]]}},{"type":"Feature","properties":{"elemento":"0_PMSA_FERROVIA"},"geometry":{"type":"LineString","coordinates":[[-46.303232,-23.776662,0.0],[-46.303397,-23.776307,0.0],[-46.303495,-23.776135,0.0],[-46.303608,-23.775969,0.0],[-46.303742,-23.77581,0.0],[-46.303891,-23.775662,0.0],[-46.304073,-23.775507,0.0],[-46.304447,-23.775199,0.0],[-46.304739,-23.774977,0.0]]}},{"type":"Feature","properties":{"elemento":"0_PMSA_FERROVIA"},"geometry":{"type":"LineString","coordinates":[[-46.303232,-23.776662,0.0],[-46.303397,-23.776307,0.0],[-46.303495,-23.776135,0.0],[-46.303608,-23.775969,0.0],[-46.303742,-23.77581,0.0],[-46.303891,-23.775662,0.0],[-46.304073,-23.775507,0.0],[-46.304447,-23.775199,0.0],[-46.304739,-23.774977,0.0]]}},{"type":"Feature","properties":{"elemento":"0_PMSA_FERROVIA"},"geometry":{"type":"LineString","coordinates":[[-46.303831,-23.776198,0.0],[-46.304078,-23.775949,0.0],[-46.304705,-23.775397,0.0]]}},{"type":"Feature","properties":{"elemento":"0_PMSA_FERROVIA"},"geometry":{"type":"LineString","coordinates":[[-46.303831,-23.776198,0.0],[-46.304078,-23.775949,0.0],[-46.304705,-23.775397,0.0]]}},{"type":"Feature","properties":{"elemento":"0_PMSA_FERROVIA"},"geometry":{"type":"LineString","coordinates":[[-46.303699,-23.776304,0.0],[-46.303801,-23.776177,0.0],[-46.303957,-23.776004,0.0],[-46.304649,-23.775398,0.0],[-46.304858,-23.775238,0.0]]}},{"type":"Feature","properties":{"elemento":"0_PMSA_FERROVIA"},"geometry":{"type":"LineString","coordinates":[[-46.303699,-23.776304,0.0],[-46.303801,-23.776177,0.0],[-46.303957,-23.776004,0.0],[-46.304649,-23.775398,0.0],[-46.304858,-23.775238,0.0]]}},{"type":"Feature","properties":{"elemento":"0_PMSA_FERROVIA"},"geometry":{"type":"LineString","coordinates":[[-46.303394,-23.776382,0.0],[-46.303597,-23.776044,0.0],[-46.303654,-23.775966,0.0],[-46.303791,-23.775808,0.0],[-46.304055,-23.775571,0.0],[-46.304593,-23.77513,0.0]]}},{"type":"Feature","properties":{"elemento":"0_PMSA_FERROVIA"},"geometry":{"type":"LineString","coordinates":[[-46.303394,-23.776382,0.0],[-46.303597,-23.776044,0.0],[-46.303654,-23.775966,0.0],[-46.303791,-23.775808,0.0],[-46.304055,-23.775571,0.0],[-46.304593,-23.77513,0.0]]}},{"type":"Feature","properties":{"elemento":"0_PMSA_FERROVIA"},"geometry":{"type":"LineString","coordinates":[[-46.303481,-23.776285,0.0],[-46.303743,-23.775942,0.0],[-46.303874,-23.775801,0.0],[-46.304184,-23.775532,0.0],[-46.304595,-23.775196,0.0]]}},{"type":"Feature","properties":{"elemento":"0_PMSA_FERROVIA"},"geometry":{"type":"LineString","coordinates":[[-46.303481,-23.776285,0.0],[-46.303743,-23.775942,0.0],[-46.303874,-23.775801,0.0],[-46.304184,-23.775532,0.0],[-46.304595,-23.775196,0.0]]}},{"type":"Feature","properties":{"elemento":"0_PMSA_FERROVIA"},"geometry":{"type":"LineString","coordinates":[[-46.303509,-23.77622,0.0],[-46.303664,-23.775982,0.0],[-46.303796,-23.77583,0.0],[-46.304032,-23.775613,0.0],[-46.304506,-23.77522,0.0]]}},{"type":"Feature","properties":{"elemento":"0_PMSA_FERROVIA"},"geometry":{"type":"LineString","coordinates":[[-46.303509,-23.77622,0.0],[-46.303664,-23.775982,0.0],[-46.303796,-23.77583,0.0],[-46.304032,-23.775613,0.0],[-46.304506,-23.77522,0.0]]}},{"type":"Feature","properties":{"elemento":"0_PMSA_FERROVIA"},"geometry":{"type":"LineString","coordinates":[[-46.303408,-23.776321,0.0],[-46.303551,-23.776078,0.0],[-46.303678,-23.775908,0.0],[-46.303811,-23.775761,0.0],[-46.303988,-23.775601,0.0],[-46.304604,-23.775097,0.0]]}},{"type":"Feature","properties":{"elemento":"0_PMSA_FERROVIA"},"geometry":{"type":"LineString","coordinates":[[-46.303408,-23.776321,0.0],[-46.303551,-23.776078,0.0],[-46.303678,-23.775908,0.0],[-46.303811,-23.775761,0.0],[-46.303988,-23.775601,0.0],[-46.304604,-23.775097,0.0]]}},{"type":"Feature","properties":{"elemento":"0_PMSA_FERROVIA"},"geometry":{"type":"LineString","coordinates":[[-46.303682,-23.775539,0.0],[-46.303797,-23.775479,0.0],[-46.30408,-23.775297,0.0]]}},{"type":"Feature","properties":{"elemento":"0_PMSA_FERROVIA"},"geometry":{"type":"LineString","coordinates":[[-46.303324,-23.775958,0.0],[-46.303478,-23.775802,0.0]]}},{"type":"Feature","properties":{"elemento":"0_PMSA_FERROVIA"},"geometry":{"type":"LineString","coordinates":[[-46.303324,-23.775958,0.0],[-46.303478,-23.775802,0.0]]}},{"type":"Feature","properties":{"elemento":"0_PMSA_FERROVIA"},"geometry":{"type":"LineString","coordinates":[[-46.303323,-23.776112,0.0],[-46.303414,-23.775958,0.0],[-46.303484,-23.775863,0.0],[-46.303581,-23.775749,0.0],[-46.303732,-23.775609,0.0]]}},{"type":"Feature","properties":{"elemento":"0_PMSA_FERROVIA"},"geometry":{"type":"LineString","coordinates":[[-46.303323,-23.776112,0.0],[-46.303414,-23.775958,0.0],[-46.303484,-23.775863,0.0],[-46.303581,-23.775749,0.0],[-46.303732,-23.775609,0.0]]}},{"type":"Feature","properties":{"elemento":"0_PMSA_FERROVIA"},"geometry":{"type":"LineString","coordinates":[[-46.303391,-23.776264,0.0],[-46.30351,-23.776064,0.0],[-46.303617,-23.77592,0.0],[-46.303742,-23.775773,0.0],[-46.303818,-23.775696,0.0],[-46.303942,-23.775589,0.0],[-46.304368,-23.775234,0.0]]}},{"type":"Feature","properties":{"elemento":"0_PMSA_FERROVIA"},"geometry":{"type":"LineString","coordinates":[[-46.303391,-23.776264,0.0],[-46.30351,-23.776064,0.0],[-46.303617,-23.77592,0.0],[-46.303742,-23.775773,0.0],[-46.303818,-23.775696,0.0],[-46.303942,-23.775589,0.0],[-46.304368,-23.775234,0.0]]}},{"type":"Feature","properties":{"elemento":"0_PMSA_FERROVIA"},"geometry":{"type":"LineString","coordinates":[[-46.303316,-23.775747,0.0],[-46.303361,-23.775727,0.0]]}},{"type":"Feature","properties":{"elemento":"0_PMSA_FERROVIA"},"geometry":{"type":"LineString","coordinates":[[-46.303316,-23.775747,0.0],[-46.303361,-23.775727,0.0]]}},{"type":"Feature","properties":{"elemento":"0_PMSA_FERROVIA"},"geometry":{"type":"LineString","coordinates":[[-46.303333,-23.776268,0.0],[-46.303519,-23.775972,0.0],[-46.303723,-23.775733,0.0],[-46.303973,-23.775513,0.0],[-46.304393,-23.775167,0.0]]}},{"type":"Feature","properties":{"elemento":"0_PMSA_FERROVIA"},"geometry":{"type":"LineString","coordinates":[[-46.303333,-23.776268,0.0],[-46.303519,-23.775972,0.0],[-46.303723,-23.775733,0.0],[-46.303973,-23.775513,0.0],[-46.304393,-23.775167,0.0]]}},{"type":"Feature","properties":{"elemento":"0_PMSA_FERROVIA"},"geometry":{"type":"LineString","coordinates":[[-46.303874,-23.775465,0.0],[-46.303686,-23.775618,0.0],[-46.303551,-23.775744,0.0],[-46.303381,-23.775965,0.0]]}},{"type":"Feature","properties":{"elemento":"0_PMSA_FERROVIA"},"geometry":{"type":"LineString","coordinates":[[-46.303874,-23.775465,0.0],[-46.303686,-23.775618,0.0],[-46.303551,-23.775744,0.0],[-46.303381,-23.775965,0.0]]}},{"type":"Feature","properties":{"elemento":"0_PMSA_FERROVIA"},"geometry":{"type":"LineString","coordinates":[[-46.303624,-23.775818,0.0],[-46.30374,-23.775696,0.0],[-46.303854,-23.775592,0.0]]}},{"type":"Feature","properties":{"elemento":"0_PMSA_FERROVIA"},"geometry":{"type":"LineString","coordinates":[[-46.303624,-23.775818,0.0],[-46.30374,-23.775696,0.0],[-46.303854,-23.775592,0.0]]}},{"type":"Feature","properties":{"elemento":"0_PMSA_FERROVIA"},"geometry":{"type":"LineString","coordinates":[[-46.303361,-23.775727,0.0],[-46.303517,-23.775651,0.0]]}},{"type":"Feature","properties":{"elemento":"0_PMSA_FERROVIA"},"geometry":{"type":"LineString","coordinates":[[-46.303361,-23.775727,0.0],[-46.303517,-23.775651,0.0]]}},{"type":"Feature","properties":{"elemento":"0_PMSA_FERROVIA"},"geometry":{"type":"LineString","coordinates":[[-46.30348,-23.775652,0.0],[-46.303626,-23.775567,0.0]]}},{"type":"Feature","properties":{"elemento":"0_PMSA_FERROVIA"},"geometry":{"type":"LineString","coordinates":[[-46.30348,-23.775652,0.0],[-46.303626,-23.775567,0.0]]}},{"type":"Feature","properties":{"elemento":"0_PMSA_FERROVIA"},"geometry":{"type":"LineString","coordinates":[[-46.303517,-23.775651,0.0],[-46.303777,-23.775489,0.0]]}},{"type":"Feature","properties":{"elemento":"0_PMSA_FERROVIA"},"geometry":{"type":"LineString","coordinates":[[-46.303517,-23.775651,0.0],[-46.303777,-23.775489,0.0]]}},{"type":"Feature","properties":{"elemento":"0_PMSA_FERROVIA"},"geometry":{"type":"LineString","coordinates":[[-46.302914,-23.779027,0.0],[-46.302944,-23.779093,0.0]]}},{"type":"Feature","properties":{"elemento":"0_PMSA_FERROVIA"},"geometry":{"type":"LineString","coordinates":[[-46.302914,-23.779027,0.0],[-46.302944,-23.779093,0.0]]}},{"type":"Feature","properties":{"elemento":"0_PMSA_FERROVIA"},"geometry":{"type":"LineString","coordinates":[[-46.303173,-23.780073,0.0],[-46.302975,-23.779841,0.0],[-46.302914,-23.77974,0.0],[-46.302808,-23.779519,0.0],[-46.302765,-23.779383,0.0],[-46.302719,-23.779111,0.0],[-46.302688,-23.778657,0.0],[-46.302681,-23.77848,0.0],[-46.302684,-23.777965,0.0]]}},{"type":"Feature","properties":{"elemento":"0_PMSA_FERROVIA"},"geometry":{"type":"LineString","coordinates":[[-46.303173,-23.780073,0.0],[-46.302975,-23.779841,0.0],[-46.302914,-23.77974,0.0],[-46.302808,-23.779519,0.0],[-46.302765,-23.779383,0.0],[-46.302719,-23.779111,0.0],[-46.302688,-23.778657,0.0],[-46.302681,-23.77848,0.0],[-46.302684,-23.777965,0.0]]}},{"type":"Feature","properties":{"elemento":"0_PMSA_FERROVIA"},"geometry":{"type":"LineString","coordinates":[[-46.303023,-23.777972,0.0],[-46.303109,-23.778315,0.0]]}},{"type":"Feature","properties":{"elemento":"0_PMSA_FERROVIA"},"geometry":{"type":"LineString","coordinates":[[-46.303023,-23.777972,0.0],[-46.303109,-23.778315,0.0]]}},{"type":"Feature","properties":{"elemento":"0_PMSA_FERROVIA"},"geometry":{"type":"LineString","coordinates":[[-46.303058,-23.778112,0.0],[-46.303076,-23.778104,0.0]]}},{"type":"Feature","properties":{"elemento":"0_PMSA_FERROVIA"},"geometry":{"type":"LineString","coordinates":[[-46.303058,-23.778112,0.0],[-46.303076,-23.778104,0.0]]}},{"type":"Feature","properties":{"elemento":"0_PMSA_FERROVIA"},"geometry":{"type":"LineString","coordinates":[[-46.303024,-23.778123,0.0],[-46.303006,-23.777972,0.0]]}},{"type":"Feature","properties":{"elemento":"0_PMSA_FERROVIA"},"geometry":{"type":"LineString","coordinates":[[-46.303024,-23.778123,0.0],[-46.303006,-23.777972,0.0]]}},{"type":"Feature","properties":{"elemento":"0_PMSA_FERROVIA"},"geometry":{"type":"LineString","coordinates":[[-46.302868,-23.779053,0.0],[-46.302795,-23.778793,0.0]]}},{"type":"Feature","properties":{"elemento":"0_PMSA_FERROVIA"},"geometry":{"type":"LineString","coordinates":[[-46.302868,-23.779053,0.0],[-46.302795,-23.778793,0.0]]}},{"type":"Feature","properties":{"elemento":"0_PMSA_FERROVIA"},"geometry":{"type":"LineString","coordinates":[[-46.302749,-23.778734,0.0],[-46.302736,-23.779107,0.0]]}},{"type":"Feature","properties":{"elemento":"0_PMSA_FERROVIA"},"geometry":{"type":"LineString","coordinates":[[-46.302749,-23.778734,0.0],[-46.302736,-23.779107,0.0]]}},{"type":"Feature","properties":{"elemento":"0_PMSA_FERROVIA"},"geometry":{"type":"LineString","coordinates":[[-46.302898,-23.779033,0.0],[-46.302837,-23.778891,0.0],[-46.302775,-23.778684,0.0]]}},{"type":"Feature","properties":{"elemento":"0_PMSA_FERROVIA"},"geometry":{"type":"LineString","coordinates":[[-46.302898,-23.779033,0.0],[-46.302837,-23.778891,0.0],[-46.302775,-23.778684,0.0]]}},{"type":"Feature","properties":{"elemento":"0_PMSA_FERROVIA"},"geometry":{"type":"LineString","coordinates":[[-46.302792,-23.778684,0.0],[-46.302854,-23.778886,0.0],[-46.302914,-23.779027,0.0]]}},{"type":"Feature","properties":{"elemento":"0_PMSA_FERROVIA"},"geometry":{"type":"LineString","coordinates":[[-46.302792,-23.778684,0.0],[-46.302854,-23.778886,0.0],[-46.302914,-23.779027,0.0]]}},{"type":"Feature","properties":{"elemento":"0_PMSA_FERROVIA"},"geometry":{"type":"LineString","coordinates":[[-46.302734,-23.778737,0.0],[-46.302725,-23.778972,0.0]]}},{"type":"Feature","properties":{"elemento":"0_PMSA_FERROVIA"},"geometry":{"type":"LineString","coordinates":[[-46.302734,-23.778737,0.0],[-46.302725,-23.778972,0.0]]}},{"type":"Feature","properties":{"elemento":"0_PMSA_FERROVIA"},"geometry":{"type":"LineString","coordinates":[[-46.303315,-23.778986,0.0],[-46.303228,-23.778737,0.0]]}},{"type":"Feature","properties":{"elemento":"0_PMSA_FERROVIA"},"geometry":{"type":"LineString","coordinates":[[-46.303315,-23.778986,0.0],[-46.303228,-23.778737,0.0]]}},{"type":"Feature","properties":{"elemento":"0_PMSA_FERROVIA"},"geometry":{"type":"LineString","coordinates":[[-46.303276,-23.779036,0.0],[-46.303181,-23.778786,0.0],[-46.303096,-23.778504,0.0],[-46.303054,-23.778316,0.0],[-46.303024,-23.778123,0.0]]}},{"type":"Feature","properties":{"elemento":"0_PMSA_FERROVIA"},"geometry":{"type":"LineString","coordinates":[[-46.303276,-23.779036,0.0],[-46.303181,-23.778786,0.0],[-46.303096,-23.778504,0.0],[-46.303054,-23.778316,0.0],[-46.303024,-23.778123,0.0]]}},{"type":"Feature","properties":{"elemento":"0_PMSA_FERROVIA"},"geometry":{"type":"LineString","coordinates":[[-46.303295,-23.779087,0.0],[-46.303164,-23.778544,0.0],[-46.303139,-23.778244,0.0],[-46.303171,-23.777976,0.0]]}},{"type":"Feature","properties":{"elemento":"0_PMSA_FERROVIA"},"geometry":{"type":"LineString","coordinates":[[-46.303295,-23.779087,0.0],[-46.303164,-23.778544,0.0],[-46.303139,-23.778244,0.0],[-46.303171,-23.777976,0.0]]}},{"type":"Feature","properties":{"elemento":"0_PMSA_FERROVIA"},"geometry":{"type":"LineString","coordinates":[[-46.303023,-23.777972,0.0],[-46.303064,-23.778265,0.0],[-46.303101,-23.778442,0.0],[-46.303201,-23.778789,0.0],[-46.303315,-23.779086,0.0]]}},{"type":"Feature","properties":{"elemento":"0_PMSA_FERROVIA"},"geometry":{"type":"LineString","coordinates":[[-46.303023,-23.777972,0.0],[-46.303064,-23.778265,0.0],[-46.303101,-23.778442,0.0],[-46.303201,-23.778789,0.0],[-46.303315,-23.779086,0.0]]}},{"type":"Feature","properties":{"elemento":"0_PMSA_FERROVIA"},"geometry":{"type":"LineString","coordinates":[[-46.303307,-23.779065,0.0],[-46.303189,-23.778581,0.0],[-46.303162,-23.778363,0.0],[-46.303162,-23.778178,0.0],[-46.303189,-23.777976,0.0]]}},{"type":"Feature","properties":{"elemento":"0_PMSA_FERROVIA"},"geometry":{"type":"LineString","coordinates":[[-46.303307,-23.779065,0.0],[-46.303189,-23.778581,0.0],[-46.303162,-23.778363,0.0],[-46.303162,-23.778178,0.0],[-46.303189,-23.777976,0.0]]}},{"type":"Feature","properties":{"elemento":"0_PMSA_FERROVIA"},"geometry":{"type":"LineString","coordinates":[[-46.303166,-23.778562,0.0],[-46.303109,-23.778316,0.0],[-46.303088,-23.778154,0.0],[-46.30308,-23.777974,0.0]]}},{"type":"Feature","properties":{"elemento":"0_PMSA_FERROVIA"},"geometry":{"type":"LineString","coordinates":[[-46.303166,-23.778562,0.0],[-46.303109,-23.778316,0.0],[-46.303088,-23.778154,0.0],[-46.30308,-23.777974,0.0]]}},{"type":"Feature","properties":{"elemento":"0_PMSA_FERROVIA"},"geometry":{"type":"LineString","coordinates":[[-46.303186,-23.778558,0.0],[-46.303128,-23.778315,0.0],[-46.303105,-23.778146,0.0],[-46.303098,-23.777974,0.0]]}},{"type":"Feature","properties":{"elemento":"0_PMSA_FERROVIA"},"geometry":{"type":"LineString","coordinates":[[-46.303186,-23.778558,0.0],[-46.303128,-23.778315,0.0],[-46.303105,-23.778146,0.0],[-46.303098,-23.777974,0.0]]}},{"type":"Feature","properties":{"elemento":"0_PMSA_FERROVIA"},"geometry":{"type":"LineString","coordinates":[[-46.303127,-23.778315,0.0],[-46.303042,-23.777973,0.0]]}},{"type":"Feature","properties":{"elemento":"0_PMSA_FERROVIA"},"geometry":{"type":"LineString","coordinates":[[-46.303127,-23.778315,0.0],[-46.303042,-23.777973,0.0]]}},{"type":"Feature","properties":{"elemento":"0_PMSA_FERROVIA"},"geometry":{"type":"LineString","coordinates":[[-46.303098,-23.777954,0.0],[-46.303101,-23.777838,0.0]]}},{"type":"Feature","properties":{"elemento":"0_PMSA_FERROVIA"},"geometry":{"type":"LineString","coordinates":[[-46.303098,-23.777954,0.0],[-46.303101,-23.777838,0.0]]}},{"type":"Feature","properties":{"elemento":"0_PMSA_FERROVIA"},"geometry":{"type":"LineString","coordinates":[[-46.303084,-23.777838,0.0],[-46.30308,-23.777953,0.0]]}},{"type":"Feature","properties":{"elemento":"0_PMSA_FERROVIA"},"geometry":{"type":"LineString","coordinates":[[-46.303084,-23.777838,0.0],[-46.30308,-23.777953,0.0]]}},{"type":"Feature","properties":{"elemento":"0_PMSA_FERROVIA"},"geometry":{"type":"LineString","coordinates":[[-46.303315,-23.779086,0.0],[-46.303462,-23.779434,0.0],[-46.303544,-23.779582,0.0],[-46.303649,-23.779733,0.0],[-46.303778,-23.779891,0.0],[-46.304053,-23.780174,0.0]]}},{"type":"Feature","properties":{"elemento":"0_PMSA_FERROVIA"},"geometry":{"type":"LineString","coordinates":[[-46.303192,-23.777955,0.0],[-46.303217,-23.777617,0.0],[-46.303238,-23.777457,0.0],[-46.303279,-23.777262,0.0],[-46.303338,-23.777056,0.0],[-46.303457,-23.776776,0.0],[-46.303537,-23.776619,0.0],[-46.303674,-23.776402,0.0],[-46.303831,-23.776198,0.0]]}},{"type":"Feature","properties":{"elemento":"0_PMSA_FERROVIA"},"geometry":{"type":"LineString","coordinates":[[-46.303192,-23.777955,0.0],[-46.303217,-23.777617,0.0],[-46.303238,-23.777457,0.0],[-46.303279,-23.777262,0.0],[-46.303338,-23.777056,0.0],[-46.303457,-23.776776,0.0],[-46.303537,-23.776619,0.0],[-46.303674,-23.776402,0.0],[-46.303831,-23.776198,0.0]]}},{"type":"Feature","properties":{"elemento":"0_PMSA_FERROVIA"},"geometry":{"type":"LineString","coordinates":[[-46.30368,-23.776266,0.0],[-46.303601,-23.776375,0.0],[-46.303462,-23.7766,0.0],[-46.303357,-23.776802,0.0],[-46.303301,-23.776937,0.0],[-46.303206,-23.77723,0.0],[-46.303172,-23.777379,0.0],[-46.303101,-23.777838,0.0]]}},{"type":"Feature","properties":{"elemento":"0_PMSA_FERROVIA"},"geometry":{"type":"LineString","coordinates":[[-46.30368,-23.776266,0.0],[-46.303601,-23.776375,0.0],[-46.303462,-23.7766,0.0],[-46.303357,-23.776802,0.0],[-46.303301,-23.776937,0.0],[-46.303206,-23.77723,0.0],[-46.303172,-23.777379,0.0],[-46.303101,-23.777838,0.0]]}},{"type":"Feature","properties":{"elemento":"0_PMSA_FERROVIA"},"geometry":{"type":"LineString","coordinates":[[-46.303105,-23.777809,0.0],[-46.303106,-23.777635,0.0],[-46.303132,-23.777379,0.0],[-46.303195,-23.777122,0.0],[-46.303278,-23.776886,0.0],[-46.303352,-23.776712,0.0],[-46.30347,-23.776498,0.0],[-46.303607,-23.776295,0.0]]}},{"type":"Feature","properties":{"elemento":"0_PMSA_FERROVIA"},"geometry":{"type":"LineString","coordinates":[[-46.303105,-23.777809,0.0],[-46.303106,-23.777635,0.0],[-46.303132,-23.777379,0.0],[-46.303195,-23.777122,0.0],[-46.303278,-23.776886,0.0],[-46.303352,-23.776712,0.0],[-46.30347,-23.776498,0.0],[-46.303607,-23.776295,0.0]]}},{"type":"Feature","properties":{"elemento":"0_PMSA_FERROVIA"},"geometry":{"type":"LineString","coordinates":[[-46.303133,-23.777601,0.0],[-46.303293,-23.777073,0.0],[-46.303381,-23.776852,0.0],[-46.303527,-23.776557,0.0],[-46.303699,-23.776304,0.0]]}},{"type":"Feature","properties":{"elemento":"0_PMSA_FERROVIA"},"geometry":{"type":"LineString","coordinates":[[-46.303133,-23.777601,0.0],[-46.303293,-23.777073,0.0],[-46.303381,-23.776852,0.0],[-46.303527,-23.776557,0.0],[-46.303699,-23.776304,0.0]]}},{"type":"Feature","properties":{"elemento":"0_PMSA_FERROVIA"},"geometry":{"type":"LineString","coordinates":[[-46.303295,-23.777375,0.0],[-46.30334,-23.777186,0.0],[-46.303395,-23.777011,0.0],[-46.303501,-23.776768,0.0],[-46.30365,-23.776507,0.0],[-46.3038,-23.7763,0.0]]}},{"type":"Feature","properties":{"elemento":"0_PMSA_FERROVIA"},"geometry":{"type":"LineString","coordinates":[[-46.303038,-23.777953,0.0],[-46.303008,-23.777812,0.0]]}},{"type":"Feature","properties":{"elemento":"0_PMSA_FERROVIA"},"geometry":{"type":"LineString","coordinates":[[-46.303038,-23.777953,0.0],[-46.303008,-23.777812,0.0]]}},{"type":"Feature","properties":{"elemento":"0_PMSA_FERROVIA"},"geometry":{"type":"LineString","coordinates":[[-46.30302,-23.777953,0.0],[-46.302989,-23.777811,0.0]]}},{"type":"Feature","properties":{"elemento":"0_PMSA_FERROVIA"},"geometry":{"type":"LineString","coordinates":[[-46.30302,-23.777953,0.0],[-46.302989,-23.777811,0.0]]}},{"type":"Feature","properties":{"elemento":"0_PMSA_FERROVIA"},"geometry":{"type":"LineString","coordinates":[[-46.303003,-23.777761,0.0],[-46.303021,-23.777952,0.0]]}},{"type":"Feature","properties":{"elemento":"0_PMSA_FERROVIA"},"geometry":{"type":"LineString","coordinates":[[-46.303003,-23.777761,0.0],[-46.303021,-23.777952,0.0]]}},{"type":"Feature","properties":{"elemento":"0_PMSA_FERROVIA"},"geometry":{"type":"LineString","coordinates":[[-46.303004,-23.777952,0.0],[-46.302979,-23.777696,0.0],[-46.302975,-23.777555,0.0],[-46.302985,-23.777432,0.0]]}},{"type":"Feature","properties":{"elemento":"0_PMSA_FERROVIA"},"geometry":{"type":"LineString","coordinates":[[-46.303004,-23.777952,0.0],[-46.302979,-23.777696,0.0],[-46.302975,-23.777555,0.0],[-46.302985,-23.777432,0.0]]}},{"type":"Feature","properties":{"elemento":"0_PMSA_FERROVIA"},"geometry":{"type":"LineString","coordinates":[[-46.303003,-23.777761,0.0],[-46.302995,-23.777554,0.0],[-46.303004,-23.777434,0.0]]}},{"type":"Feature","properties":{"elemento":"0_PMSA_FERROVIA"},"geometry":{"type":"LineString","coordinates":[[-46.303003,-23.777761,0.0],[-46.302995,-23.777554,0.0],[-46.303004,-23.777434,0.0]]}},{"type":"Feature","properties":{"elemento":"0_PMSA_FERROVIA"},"geometry":{"type":"LineString","coordinates":[[-46.302791,-23.777948,0.0],[-46.302826,-23.777759,0.0]]}},{"type":"Feature","properties":{"elemento":"0_PMSA_FERROVIA"},"geometry":{"type":"LineString","coordinates":[[-46.302791,-23.777948,0.0],[-46.302826,-23.777759,0.0]]}},{"type":"Feature","properties":{"elemento":"0_PMSA_FERROVIA"},"geometry":{"type":"LineString","coordinates":[[-46.302891,-23.777513,0.0],[-46.302807,-23.777948,0.0]]}},{"type":"Feature","properties":{"elemento":"0_PMSA_FERROVIA"},"geometry":{"type":"LineString","coordinates":[[-46.302891,-23.777513,0.0],[-46.302807,-23.777948,0.0]]}},{"type":"Feature","properties":{"elemento":"0_PMSA_FERROVIA"},"geometry":{"type":"LineString","coordinates":[[-46.302837,-23.777708,0.0],[-46.302876,-23.777513,0.0]]}},{"type":"Feature","properties":{"elemento":"0_PMSA_FERROVIA"},"geometry":{"type":"LineString","coordinates":[[-46.302837,-23.777708,0.0],[-46.302876,-23.777513,0.0]]}},{"type":"Feature","properties":{"elemento":"0_PMSA_FERROVIA"},"geometry":{"type":"LineString","coordinates":[[-46.302761,-23.777044,0.0],[-46.3027,-23.777213,0.0],[-46.302664,-23.777359,0.0],[-46.302624,-23.777695,0.0],[-46.302617,-23.777944,0.0]]}},{"type":"Feature","properties":{"elemento":"0_PMSA_FERROVIA"},"geometry":{"type":"LineString","coordinates":[[-46.302761,-23.777044,0.0],[-46.3027,-23.777213,0.0],[-46.302664,-23.777359,0.0],[-46.302624,-23.777695,0.0],[-46.302617,-23.777944,0.0]]}},{"type":"Feature","properties":{"elemento":"0_PMSA_FERROVIA"},"geometry":{"type":"LineString","coordinates":[[-46.3027,-23.777214,0.0],[-46.302684,-23.777211,0.0]]}},{"type":"Feature","properties":{"elemento":"0_PMSA_FERROVIA"},"geometry":{"type":"LineString","coordinates":[[-46.3027,-23.777214,0.0],[-46.302684,-23.777211,0.0]]}},{"type":"Feature","properties":{"elemento":"0_PMSA_FERROVIA"},"geometry":{"type":"LineString","coordinates":[[-46.302666,-23.777852,0.0],[-46.302676,-23.777596,0.0],[-46.30269,-23.777477,0.0],[-46.302727,-23.777283,0.0],[-46.302757,-23.777177,0.0],[-46.302834,-23.776977,0.0],[-46.302918,-23.776794,0.0],[-46.302986,-23.776662,0.0],[-46.303174,-23.776333,0.0]]}},{"type":"Feature","properties":{"elemento":"0_PMSA_FERROVIA"},"geometry":{"type":"LineString","coordinates":[[-46.302666,-23.777852,0.0],[-46.302676,-23.777596,0.0],[-46.30269,-23.777477,0.0],[-46.302727,-23.777283,0.0],[-46.302757,-23.777177,0.0],[-46.302834,-23.776977,0.0],[-46.302918,-23.776794,0.0],[-46.302986,-23.776662,0.0],[-46.303174,-23.776333,0.0]]}},{"type":"Feature","properties":{"elemento":"0_PMSA_FERROVIA"},"geometry":{"type":"LineString","coordinates":[[-46.303234,-23.776307,0.0],[-46.302925,-23.776872,0.0],[-46.302811,-23.777147,0.0],[-46.302759,-23.777327,0.0],[-46.302714,-23.77757,0.0],[-46.302701,-23.77787,0.0]]}},{"type":"Feature","properties":{"elemento":"0_PMSA_FERROVIA"},"geometry":{"type":"LineString","coordinates":[[-46.303234,-23.776307,0.0],[-46.302925,-23.776872,0.0],[-46.302811,-23.777147,0.0],[-46.302759,-23.777327,0.0],[-46.302714,-23.77757,0.0],[-46.302701,-23.77787,0.0]]}},{"type":"Feature","properties":{"elemento":"0_PMSA_FERROVIA"},"geometry":{"type":"LineString","coordinates":[[-46.302685,-23.777945,0.0],[-46.302696,-23.777568,0.0],[-46.302743,-23.777312,0.0],[-46.302793,-23.777139,0.0],[-46.302865,-23.776951,0.0],[-46.30292,-23.776836,0.0],[-46.303253,-23.776229,0.0]]}},{"type":"Feature","properties":{"elemento":"0_PMSA_FERROVIA"},"geometry":{"type":"LineString","coordinates":[[-46.302685,-23.777945,0.0],[-46.302696,-23.777568,0.0],[-46.302743,-23.777312,0.0],[-46.302793,-23.777139,0.0],[-46.302865,-23.776951,0.0],[-46.30292,-23.776836,0.0],[-46.303253,-23.776229,0.0]]}},{"type":"Feature","properties":{"elemento":"0_PMSA_FERROVIA"},"geometry":{"type":"LineString","coordinates":[[-46.30265,-23.777944,0.0],[-46.302653,-23.777656,0.0],[-46.302664,-23.777539,0.0],[-46.302698,-23.777328,0.0],[-46.302762,-23.777109,0.0],[-46.302804,-23.776997,0.0],[-46.302911,-23.776765,0.0],[-46.303266,-23.776134,0.0]]}},{"type":"Feature","properties":{"elemento":"0_PMSA_FERROVIA"},"geometry":{"type":"LineString","coordinates":[[-46.30265,-23.777944,0.0],[-46.302653,-23.777656,0.0],[-46.302664,-23.777539,0.0],[-46.302698,-23.777328,0.0],[-46.302762,-23.777109,0.0],[-46.302804,-23.776997,0.0],[-46.302911,-23.776765,0.0],[-46.303266,-23.776134,0.0]]}},{"type":"Feature","properties":{"elemento":"0_PMSA_FERROVIA"},"geometry":{"type":"LineString","coordinates":[[-46.302761,-23.777044,0.0],[-46.30286,-23.776852,0.0],[-46.302973,-23.776685,0.0]]}},{"type":"Feature","properties":{"elemento":"0_PMSA_FERROVIA"},"geometry":{"type":"LineString","coordinates":[[-46.302761,-23.777044,0.0],[-46.30286,-23.776852,0.0],[-46.302973,-23.776685,0.0]]}},{"type":"Feature","properties":{"elemento":"0_PMSA_FERROVIA"},"geometry":{"type":"LineString","coordinates":[[-46.303192,-23.777955,0.0],[-46.303295,-23.777375,0.0]]}},{"type":"Feature","properties":{"elemento":"0_PMSA_FERROVIA"},"geometry":{"type":"LineString","coordinates":[[-46.303192,-23.777955,0.0],[-46.303295,-23.777375,0.0]]}},{"type":"Feature","properties":{"elemento":"0_PMSA_FERROVIA"},"geometry":{"type":"LineString","coordinates":[[-46.303004,-23.777434,0.0],[-46.303071,-23.77708,0.0],[-46.303156,-23.776719,0.0],[-46.303221,-23.77652,0.0],[-46.303333,-23.776268,0.0]]}},{"type":"Feature","properties":{"elemento":"0_PMSA_FERROVIA"},"geometry":{"type":"LineString","coordinates":[[-46.303004,-23.777434,0.0],[-46.303071,-23.77708,0.0],[-46.303156,-23.776719,0.0],[-46.303221,-23.77652,0.0],[-46.303333,-23.776268,0.0]]}},{"type":"Feature","properties":{"elemento":"0_PMSA_FERROVIA"},"geometry":{"type":"LineString","coordinates":[[-46.303391,-23.776264,0.0],[-46.303342,-23.776355,0.0],[-46.303251,-23.776576,0.0],[-46.303051,-23.777175,0.0]]}},{"type":"Feature","properties":{"elemento":"0_PMSA_FERROVIA"},"geometry":{"type":"LineString","coordinates":[[-46.303391,-23.776264,0.0],[-46.303342,-23.776355,0.0],[-46.303251,-23.776576,0.0],[-46.303051,-23.777175,0.0]]}},{"type":"Feature","properties":{"elemento":"0_PMSA_FERROVIA"},"geometry":{"type":"LineString","coordinates":[[-46.302985,-23.777432,0.0],[-46.303001,-23.777329,0.0],[-46.30312,-23.776785,0.0],[-46.30319,-23.776546,0.0],[-46.303242,-23.776415,0.0],[-46.303319,-23.776259,0.0],[-46.30341,-23.776109,0.0],[-46.303508,-23.775959,0.0],[-46.303624,-23.775818,0.0]]}},{"type":"Feature","properties":{"elemento":"0_PMSA_FERROVIA"},"geometry":{"type":"LineString","coordinates":[[-46.302985,-23.777432,0.0],[-46.303001,-23.777329,0.0],[-46.30312,-23.776785,0.0],[-46.30319,-23.776546,0.0],[-46.303242,-23.776415,0.0],[-46.303319,-23.776259,0.0],[-46.30341,-23.776109,0.0],[-46.303508,-23.775959,0.0],[-46.303624,-23.775818,0.0]]}},{"type":"Feature","properties":{"elemento":"0_PMSA_FERROVIA"},"geometry":{"type":"LineString","coordinates":[[-46.303481,-23.776285,0.0],[-46.303284,-23.776598,0.0],[-46.303209,-23.776745,0.0],[-46.303138,-23.776912,0.0]]}},{"type":"Feature","properties":{"elemento":"0_PMSA_FERROVIA"},"geometry":{"type":"LineString","coordinates":[[-46.303481,-23.776285,0.0],[-46.303284,-23.776598,0.0],[-46.303209,-23.776745,0.0],[-46.303138,-23.776912,0.0]]}},{"type":"Feature","properties":{"elemento":"0_PMSA_FERROVIA"},"geometry":{"type":"LineString","coordinates":[[-46.302769,-23.776971,0.0],[-46.302962,-23.77667,0.0]]}},{"type":"Feature","properties":{"elemento":"0_PMSA_FERROVIA"},"geometry":{"type":"LineString","coordinates":[[-46.302769,-23.776971,0.0],[-46.302962,-23.77667,0.0]]}},{"type":"Feature","properties":{"elemento":"0_PMSA_FERROVIA"},"geometry":{"type":"LineString","coordinates":[[-46.302683,-23.776888,0.0],[-46.302866,-23.776645,0.0]]}},{"type":"Feature","properties":{"elemento":"0_PMSA_FERROVIA"},"geometry":{"type":"LineString","coordinates":[[-46.302683,-23.776888,0.0],[-46.302866,-23.776645,0.0]]}},{"type":"Feature","properties":{"elemento":"0_PMSA_FERROVIA"},"geometry":{"type":"LineString","coordinates":[[-46.302561,-23.777021,0.0],[-46.302685,-23.776813,0.0],[-46.30282,-23.776643,0.0],[-46.303062,-23.776369,0.0]]}},{"type":"Feature","properties":{"elemento":"0_PMSA_FERROVIA"},"geometry":{"type":"LineString","coordinates":[[-46.302561,-23.777021,0.0],[-46.302685,-23.776813,0.0],[-46.30282,-23.776643,0.0],[-46.303062,-23.776369,0.0]]}},{"type":"Feature","properties":{"elemento":"0_PMSA_FERROVIA"},"geometry":{"type":"LineString","coordinates":[[-46.302723,-23.776734,0.0],[-46.302921,-23.776499,0.0],[-46.302841,-23.776574,0.0],[-46.302725,-23.776699,0.0]]}},{"type":"Feature","properties":{"elemento":"0_PMSA_FERROVIA"},"geometry":{"type":"LineString","coordinates":[[-46.302723,-23.776734,0.0],[-46.302921,-23.776499,0.0],[-46.302841,-23.776574,0.0],[-46.302725,-23.776699,0.0]]}},{"type":"Feature","properties":{"elemento":"0_PMSA_FERROVIA"},"geometry":{"type":"LineString","coordinates":[[-46.302692,-23.776659,0.0],[-46.302825,-23.776529,0.0]]}},{"type":"Feature","properties":{"elemento":"0_PMSA_FERROVIA"},"geometry":{"type":"LineString","coordinates":[[-46.302692,-23.776659,0.0],[-46.302825,-23.776529,0.0]]}},{"type":"Feature","properties":{"elemento":"0_PMSA_FERROVIA"},"geometry":{"type":"LineString","coordinates":[[-46.301964,-23.778776,0.0],[-46.302341,-23.777429,0.0]]}},{"type":"Feature","properties":{"elemento":"0_PMSA_FERROVIA"},"geometry":{"type":"LineString","coordinates":[[-46.301964,-23.778776,0.0],[-46.302341,-23.777429,0.0]]}},{"type":"Feature","properties":{"elemento":"0_PMSA_FERROVIA"},"geometry":{"type":"LineString","coordinates":[[-46.301947,-23.778765,0.0],[-46.302322,-23.77742,0.0]]}},{"type":"Feature","properties":{"elemento":"0_PMSA_FERROVIA"},"geometry":{"type":"LineString","coordinates":[[-46.301949,-23.778756,0.0],[-46.302322,-23.77742,0.0]]}},{"type":"Feature","properties":{"elemento":"0_PMSA_FERROVIA"},"geometry":{"type":"LineString","coordinates":[[-46.302177,-23.778388,0.0],[-46.302341,-23.777778,0.0]]}},{"type":"Feature","properties":{"elemento":"0_PMSA_FERROVIA"},"geometry":{"type":"LineString","coordinates":[[-46.302177,-23.778388,0.0],[-46.302341,-23.777778,0.0]]}},{"type":"Feature","properties":{"elemento":"0_PMSA_FERROVIA"},"geometry":{"type":"LineString","coordinates":[[-46.302177,-23.778388,0.0],[-46.302341,-23.777778,0.0]]}},{"type":"Feature","properties":{"elemento":"0_PMSA_FERROVIA"},"geometry":{"type":"LineString","coordinates":[[-46.302177,-23.778388,0.0],[-46.302341,-23.777778,0.0]]}},{"type":"Feature","properties":{"elemento":"0_PMSA_FERROVIA"},"geometry":{"type":"LineString","coordinates":[[-46.302176,-23.778327,0.0],[-46.302341,-23.777715,0.0]]}},{"type":"Feature","properties":{"elemento":"0_PMSA_FERROVIA"},"geometry":{"type":"LineString","coordinates":[[-46.302176,-23.778327,0.0],[-46.302341,-23.777715,0.0]]}},{"type":"Feature","properties":{"elemento":"0_PMSA_FERROVIA"},"geometry":{"type":"LineString","coordinates":[[-46.302176,-23.778327,0.0],[-46.302341,-23.777715,0.0]]}},{"type":"Feature","properties":{"elemento":"0_PMSA_FERROVIA"},"geometry":{"type":"LineString","coordinates":[[-46.302176,-23.778327,0.0],[-46.302341,-23.777715,0.0]]}},{"type":"Feature","properties":{"elemento":"0_PMSA_FERROVIA"},"geometry":{"type":"LineString","coordinates":[[-46.301936,-23.778744,0.0],[-46.302233,-23.777657,0.0],[-46.30234,-23.777297,0.0]]}},{"type":"Feature","properties":{"elemento":"0_PMSA_FERROVIA"},"geometry":{"type":"LineString","coordinates":[[-46.301936,-23.778744,0.0],[-46.302233,-23.777657,0.0],[-46.30234,-23.777297,0.0]]}},{"type":"Feature","properties":{"elemento":"0_PMSA_FERROVIA"},"geometry":{"type":"LineString","coordinates":[[-46.301935,-23.778581,0.0],[-46.302211,-23.777597,0.0],[-46.302254,-23.777417,0.0]]}},{"type":"Feature","properties":{"elemento":"0_PMSA_FERROVIA"},"geometry":{"type":"LineString","coordinates":[[-46.301935,-23.778581,0.0],[-46.302211,-23.777597,0.0],[-46.302254,-23.777417,0.0]]}},{"type":"Feature","properties":{"elemento":"0_PMSA_FERROVIA"},"geometry":{"type":"LineString","coordinates":[[-46.302282,-23.777399,0.0],[-46.30221,-23.777561,0.0],[-46.302148,-23.777746,0.0],[-46.301921,-23.778553,0.0]]}},{"type":"Feature","properties":{"elemento":"0_PMSA_FERROVIA"},"geometry":{"type":"LineString","coordinates":[[-46.302282,-23.777399,0.0],[-46.30221,-23.777561,0.0],[-46.302148,-23.777746,0.0],[-46.301921,-23.778553,0.0]]}},{"type":"Feature","properties":{"elemento":"0_PMSA_FERROVIA"},"geometry":{"type":"LineString","coordinates":[[-46.301934,-23.778651,0.0],[-46.302262,-23.777467,0.0],[-46.30234,-23.777219,0.0]]}},{"type":"Feature","properties":{"elemento":"0_PMSA_FERROVIA"},"geometry":{"type":"LineString","coordinates":[[-46.301934,-23.778651,0.0],[-46.302262,-23.777467,0.0],[-46.30234,-23.777219,0.0]]}},{"type":"Feature","properties":{"elemento":"0_PMSA_FERROVIA"},"geometry":{"type":"LineString","coordinates":[[-46.302475,-23.777996,0.0],[-46.302471,-23.77796,0.0]]}},{"type":"Feature","properties":{"elemento":"0_PMSA_FERROVIA"},"geometry":{"type":"LineString","coordinates":[[-46.302475,-23.777996,0.0],[-46.302471,-23.77796,0.0]]}},{"type":"Feature","properties":{"elemento":"0_PMSA_FERROVIA"},"geometry":{"type":"LineString","coordinates":[[-46.302537,-23.777886,0.0],[-46.302537,-23.777942,0.0]]}},{"type":"Feature","properties":{"elemento":"0_PMSA_FERROVIA"},"geometry":{"type":"LineString","coordinates":[[-46.302537,-23.777886,0.0],[-46.302537,-23.777942,0.0]]}},{"type":"Feature","properties":{"elemento":"0_PMSA_FERROVIA"},"geometry":{"type":"LineString","coordinates":[[-46.302443,-23.777726,0.0],[-46.302388,-23.777896,0.0],[-46.302342,-23.778073,0.0]]}},{"type":"Feature","properties":{"elemento":"0_PMSA_FERROVIA"},"geometry":{"type":"LineString","coordinates":[[-46.302443,-23.777726,0.0],[-46.302388,-23.777896,0.0],[-46.302342,-23.778073,0.0]]}},{"type":"Feature","properties":{"elemento":"0_PMSA_FERROVIA"},"geometry":{"type":"LineString","coordinates":[[-46.302473,-23.777889,0.0],[-46.30249,-23.77789,0.0]]}},{"type":"Feature","properties":{"elemento":"0_PMSA_FERROVIA"},"geometry":{"type":"LineString","coordinates":[[-46.302473,-23.777889,0.0],[-46.30249,-23.77789,0.0]]}},{"type":"Feature","properties":{"elemento":"0_PMSA_FERROVIA"},"geometry":{"type":"LineString","coordinates":[[-46.30252,-23.777942,0.0],[-46.302523,-23.7778,0.0]]}},{"type":"Feature","properties":{"elemento":"0_PMSA_FERROVIA"},"geometry":{"type":"LineString","coordinates":[[-46.30252,-23.777942,0.0],[-46.302523,-23.7778,0.0]]}},{"type":"Feature","properties":{"elemento":"0_PMSA_FERROVIA"},"geometry":{"type":"LineString","coordinates":[[-46.301912,-23.778528,0.0],[-46.302137,-23.777731,0.0],[-46.302325,-23.777211,0.0]]}},{"type":"Feature","properties":{"elemento":"0_PMSA_FERROVIA"},"geometry":{"type":"LineString","coordinates":[[-46.301918,-23.778506,0.0],[-46.302137,-23.777731,0.0],[-46.302325,-23.777211,0.0]]}},{"type":"Feature","properties":{"elemento":"0_PMSA_FERROVIA"},"geometry":{"type":"LineString","coordinates":[[-46.30223,-23.778028,0.0],[-46.302341,-23.777633,0.0]]}},{"type":"Feature","properties":{"elemento":"0_PMSA_FERROVIA"},"geometry":{"type":"LineString","coordinates":[[-46.30223,-23.778028,0.0],[-46.302341,-23.777633,0.0]]}},{"type":"Feature","properties":{"elemento":"0_PMSA_FERROVIA"},"geometry":{"type":"LineString","coordinates":[[-46.30223,-23.778028,0.0],[-46.302341,-23.777633,0.0]]}},{"type":"Feature","properties":{"elemento":"0_PMSA_FERROVIA"},"geometry":{"type":"LineString","coordinates":[[-46.30223,-23.778028,0.0],[-46.302341,-23.777633,0.0]]}},{"type":"Feature","properties":{"elemento":"0_PMSA_FERROVIA"},"geometry":{"type":"LineString","coordinates":[[-46.302215,-23.777427,0.0],[-46.302109,-23.777589,0.0],[-46.302012,-23.777704,0.0]]}},{"type":"Feature","properties":{"elemento":"0_PMSA_FERROVIA"},"geometry":{"type":"LineString","coordinates":[[-46.302215,-23.777427,0.0],[-46.302109,-23.777589,0.0],[-46.302012,-23.777704,0.0]]}},{"type":"Feature","properties":{"elemento":"0_PMSA_FERROVIA"},"geometry":{"type":"LineString","coordinates":[[-46.302032,-23.777651,0.0],[-46.302126,-23.777536,0.0],[-46.302174,-23.77746,0.0]]}},{"type":"Feature","properties":{"elemento":"0_PMSA_FERROVIA"},"geometry":{"type":"LineString","coordinates":[[-46.302032,-23.777651,0.0],[-46.302126,-23.777536,0.0],[-46.302174,-23.77746,0.0]]}},{"type":"Feature","properties":{"elemento":"0_PMSA_FERROVIA"},"geometry":{"type":"LineString","coordinates":[[-46.302579,-23.777834,0.0],[-46.302578,-23.777943,0.0]]}},{"type":"Feature","properties":{"elemento":"0_PMSA_FERROVIA"},"geometry":{"type":"LineString","coordinates":[[-46.302579,-23.777834,0.0],[-46.302578,-23.777943,0.0]]}},{"type":"Feature","properties":{"elemento":"0_PMSA_FERROVIA"},"geometry":{"type":"LineString","coordinates":[[-46.302562,-23.777943,0.0],[-46.302569,-23.777706,0.0],[-46.302591,-23.777535,0.0],[-46.302618,-23.777435,0.0]]}},{"type":"Feature","properties":{"elemento":"0_PMSA_FERROVIA"},"geometry":{"type":"LineString","coordinates":[[-46.302562,-23.777943,0.0],[-46.302569,-23.777706,0.0],[-46.302591,-23.777535,0.0],[-46.302618,-23.777435,0.0]]}},{"type":"Feature","properties":{"elemento":"0_PMSA_FERROVIA"},"geometry":{"type":"LineString","coordinates":[[-46.302601,-23.777944,0.0],[-46.302606,-23.777708,0.0],[-46.302647,-23.77739,0.0],[-46.302633,-23.777437,0.0]]}},{"type":"Feature","properties":{"elemento":"0_PMSA_FERROVIA"},"geometry":{"type":"LineString","coordinates":[[-46.302601,-23.777944,0.0],[-46.302606,-23.777708,0.0],[-46.302647,-23.77739,0.0],[-46.302633,-23.777437,0.0]]}},{"type":"Feature","properties":{"elemento":"0_PMSA_FERROVIA"},"geometry":{"type":"LineString","coordinates":[[-46.302633,-23.777437,0.0],[-46.302601,-23.777578,0.0],[-46.302579,-23.777834,0.0]]}},{"type":"Feature","properties":{"elemento":"0_PMSA_FERROVIA"},"geometry":{"type":"LineString","coordinates":[[-46.302633,-23.777437,0.0],[-46.302601,-23.777578,0.0],[-46.302579,-23.777834,0.0]]}},{"type":"Feature","properties":{"elemento":"0_PMSA_FERROVIA"},"geometry":{"type":"LineString","coordinates":[[-46.302523,-23.7778,0.0],[-46.302542,-23.777591,0.0],[-46.302572,-23.777444,0.0]]}},{"type":"Feature","properties":{"elemento":"0_PMSA_FERROVIA"},"geometry":{"type":"LineString","coordinates":[[-46.302523,-23.7778,0.0],[-46.302542,-23.777591,0.0],[-46.302572,-23.777444,0.0]]}},{"type":"Feature","properties":{"elemento":"0_PMSA_FERROVIA"},"geometry":{"type":"LineString","coordinates":[[-46.302499,-23.777752,0.0],[-46.302487,-23.777941,0.0]]}},{"type":"Feature","properties":{"elemento":"0_PMSA_FERROVIA"},"geometry":{"type":"LineString","coordinates":[[-46.302499,-23.777752,0.0],[-46.302487,-23.777941,0.0]]}},{"type":"Feature","properties":{"elemento":"0_PMSA_FERROVIA"},"geometry":{"type":"LineString","coordinates":[[-46.30247,-23.777941,0.0],[-46.30249,-23.777685,0.0],[-46.302507,-23.777585,0.0],[-46.302412,-23.777872,0.0]]}},{"type":"Feature","properties":{"elemento":"0_PMSA_FERROVIA"},"geometry":{"type":"LineString","coordinates":[[-46.30247,-23.777941,0.0],[-46.30249,-23.777685,0.0],[-46.302507,-23.777585,0.0],[-46.302412,-23.777872,0.0]]}},{"type":"Feature","properties":{"elemento":"0_PMSA_FERROVIA"},"geometry":{"type":"LineString","coordinates":[[-46.302555,-23.777221,0.0],[-46.302493,-23.777391,0.0],[-46.302342,-23.777932,0.0]]}},{"type":"Feature","properties":{"elemento":"0_PMSA_FERROVIA"},"geometry":{"type":"LineString","coordinates":[[-46.302555,-23.777221,0.0],[-46.302493,-23.777391,0.0],[-46.302342,-23.777932,0.0]]}},{"type":"Feature","properties":{"elemento":"0_PMSA_FERROVIA"},"geometry":{"type":"LineString","coordinates":[[-46.302341,-23.777633,0.0],[-46.302393,-23.777447,0.0]]}},{"type":"Feature","properties":{"elemento":"0_PMSA_FERROVIA"},"geometry":{"type":"LineString","coordinates":[[-46.302341,-23.777633,0.0],[-46.302393,-23.777447,0.0]]}},{"type":"Feature","properties":{"elemento":"0_PMSA_FERROVIA"},"geometry":{"type":"LineString","coordinates":[[-46.302507,-23.777585,0.0],[-46.302544,-23.777487,0.0]]}},{"type":"Feature","properties":{"elemento":"0_PMSA_FERROVIA"},"geometry":{"type":"LineString","coordinates":[[-46.302507,-23.777585,0.0],[-46.302544,-23.777487,0.0]]}},{"type":"Feature","properties":{"elemento":"0_PMSA_FERROVIA"},"geometry":{"type":"LineString","coordinates":[[-46.302507,-23.777585,0.0],[-46.302529,-23.777477,0.0]]}},{"type":"Feature","properties":{"elemento":"0_PMSA_FERROVIA"},"geometry":{"type":"LineString","coordinates":[[-46.302507,-23.777585,0.0],[-46.302529,-23.777477,0.0]]}},{"type":"Feature","properties":{"elemento":"0_PMSA_FERROVIA"},"geometry":{"type":"LineString","coordinates":[[-46.302341,-23.777778,0.0],[-46.302444,-23.777415,0.0],[-46.30252,-23.777211,0.0]]}},{"type":"Feature","properties":{"elemento":"0_PMSA_FERROVIA"},"geometry":{"type":"LineString","coordinates":[[-46.302341,-23.777778,0.0],[-46.302444,-23.777415,0.0],[-46.30252,-23.777211,0.0]]}},{"type":"Feature","properties":{"elemento":"0_PMSA_FERROVIA"},"geometry":{"type":"LineString","coordinates":[[-46.302342,-23.77787,0.0],[-46.302474,-23.777387,0.0],[-46.302586,-23.777102,0.0]]}},{"type":"Feature","properties":{"elemento":"0_PMSA_FERROVIA"},"geometry":{"type":"LineString","coordinates":[[-46.302342,-23.77787,0.0],[-46.302474,-23.777387,0.0],[-46.302586,-23.777102,0.0]]}},{"type":"Feature","properties":{"elemento":"0_PMSA_FERROVIA"},"geometry":{"type":"LineString","coordinates":[[-46.302341,-23.777715,0.0],[-46.302428,-23.777411,0.0],[-46.302501,-23.77721,0.0]]}},{"type":"Feature","properties":{"elemento":"0_PMSA_FERROVIA"},"geometry":{"type":"LineString","coordinates":[[-46.302341,-23.777715,0.0],[-46.302428,-23.777411,0.0],[-46.302501,-23.77721,0.0]]}},{"type":"Feature","properties":{"elemento":"0_PMSA_FERROVIA"},"geometry":{"type":"LineString","coordinates":[[-46.302341,-23.777566,0.0],[-46.302372,-23.777452,0.0],[-46.302425,-23.777302,0.0]]}},{"type":"Feature","properties":{"elemento":"0_PMSA_FERROVIA"},"geometry":{"type":"LineString","coordinates":[[-46.302341,-23.777566,0.0],[-46.302372,-23.777452,0.0],[-46.302425,-23.777302,0.0]]}},{"type":"Feature","properties":{"elemento":"0_PMSA_FERROVIA"},"geometry":{"type":"LineString","coordinates":[[-46.30258,-23.777389,0.0],[-46.30254,-23.777502,0.0],[-46.302499,-23.777752,0.0]]}},{"type":"Feature","properties":{"elemento":"0_PMSA_FERROVIA"},"geometry":{"type":"LineString","coordinates":[[-46.30258,-23.777389,0.0],[-46.30254,-23.777502,0.0],[-46.302499,-23.777752,0.0]]}},{"type":"Feature","properties":{"elemento":"0_PMSA_FERROVIA"},"geometry":{"type":"LineString","coordinates":[[-46.302681,-23.777173,0.0],[-46.302623,-23.777302,0.0],[-46.302575,-23.777506,0.0],[-46.30255,-23.777666,0.0],[-46.302537,-23.777886,0.0]]}},{"type":"Feature","properties":{"elemento":"0_PMSA_FERROVIA"},"geometry":{"type":"LineString","coordinates":[[-46.302681,-23.777173,0.0],[-46.302623,-23.777302,0.0],[-46.302575,-23.777506,0.0],[-46.30255,-23.777666,0.0],[-46.302537,-23.777886,0.0]]}},{"type":"Feature","properties":{"elemento":"0_PMSA_FERROVIA"},"geometry":{"type":"LineString","coordinates":[[-46.302565,-23.77743,0.0],[-46.302549,-23.777423,0.0]]}},{"type":"Feature","properties":{"elemento":"0_PMSA_FERROVIA"},"geometry":{"type":"LineString","coordinates":[[-46.302565,-23.77743,0.0],[-46.302549,-23.777423,0.0]]}},{"type":"Feature","properties":{"elemento":"0_PMSA_FERROVIA"},"geometry":{"type":"LineString","coordinates":[[-46.302572,-23.777444,0.0],[-46.302594,-23.777354,0.0],[-46.30258,-23.777389,0.0]]}},{"type":"Feature","properties":{"elemento":"0_PMSA_FERROVIA"},"geometry":{"type":"LineString","coordinates":[[-46.302572,-23.777444,0.0],[-46.302594,-23.777354,0.0],[-46.30258,-23.777389,0.0]]}},{"type":"Feature","properties":{"elemento":"0_PMSA_FERROVIA"},"geometry":{"type":"LineString","coordinates":[[-46.302769,-23.776971,0.0],[-46.302697,-23.777094,0.0],[-46.302579,-23.777348,0.0],[-46.302443,-23.777726,0.0]]}},{"type":"Feature","properties":{"elemento":"0_PMSA_FERROVIA"},"geometry":{"type":"LineString","coordinates":[[-46.302769,-23.776971,0.0],[-46.302697,-23.777094,0.0],[-46.302579,-23.777348,0.0],[-46.302443,-23.777726,0.0]]}},{"type":"Feature","properties":{"elemento":"0_PMSA_FERROVIA"},"geometry":{"type":"LineString","coordinates":[[-46.302174,-23.77746,0.0],[-46.302312,-23.777199,0.0]]}},{"type":"Feature","properties":{"elemento":"0_PMSA_FERROVIA"},"geometry":{"type":"LineString","coordinates":[[-46.302174,-23.77746,0.0],[-46.302312,-23.777199,0.0]]}},{"type":"Feature","properties":{"elemento":"0_PMSA_FERROVIA"},"geometry":{"type":"LineString","coordinates":[[-46.302174,-23.77746,0.0],[-46.302312,-23.777199,0.0]]}},{"type":"Feature","properties":{"elemento":"0_PMSA_FERROVIA"},"geometry":{"type":"LineString","coordinates":[[-46.302174,-23.77746,0.0],[-46.302312,-23.777199,0.0]]}},{"type":"Feature","properties":{"elemento":"0_PMSA_FERROVIA"},"geometry":{"type":"LineString","coordinates":[[-46.302339,-23.777185,0.0],[-46.302215,-23.777427,0.0]]}},{"type":"Feature","properties":{"elemento":"0_PMSA_FERROVIA"},"geometry":{"type":"LineString","coordinates":[[-46.302339,-23.777185,0.0],[-46.302215,-23.777427,0.0]]}},{"type":"Feature","properties":{"elemento":"0_PMSA_FERROVIA"},"geometry":{"type":"LineString","coordinates":[[-46.302339,-23.777185,0.0],[-46.302215,-23.777427,0.0]]}},{"type":"Feature","properties":{"elemento":"0_PMSA_FERROVIA"},"geometry":{"type":"LineString","coordinates":[[-46.302339,-23.777185,0.0],[-46.302215,-23.777427,0.0]]}},{"type":"Feature","properties":{"elemento":"0_PMSA_FERROVIA"},"geometry":{"type":"LineString","coordinates":[[-46.302312,-23.777199,0.0],[-46.30234,-23.777141,0.0]]}},{"type":"Feature","properties":{"elemento":"0_PMSA_FERROVIA"},"geometry":{"type":"LineString","coordinates":[[-46.302312,-23.777199,0.0],[-46.30234,-23.777141,0.0]]}},{"type":"Feature","properties":{"elemento":"0_PMSA_FERROVIA"},"geometry":{"type":"LineString","coordinates":[[-46.3024,-23.777295,0.0],[-46.302341,-23.777489,0.0]]}},{"type":"Feature","properties":{"elemento":"0_PMSA_FERROVIA"},"geometry":{"type":"LineString","coordinates":[[-46.3024,-23.777295,0.0],[-46.302341,-23.777489,0.0]]}},{"type":"Feature","properties":{"elemento":"0_PMSA_FERROVIA"},"geometry":{"type":"LineString","coordinates":[[-46.302322,-23.77742,0.0],[-46.30234,-23.777361,0.0]]}},{"type":"Feature","properties":{"elemento":"0_PMSA_FERROVIA"},"geometry":{"type":"LineString","coordinates":[[-46.302322,-23.77742,0.0],[-46.30234,-23.777361,0.0]]}},{"type":"Feature","properties":{"elemento":"0_PMSA_FERROVIA"},"geometry":{"type":"LineString","coordinates":[[-46.302322,-23.77742,0.0],[-46.30234,-23.777361,0.0]]}},{"type":"Feature","properties":{"elemento":"0_PMSA_FERROVIA"},"geometry":{"type":"LineString","coordinates":[[-46.302322,-23.77742,0.0],[-46.30234,-23.777361,0.0]]}},{"type":"Feature","properties":{"elemento":"0_PMSA_FERROVIA"},"geometry":{"type":"LineString","coordinates":[[-46.302341,-23.777429,0.0],[-46.302368,-23.777337,0.0]]}},{"type":"Feature","properties":{"elemento":"0_PMSA_FERROVIA"},"geometry":{"type":"LineString","coordinates":[[-46.302341,-23.777429,0.0],[-46.302368,-23.777337,0.0]]}},{"type":"Feature","properties":{"elemento":"0_PMSA_FERROVIA"},"geometry":{"type":"LineString","coordinates":[[-46.302393,-23.777447,0.0],[-46.302499,-23.77715,0.0],[-46.302561,-23.777021,0.0]]}},{"type":"Feature","properties":{"elemento":"0_PMSA_FERROVIA"},"geometry":{"type":"LineString","coordinates":[[-46.302393,-23.777447,0.0],[-46.302499,-23.77715,0.0],[-46.302561,-23.777021,0.0]]}},{"type":"Feature","properties":{"elemento":"0_PMSA_FERROVIA"},"geometry":{"type":"LineString","coordinates":[[-46.302647,-23.77739,0.0],[-46.302655,-23.7773,0.0]]}},{"type":"Feature","properties":{"elemento":"0_PMSA_FERROVIA"},"geometry":{"type":"LineString","coordinates":[[-46.302647,-23.77739,0.0],[-46.302655,-23.7773,0.0]]}},{"type":"Feature","properties":{"elemento":"0_PMSA_FERROVIA"},"geometry":{"type":"LineString","coordinates":[[-46.302647,-23.77739,0.0],[-46.302676,-23.777293,0.0]]}},{"type":"Feature","properties":{"elemento":"0_PMSA_FERROVIA"},"geometry":{"type":"LineString","coordinates":[[-46.302647,-23.77739,0.0],[-46.302676,-23.777293,0.0]]}},{"type":"Feature","properties":{"elemento":"0_PMSA_FERROVIA"},"geometry":{"type":"LineString","coordinates":[[-46.302594,-23.777354,0.0],[-46.30264,-23.777257,0.0]]}},{"type":"Feature","properties":{"elemento":"0_PMSA_FERROVIA"},"geometry":{"type":"LineString","coordinates":[[-46.302594,-23.777354,0.0],[-46.30264,-23.777257,0.0]]}},{"type":"Feature","properties":{"elemento":"0_PMSA_FERROVIA"},"geometry":{"type":"LineString","coordinates":[[-46.302594,-23.777354,0.0],[-46.302623,-23.777252,0.0]]}},{"type":"Feature","properties":{"elemento":"0_PMSA_FERROVIA"},"geometry":{"type":"LineString","coordinates":[[-46.302594,-23.777354,0.0],[-46.302623,-23.777252,0.0]]}},{"type":"Feature","properties":{"elemento":"0_PMSA_FERROVIA"},"geometry":{"type":"LineString","coordinates":[[-46.302618,-23.777435,0.0],[-46.302691,-23.777184,0.0],[-46.302738,-23.777057,0.0],[-46.302681,-23.777173,0.0]]}},{"type":"Feature","properties":{"elemento":"0_PMSA_FERROVIA"},"geometry":{"type":"LineString","coordinates":[[-46.302618,-23.777435,0.0],[-46.302691,-23.777184,0.0],[-46.302738,-23.777057,0.0],[-46.302681,-23.777173,0.0]]}},{"type":"Feature","properties":{"elemento":"0_PMSA_FERROVIA"},"geometry":{"type":"LineString","coordinates":[[-46.302391,-23.777088,0.0],[-46.30234,-23.777219,0.0]]}},{"type":"Feature","properties":{"elemento":"0_PMSA_FERROVIA"},"geometry":{"type":"LineString","coordinates":[[-46.302391,-23.777088,0.0],[-46.30234,-23.777219,0.0]]}},{"type":"Feature","properties":{"elemento":"0_PMSA_FERROVIA"},"geometry":{"type":"LineString","coordinates":[[-46.30234,-23.777184,0.0],[-46.302383,-23.777107,0.0]]}},{"type":"Feature","properties":{"elemento":"0_PMSA_FERROVIA"},"geometry":{"type":"LineString","coordinates":[[-46.30234,-23.777184,0.0],[-46.302383,-23.777107,0.0]]}},{"type":"Feature","properties":{"elemento":"0_PMSA_FERROVIA"},"geometry":{"type":"LineString","coordinates":[[-46.302369,-23.77714,0.0],[-46.302347,-23.777128,0.0]]}},{"type":"Feature","properties":{"elemento":"0_PMSA_FERROVIA"},"geometry":{"type":"LineString","coordinates":[[-46.302369,-23.77714,0.0],[-46.302347,-23.777128,0.0]]}},{"type":"Feature","properties":{"elemento":"0_PMSA_FERROVIA"},"geometry":{"type":"LineString","coordinates":[[-46.302369,-23.777089,0.0],[-46.30234,-23.777163,0.0]]}},{"type":"Feature","properties":{"elemento":"0_PMSA_FERROVIA"},"geometry":{"type":"LineString","coordinates":[[-46.302369,-23.777089,0.0],[-46.30234,-23.777163,0.0]]}},{"type":"Feature","properties":{"elemento":"0_PMSA_FERROVIA"},"geometry":{"type":"LineString","coordinates":[[-46.30234,-23.777141,0.0],[-46.302368,-23.777091,0.0]]}},{"type":"Feature","properties":{"elemento":"0_PMSA_FERROVIA"},"geometry":{"type":"LineString","coordinates":[[-46.30234,-23.777141,0.0],[-46.302368,-23.777091,0.0]]}},{"type":"Feature","properties":{"elemento":"0_PMSA_FERROVIA"},"geometry":{"type":"LineString","coordinates":[[-46.302312,-23.777199,0.0],[-46.30234,-23.777141,0.0]]}},{"type":"Feature","properties":{"elemento":"0_PMSA_FERROVIA"},"geometry":{"type":"LineString","coordinates":[[-46.302312,-23.777199,0.0],[-46.30234,-23.777141,0.0]]}},{"type":"Feature","properties":{"elemento":"0_PMSA_FERROVIA"},"geometry":{"type":"LineString","coordinates":[[-46.301389,-23.777119,0.0],[-46.301238,-23.777079,0.0],[-46.301232,-23.777099,0.0],[-46.301382,-23.777139,0.0],[-46.301389,-23.777119,0.0]]}},{"type":"Feature","properties":{"elemento":"0_PMSA_FERROVIA"},"geometry":{"type":"LineString","coordinates":[[-46.301389,-23.777119,0.0],[-46.301238,-23.777079,0.0],[-46.301232,-23.777099,0.0],[-46.301382,-23.777139,0.0],[-46.301389,-23.777119,0.0]]}},{"type":"Feature","properties":{"elemento":"0_PMSA_FERROVIA"},"geometry":{"type":"LineString","coordinates":[[-46.301555,-23.777051,0.0],[-46.301555,-23.77709,0.0],[-46.301535,-23.777127,0.0],[-46.301513,-23.777146,0.0],[-46.301449,-23.777162,0.0],[-46.301397,-23.777144,0.0]]}},{"type":"Feature","properties":{"elemento":"0_PMSA_FERROVIA"},"geometry":{"type":"LineString","coordinates":[[-46.301555,-23.777051,0.0],[-46.301555,-23.77709,0.0],[-46.301535,-23.777127,0.0],[-46.301513,-23.777146,0.0],[-46.301449,-23.777162,0.0],[-46.301397,-23.777144,0.0]]}},{"type":"Feature","properties":{"elemento":"0_PMSA_FERROVIA"},"geometry":{"type":"LineString","coordinates":[[-46.301543,-23.777033,0.0],[-46.30151,-23.777015,0.0],[-46.301484,-23.777009,0.0],[-46.301453,-23.777011,0.0],[-46.301424,-23.777022,0.0],[-46.301401,-23.777042,0.0],[-46.301386,-23.777071,0.0],[-46.301391,-23.777131,0.0]]}},{"type":"Feature","properties":{"elemento":"0_PMSA_FERROVIA"},"geometry":{"type":"LineString","coordinates":[[-46.301543,-23.777033,0.0],[-46.30151,-23.777015,0.0],[-46.301484,-23.777009,0.0],[-46.301453,-23.777011,0.0],[-46.301424,-23.777022,0.0],[-46.301401,-23.777042,0.0],[-46.301386,-23.777071,0.0],[-46.301391,-23.777131,0.0]]}},{"type":"Feature","properties":{"elemento":"0_PMSA_FERROVIA"},"geometry":{"type":"LineString","coordinates":[[-46.301386,-23.777151,0.0],[-46.301766,-23.77691,0.0],[-46.301908,-23.776837,0.0]]}},{"type":"Feature","properties":{"elemento":"0_PMSA_FERROVIA"},"geometry":{"type":"LineString","coordinates":[[-46.301386,-23.777151,0.0],[-46.301766,-23.77691,0.0],[-46.301908,-23.776837,0.0]]}},{"type":"Feature","properties":{"elemento":"0_PMSA_FERROVIA"},"geometry":{"type":"LineString","coordinates":[[-46.302688,-23.777156,0.0],[-46.302671,-23.777148,0.0]]}},{"type":"Feature","properties":{"elemento":"0_PMSA_FERROVIA"},"geometry":{"type":"LineString","coordinates":[[-46.302688,-23.777156,0.0],[-46.302671,-23.777148,0.0]]}},{"type":"Feature","properties":{"elemento":"0_PMSA_FERROVIA"},"geometry":{"type":"LineString","coordinates":[[-46.30252,-23.777211,0.0],[-46.302619,-23.776991,0.0],[-46.302683,-23.776888,0.0]]}},{"type":"Feature","properties":{"elemento":"0_PMSA_FERROVIA"},"geometry":{"type":"LineString","coordinates":[[-46.30252,-23.777211,0.0],[-46.302619,-23.776991,0.0],[-46.302683,-23.776888,0.0]]}},{"type":"Feature","properties":{"elemento":"0_PMSA_FERROVIA"},"geometry":{"type":"LineString","coordinates":[[-46.302501,-23.77721,0.0],[-46.302595,-23.776998,0.0],[-46.302664,-23.776885,0.0]]}},{"type":"Feature","properties":{"elemento":"0_PMSA_FERROVIA"},"geometry":{"type":"LineString","coordinates":[[-46.302501,-23.77721,0.0],[-46.302595,-23.776998,0.0],[-46.302664,-23.776885,0.0]]}},{"type":"Feature","properties":{"elemento":"0_PMSA_FERROVIA"},"geometry":{"type":"LineString","coordinates":[[-46.302425,-23.777302,0.0],[-46.302471,-23.777166,0.0],[-46.302533,-23.777034,0.0],[-46.302633,-23.776858,0.0],[-46.302723,-23.776734,0.0]]}},{"type":"Feature","properties":{"elemento":"0_PMSA_FERROVIA"},"geometry":{"type":"LineString","coordinates":[[-46.302425,-23.777302,0.0],[-46.302471,-23.777166,0.0],[-46.302533,-23.777034,0.0],[-46.302633,-23.776858,0.0],[-46.302723,-23.776734,0.0]]}},{"type":"Feature","properties":{"elemento":"0_PMSA_FERROVIA"},"geometry":{"type":"LineString","coordinates":[[-46.302725,-23.776699,0.0],[-46.302615,-23.776844,0.0],[-46.302544,-23.776957,0.0],[-46.302454,-23.777142,0.0],[-46.3024,-23.777295,0.0]]}},{"type":"Feature","properties":{"elemento":"0_PMSA_FERROVIA"},"geometry":{"type":"LineString","coordinates":[[-46.302725,-23.776699,0.0],[-46.302615,-23.776844,0.0],[-46.302544,-23.776957,0.0],[-46.302454,-23.777142,0.0],[-46.3024,-23.777295,0.0]]}},{"type":"Feature","properties":{"elemento":"0_PMSA_FERROVIA"},"geometry":{"type":"LineString","coordinates":[[-46.302738,-23.777057,0.0],[-46.302819,-23.776922,0.0]]}},{"type":"Feature","properties":{"elemento":"0_PMSA_FERROVIA"},"geometry":{"type":"LineString","coordinates":[[-46.302738,-23.777057,0.0],[-46.302819,-23.776922,0.0]]}},{"type":"Feature","properties":{"elemento":"0_PMSA_FERROVIA"},"geometry":{"type":"LineString","coordinates":[[-46.302738,-23.777057,0.0],[-46.302801,-23.776917,0.0]]}},{"type":"Feature","properties":{"elemento":"0_PMSA_FERROVIA"},"geometry":{"type":"LineString","coordinates":[[-46.302738,-23.777057,0.0],[-46.302801,-23.776917,0.0]]}},{"type":"Feature","properties":{"elemento":"0_PMSA_FERROVIA"},"geometry":{"type":"LineString","coordinates":[[-46.30289,-23.776667,0.0],[-46.302732,-23.776881,0.0],[-46.302619,-23.77708,0.0],[-46.302555,-23.777221,0.0]]}},{"type":"Feature","properties":{"elemento":"0_PMSA_FERROVIA"},"geometry":{"type":"LineString","coordinates":[[-46.30289,-23.776667,0.0],[-46.302732,-23.776881,0.0],[-46.302619,-23.77708,0.0],[-46.302555,-23.777221,0.0]]}},{"type":"Feature","properties":{"elemento":"0_PMSA_FERROVIA"},"geometry":{"type":"LineString","coordinates":[[-46.302586,-23.777102,0.0],[-46.302693,-23.776908,0.0],[-46.302783,-23.776778,0.0]]}},{"type":"Feature","properties":{"elemento":"0_PMSA_FERROVIA"},"geometry":{"type":"LineString","coordinates":[[-46.302586,-23.777102,0.0],[-46.302693,-23.776908,0.0],[-46.302783,-23.776778,0.0]]}},{"type":"Feature","properties":{"elemento":"0_PMSA_FERROVIA"},"geometry":{"type":"LineString","coordinates":[[-46.302835,-23.776892,0.0],[-46.302821,-23.776885,0.0]]}},{"type":"Feature","properties":{"elemento":"0_PMSA_FERROVIA"},"geometry":{"type":"LineString","coordinates":[[-46.302835,-23.776892,0.0],[-46.302821,-23.776885,0.0]]}},{"type":"Feature","properties":{"elemento":"0_PMSA_FERROVIA"},"geometry":{"type":"LineString","coordinates":[[-46.30234,-23.777361,0.0],[-46.302421,-23.777132,0.0],[-46.302515,-23.77693,0.0],[-46.302615,-23.776764,0.0],[-46.302692,-23.776659,0.0]]}},{"type":"Feature","properties":{"elemento":"0_PMSA_FERROVIA"},"geometry":{"type":"LineString","coordinates":[[-46.30234,-23.777361,0.0],[-46.302421,-23.777132,0.0],[-46.302515,-23.77693,0.0],[-46.302615,-23.776764,0.0],[-46.302692,-23.776659,0.0]]}},{"type":"Feature","properties":{"elemento":"0_PMSA_FERROVIA"},"geometry":{"type":"LineString","coordinates":[[-46.30234,-23.777297,0.0],[-46.302401,-23.77713,0.0],[-46.302455,-23.777008,0.0],[-46.302537,-23.776856,0.0],[-46.302646,-23.776696,0.0],[-46.302611,-23.77673,0.0],[-46.30249,-23.776895,0.0],[-46.302391,-23.777088,0.0]]}},{"type":"Feature","properties":{"elemento":"0_PMSA_FERROVIA"},"geometry":{"type":"LineString","coordinates":[[-46.30234,-23.777297,0.0],[-46.302401,-23.77713,0.0],[-46.302455,-23.777008,0.0],[-46.302537,-23.776856,0.0],[-46.302646,-23.776696,0.0],[-46.302611,-23.77673,0.0],[-46.30249,-23.776895,0.0],[-46.302391,-23.777088,0.0]]}},{"type":"Feature","properties":{"elemento":"0_PMSA_FERROVIA"},"geometry":{"type":"LineString","coordinates":[[-46.302368,-23.777091,0.0],[-46.30247,-23.776894,0.0],[-46.302532,-23.776802,0.0],[-46.302594,-23.776727,0.0]]}},{"type":"Feature","properties":{"elemento":"0_PMSA_FERROVIA"},"geometry":{"type":"LineString","coordinates":[[-46.302368,-23.777091,0.0],[-46.30247,-23.776894,0.0],[-46.302532,-23.776802,0.0],[-46.302594,-23.776727,0.0]]}},{"type":"Feature","properties":{"elemento":"0_PMSA_FERROVIA"},"geometry":{"type":"LineString","coordinates":[[-46.302389,-23.776601,0.0],[-46.302556,-23.776524,0.0]]}},{"type":"Feature","properties":{"elemento":"0_PMSA_FERROVIA"},"geometry":{"type":"LineString","coordinates":[[-46.302382,-23.776588,0.0],[-46.302601,-23.776483,0.0]]}},{"type":"Feature","properties":{"elemento":"0_PMSA_FERROVIA"},"geometry":{"type":"LineString","coordinates":[[-46.302368,-23.777337,0.0],[-46.302448,-23.777109,0.0],[-46.302535,-23.776934,0.0],[-46.302658,-23.776755,0.0],[-46.302769,-23.776621,0.0]]}},{"type":"Feature","properties":{"elemento":"0_PMSA_FERROVIA"},"geometry":{"type":"LineString","coordinates":[[-46.302368,-23.777337,0.0],[-46.302448,-23.777109,0.0],[-46.302535,-23.776934,0.0],[-46.302658,-23.776755,0.0],[-46.302769,-23.776621,0.0]]}},{"type":"Feature","properties":{"elemento":"0_PMSA_FERROVIA"},"geometry":{"type":"LineString","coordinates":[[-46.302646,-23.776696,0.0],[-46.302701,-23.77665,0.0]]}},{"type":"Feature","properties":{"elemento":"0_PMSA_FERROVIA"},"geometry":{"type":"LineString","coordinates":[[-46.302646,-23.776696,0.0],[-46.302701,-23.77665,0.0]]}},{"type":"Feature","properties":{"elemento":"0_PMSA_FERROVIA"},"geometry":{"type":"LineString","coordinates":[[-46.302646,-23.776696,0.0],[-46.302683,-23.776646,0.0]]}},{"type":"Feature","properties":{"elemento":"0_PMSA_FERROVIA"},"geometry":{"type":"LineString","coordinates":[[-46.302646,-23.776696,0.0],[-46.302683,-23.776646,0.0]]}},{"type":"Feature","properties":{"elemento":"0_PMSA_FERROVIA"},"geometry":{"type":"LineString","coordinates":[[-46.302594,-23.776727,0.0],[-46.302746,-23.776584,0.0]]}},{"type":"Feature","properties":{"elemento":"0_PMSA_FERROVIA"},"geometry":{"type":"LineString","coordinates":[[-46.302594,-23.776727,0.0],[-46.302746,-23.776584,0.0]]}},{"type":"Feature","properties":{"elemento":"0_PMSA_FERROVIA"},"geometry":{"type":"LineString","coordinates":[[-46.302412,-23.77664,0.0],[-46.302731,-23.776477,0.0],[-46.302935,-23.77635,0.0]]}},{"type":"Feature","properties":{"elemento":"0_PMSA_FERROVIA"},"geometry":{"type":"LineString","coordinates":[[-46.302369,-23.776567,0.0],[-46.302709,-23.776403,0.0]]}},{"type":"Feature","properties":{"elemento":"0_PMSA_FERROVIA"},"geometry":{"type":"LineString","coordinates":[[-46.301377,-23.777139,0.0],[-46.301757,-23.776898,0.0],[-46.301901,-23.776824,0.0]]}},{"type":"Feature","properties":{"elemento":"0_PMSA_FERROVIA"},"geometry":{"type":"LineString","coordinates":[[-46.301377,-23.777139,0.0],[-46.301757,-23.776898,0.0],[-46.301901,-23.776824,0.0]]}},{"type":"Feature","properties":{"elemento":"0_PMSA_FERROVIA"},"geometry":{"type":"LineString","coordinates":[[-46.301511,-23.777072,0.0],[-46.30193,-23.776872,0.0]]}},{"type":"Feature","properties":{"elemento":"0_PMSA_FERROVIA"},"geometry":{"type":"LineString","coordinates":[[-46.301511,-23.777072,0.0],[-46.30193,-23.776872,0.0]]}},{"type":"Feature","properties":{"elemento":"0_PMSA_FERROVIA"},"geometry":{"type":"LineString","coordinates":[[-46.301523,-23.777047,0.0],[-46.301924,-23.776857,0.0]]}},{"type":"Feature","properties":{"elemento":"0_PMSA_FERROVIA"},"geometry":{"type":"LineString","coordinates":[[-46.301523,-23.777047,0.0],[-46.301924,-23.776857,0.0]]}},{"type":"Feature","properties":{"elemento":"0_PMSA_FERROVIA"},"geometry":{"type":"LineString","coordinates":[[-46.302144,-23.77593,0.0],[-46.302337,-23.775897,0.0]]}},{"type":"Feature","properties":{"elemento":"0_PMSA_FERROVIA"},"geometry":{"type":"LineString","coordinates":[[-46.302144,-23.77593,0.0],[-46.302337,-23.775897,0.0]]}},{"type":"Feature","properties":{"elemento":"0_PMSA_FERROVIA"},"geometry":{"type":"LineString","coordinates":[[-46.302147,-23.775914,0.0],[-46.302337,-23.775881,0.0]]}},{"type":"Feature","properties":{"elemento":"0_PMSA_FERROVIA"},"geometry":{"type":"LineString","coordinates":[[-46.302147,-23.775914,0.0],[-46.302337,-23.775881,0.0]]}},{"type":"Feature","properties":{"elemento":"0_PMSA_FERROVIA"},"geometry":{"type":"LineString","coordinates":[[-46.302403,-23.776626,0.0],[-46.302722,-23.776463,0.0],[-46.302925,-23.776337,0.0]]}},{"type":"Feature","properties":{"elemento":"0_PMSA_FERROVIA"},"geometry":{"type":"LineString","coordinates":[[-46.302362,-23.776554,0.0],[-46.302726,-23.776374,0.0]]}},{"type":"Feature","properties":{"elemento":"0_PMSA_FERROVIA"},"geometry":{"type":"LineString","coordinates":[[-46.302393,-23.776495,0.0],[-46.302734,-23.776338,0.0]]}},{"type":"Feature","properties":{"elemento":"0_PMSA_FERROVIA"},"geometry":{"type":"LineString","coordinates":[[-46.302383,-23.77648,0.0],[-46.30281,-23.776283,0.0]]}},{"type":"Feature","properties":{"elemento":"0_PMSA_FERROVIA"},"geometry":{"type":"LineString","coordinates":[[-46.302369,-23.775915,0.0],[-46.302982,-23.775809,0.0]]}},{"type":"Feature","properties":{"elemento":"0_PMSA_FERROVIA"},"geometry":{"type":"LineString","coordinates":[[-46.302338,-23.775899,0.0],[-46.302907,-23.775798,0.0]]}},{"type":"Feature","properties":{"elemento":"0_PMSA_FERROVIA"},"geometry":{"type":"LineString","coordinates":[[-46.302337,-23.775881,0.0],[-46.302909,-23.775782,0.0]]}},{"type":"Feature","properties":{"elemento":"0_PMSA_FERROVIA"},"geometry":{"type":"LineString","coordinates":[[-46.302337,-23.775715,0.0],[-46.302554,-23.775691,0.0],[-46.302893,-23.775638,0.0]]}},{"type":"Feature","properties":{"elemento":"0_PMSA_FERROVIA"},"geometry":{"type":"LineString","coordinates":[[-46.301786,-23.775772,0.0],[-46.302337,-23.775714,0.0]]}},{"type":"Feature","properties":{"elemento":"0_PMSA_FERROVIA"},"geometry":{"type":"LineString","coordinates":[[-46.301786,-23.775772,0.0],[-46.302337,-23.775714,0.0]]}},{"type":"Feature","properties":{"elemento":"0_PMSA_FERROVIA"},"geometry":{"type":"LineString","coordinates":[[-46.301784,-23.775755,0.0],[-46.302336,-23.775697,0.0]]}},{"type":"Feature","properties":{"elemento":"0_PMSA_FERROVIA"},"geometry":{"type":"LineString","coordinates":[[-46.301784,-23.775755,0.0],[-46.302336,-23.775697,0.0]]}},{"type":"Feature","properties":{"elemento":"0_PMSA_FERROVIA"},"geometry":{"type":"LineString","coordinates":[[-46.302942,-23.776603,0.0],[-46.30289,-23.776667,0.0]]}},{"type":"Feature","properties":{"elemento":"0_PMSA_FERROVIA"},"geometry":{"type":"LineString","coordinates":[[-46.302942,-23.776603,0.0],[-46.30289,-23.776667,0.0]]}},{"type":"Feature","properties":{"elemento":"0_PMSA_FERROVIA"},"geometry":{"type":"LineString","coordinates":[[-46.302783,-23.776778,0.0],[-46.303071,-23.776401,0.0]]}},{"type":"Feature","properties":{"elemento":"0_PMSA_FERROVIA"},"geometry":{"type":"LineString","coordinates":[[-46.302783,-23.776778,0.0],[-46.303071,-23.776401,0.0]]}},{"type":"Feature","properties":{"elemento":"0_PMSA_FERROVIA"},"geometry":{"type":"LineString","coordinates":[[-46.302664,-23.776885,0.0],[-46.302813,-23.776683,0.0],[-46.303163,-23.776293,0.0]]}},{"type":"Feature","properties":{"elemento":"0_PMSA_FERROVIA"},"geometry":{"type":"LineString","coordinates":[[-46.302664,-23.776885,0.0],[-46.302813,-23.776683,0.0],[-46.303163,-23.776293,0.0]]}},{"type":"Feature","properties":{"elemento":"0_PMSA_FERROVIA"},"geometry":{"type":"LineString","coordinates":[[-46.302942,-23.776603,0.0],[-46.303083,-23.776413,0.0]]}},{"type":"Feature","properties":{"elemento":"0_PMSA_FERROVIA"},"geometry":{"type":"LineString","coordinates":[[-46.302942,-23.776603,0.0],[-46.303083,-23.776413,0.0]]}},{"type":"Feature","properties":{"elemento":"0_PMSA_FERROVIA"},"geometry":{"type":"LineString","coordinates":[[-46.302769,-23.776621,0.0],[-46.303045,-23.776363,0.0]]}},{"type":"Feature","properties":{"elemento":"0_PMSA_FERROVIA"},"geometry":{"type":"LineString","coordinates":[[-46.302769,-23.776621,0.0],[-46.303045,-23.776363,0.0]]}},{"type":"Feature","properties":{"elemento":"0_PMSA_FERROVIA"},"geometry":{"type":"LineString","coordinates":[[-46.303295,-23.777375,0.0],[-46.30334,-23.777186,0.0],[-46.303395,-23.777011,0.0],[-46.303501,-23.776768,0.0],[-46.30365,-23.776507,0.0],[-46.3038,-23.7763,0.0]]}},{"type":"Feature","properties":{"elemento":"0_PMSA_FERROVIA"},"geometry":{"type":"LineString","coordinates":[[-46.303267,-23.77663,0.0],[-46.303408,-23.776321,0.0]]}},{"type":"Feature","properties":{"elemento":"0_PMSA_FERROVIA"},"geometry":{"type":"LineString","coordinates":[[-46.303267,-23.77663,0.0],[-46.303408,-23.776321,0.0]]}},{"type":"Feature","properties":{"elemento":"0_PMSA_FERROVIA"},"geometry":{"type":"LineString","coordinates":[[-46.303292,-23.776056,0.0],[-46.303354,-23.775975,0.0]]}},{"type":"Feature","properties":{"elemento":"0_PMSA_FERROVIA"},"geometry":{"type":"LineString","coordinates":[[-46.303165,-23.77615,0.0],[-46.303397,-23.7759,0.0],[-46.303504,-23.775798,0.0]]}},{"type":"Feature","properties":{"elemento":"0_PMSA_FERROVIA"},"geometry":{"type":"LineString","coordinates":[[-46.303165,-23.77615,0.0],[-46.303397,-23.7759,0.0],[-46.303504,-23.775798,0.0]]}},{"type":"Feature","properties":{"elemento":"0_PMSA_FERROVIA"},"geometry":{"type":"LineString","coordinates":[[-46.303284,-23.776214,0.0],[-46.303401,-23.776011,0.0],[-46.30349,-23.775881,0.0],[-46.303585,-23.775767,0.0],[-46.30365,-23.775704,0.0]]}},{"type":"Feature","properties":{"elemento":"0_PMSA_FERROVIA"},"geometry":{"type":"LineString","coordinates":[[-46.303284,-23.776214,0.0],[-46.303401,-23.776011,0.0],[-46.30349,-23.775881,0.0],[-46.303585,-23.775767,0.0],[-46.30365,-23.775704,0.0]]}},{"type":"Feature","properties":{"elemento":"0_PMSA_FERROVIA"},"geometry":{"type":"LineString","coordinates":[[-46.303266,-23.776134,0.0],[-46.303382,-23.775933,0.0],[-46.30347,-23.775815,0.0],[-46.303583,-23.775691,0.0]]}},{"type":"Feature","properties":{"elemento":"0_PMSA_FERROVIA"},"geometry":{"type":"LineString","coordinates":[[-46.303266,-23.776134,0.0],[-46.303382,-23.775933,0.0],[-46.30347,-23.775815,0.0],[-46.303583,-23.775691,0.0]]}},{"type":"Feature","properties":{"elemento":"0_PMSA_FERROVIA"},"geometry":{"type":"LineString","coordinates":[[-46.303152,-23.776329,0.0],[-46.302866,-23.776645,0.0]]}},{"type":"Feature","properties":{"elemento":"0_PMSA_FERROVIA"},"geometry":{"type":"LineString","coordinates":[[-46.303152,-23.776329,0.0],[-46.302866,-23.776645,0.0]]}},{"type":"Feature","properties":{"elemento":"0_PMSA_FERROVIA"},"geometry":{"type":"LineString","coordinates":[[-46.302921,-23.776499,0.0],[-46.303056,-23.776377,0.0]]}},{"type":"Feature","properties":{"elemento":"0_PMSA_FERROVIA"},"geometry":{"type":"LineString","coordinates":[[-46.302921,-23.776499,0.0],[-46.303056,-23.776377,0.0]]}},{"type":"Feature","properties":{"elemento":"0_PMSA_FERROVIA"},"geometry":{"type":"LineString","coordinates":[[-46.302746,-23.776584,0.0],[-46.303087,-23.776282,0.0]]}},{"type":"Feature","properties":{"elemento":"0_PMSA_FERROVIA"},"geometry":{"type":"LineString","coordinates":[[-46.302746,-23.776584,0.0],[-46.303087,-23.776282,0.0]]}},{"type":"Feature","properties":{"elemento":"0_PMSA_FERROVIA"},"geometry":{"type":"LineString","coordinates":[[-46.303074,-23.776316,0.0],[-46.302825,-23.776529,0.0]]}},{"type":"Feature","properties":{"elemento":"0_PMSA_FERROVIA"},"geometry":{"type":"LineString","coordinates":[[-46.303074,-23.776316,0.0],[-46.302825,-23.776529,0.0]]}},{"type":"Feature","properties":{"elemento":"0_PMSA_FERROVIA"},"geometry":{"type":"LineString","coordinates":[[-46.302921,-23.776499,0.0],[-46.303134,-23.776263,0.0]]}},{"type":"Feature","properties":{"elemento":"0_PMSA_FERROVIA"},"geometry":{"type":"LineString","coordinates":[[-46.302921,-23.776499,0.0],[-46.303134,-23.776263,0.0]]}},{"type":"Feature","properties":{"elemento":"0_PMSA_FERROVIA"},"geometry":{"type":"LineString","coordinates":[[-46.30327,-23.776239,0.0],[-46.303083,-23.776495,0.0]]}},{"type":"Feature","properties":{"elemento":"0_PMSA_FERROVIA"},"geometry":{"type":"LineString","coordinates":[[-46.30327,-23.776239,0.0],[-46.303083,-23.776495,0.0]]}},{"type":"Feature","properties":{"elemento":"0_PMSA_FERROVIA"},"geometry":{"type":"LineString","coordinates":[[-46.303077,-23.77647,0.0],[-46.303273,-23.7762,0.0]]}},{"type":"Feature","properties":{"elemento":"0_PMSA_FERROVIA"},"geometry":{"type":"LineString","coordinates":[[-46.303077,-23.77647,0.0],[-46.303273,-23.7762,0.0]]}},{"type":"Feature","properties":{"elemento":"0_PMSA_FERROVIA"},"geometry":{"type":"LineString","coordinates":[[-46.303152,-23.776329,0.0],[-46.303217,-23.776257,0.0]]}},{"type":"Feature","properties":{"elemento":"0_PMSA_FERROVIA"},"geometry":{"type":"LineString","coordinates":[[-46.303152,-23.776329,0.0],[-46.303217,-23.776257,0.0]]}},{"type":"Feature","properties":{"elemento":"0_PMSA_FERROVIA"},"geometry":{"type":"LineString","coordinates":[[-46.303163,-23.776293,0.0],[-46.303201,-23.77625,0.0]]}},{"type":"Feature","properties":{"elemento":"0_PMSA_FERROVIA"},"geometry":{"type":"LineString","coordinates":[[-46.303163,-23.776293,0.0],[-46.303201,-23.77625,0.0]]}},{"type":"Feature","properties":{"elemento":"0_PMSA_FERROVIA"},"geometry":{"type":"LineString","coordinates":[[-46.303234,-23.776307,0.0],[-46.303284,-23.776214,0.0]]}},{"type":"Feature","properties":{"elemento":"0_PMSA_FERROVIA"},"geometry":{"type":"LineString","coordinates":[[-46.303234,-23.776307,0.0],[-46.303284,-23.776214,0.0]]}},{"type":"Feature","properties":{"elemento":"0_PMSA_FERROVIA"},"geometry":{"type":"LineString","coordinates":[[-46.302601,-23.776483,0.0],[-46.302888,-23.776326,0.0],[-46.303156,-23.776133,0.0]]}},{"type":"Feature","properties":{"elemento":"0_PMSA_FERROVIA"},"geometry":{"type":"LineString","coordinates":[[-46.302601,-23.776483,0.0],[-46.302888,-23.776326,0.0],[-46.303156,-23.776133,0.0]]}},{"type":"Feature","properties":{"elemento":"0_PMSA_FERROVIA"},"geometry":{"type":"LineString","coordinates":[[-46.302925,-23.776337,0.0],[-46.303024,-23.776265,0.0],[-46.303084,-23.776211,0.0]]}},{"type":"Feature","properties":{"elemento":"0_PMSA_FERROVIA"},"geometry":{"type":"LineString","coordinates":[[-46.302925,-23.776337,0.0],[-46.303024,-23.776265,0.0],[-46.303084,-23.776211,0.0]]}},{"type":"Feature","properties":{"elemento":"0_PMSA_FERROVIA"},"geometry":{"type":"LineString","coordinates":[[-46.302734,-23.776338,0.0],[-46.303006,-23.776199,0.0]]}},{"type":"Feature","properties":{"elemento":"0_PMSA_FERROVIA"},"geometry":{"type":"LineString","coordinates":[[-46.302734,-23.776338,0.0],[-46.303006,-23.776199,0.0]]}},{"type":"Feature","properties":{"elemento":"0_PMSA_FERROVIA"},"geometry":{"type":"LineString","coordinates":[[-46.302847,-23.776367,0.0],[-46.303025,-23.776252,0.0],[-46.30317,-23.776143,0.0]]}},{"type":"Feature","properties":{"elemento":"0_PMSA_FERROVIA"},"geometry":{"type":"LineString","coordinates":[[-46.302847,-23.776367,0.0],[-46.303025,-23.776252,0.0],[-46.30317,-23.776143,0.0]]}},{"type":"Feature","properties":{"elemento":"0_PMSA_FERROVIA"},"geometry":{"type":"LineString","coordinates":[[-46.302935,-23.77635,0.0],[-46.303038,-23.776273,0.0],[-46.303165,-23.77615,0.0]]}},{"type":"Feature","properties":{"elemento":"0_PMSA_FERROVIA"},"geometry":{"type":"LineString","coordinates":[[-46.302935,-23.77635,0.0],[-46.303038,-23.776273,0.0],[-46.303165,-23.77615,0.0]]}},{"type":"Feature","properties":{"elemento":"0_PMSA_FERROVIA"},"geometry":{"type":"LineString","coordinates":[[-46.303006,-23.776199,0.0],[-46.303034,-23.776186,0.0],[-46.302887,-23.776286,0.0]]}},{"type":"Feature","properties":{"elemento":"0_PMSA_FERROVIA"},"geometry":{"type":"LineString","coordinates":[[-46.303006,-23.776199,0.0],[-46.303034,-23.776186,0.0],[-46.302887,-23.776286,0.0]]}},{"type":"Feature","properties":{"elemento":"0_PMSA_FERROVIA"},"geometry":{"type":"LineString","coordinates":[[-46.30281,-23.776283,0.0],[-46.303068,-23.776151,0.0],[-46.303159,-23.776092,0.0]]}},{"type":"Feature","properties":{"elemento":"0_PMSA_FERROVIA"},"geometry":{"type":"LineString","coordinates":[[-46.30281,-23.776283,0.0],[-46.303068,-23.776151,0.0],[-46.303159,-23.776092,0.0]]}},{"type":"Feature","properties":{"elemento":"0_PMSA_FERROVIA"},"geometry":{"type":"LineString","coordinates":[[-46.303034,-23.776186,0.0],[-46.303101,-23.776149,0.0]]}},{"type":"Feature","properties":{"elemento":"0_PMSA_FERROVIA"},"geometry":{"type":"LineString","coordinates":[[-46.303034,-23.776186,0.0],[-46.303101,-23.776149,0.0]]}},{"type":"Feature","properties":{"elemento":"0_PMSA_FERROVIA"},"geometry":{"type":"LineString","coordinates":[[-46.303034,-23.776186,0.0],[-46.303095,-23.776135,0.0]]}},{"type":"Feature","properties":{"elemento":"0_PMSA_FERROVIA"},"geometry":{"type":"LineString","coordinates":[[-46.303034,-23.776186,0.0],[-46.303095,-23.776135,0.0]]}},{"type":"Feature","properties":{"elemento":"0_PMSA_FERROVIA"},"geometry":{"type":"LineString","coordinates":[[-46.303074,-23.776316,0.0],[-46.303229,-23.776166,0.0]]}},{"type":"Feature","properties":{"elemento":"0_PMSA_FERROVIA"},"geometry":{"type":"LineString","coordinates":[[-46.303074,-23.776316,0.0],[-46.303229,-23.776166,0.0]]}},{"type":"Feature","properties":{"elemento":"0_PMSA_FERROVIA"},"geometry":{"type":"LineString","coordinates":[[-46.303087,-23.776282,0.0],[-46.303215,-23.776155,0.0]]}},{"type":"Feature","properties":{"elemento":"0_PMSA_FERROVIA"},"geometry":{"type":"LineString","coordinates":[[-46.303087,-23.776282,0.0],[-46.303215,-23.776155,0.0]]}},{"type":"Feature","properties":{"elemento":"0_PMSA_FERROVIA"},"geometry":{"type":"LineString","coordinates":[[-46.303062,-23.776369,0.0],[-46.303188,-23.77622,0.0],[-46.303371,-23.775982,0.0]]}},{"type":"Feature","properties":{"elemento":"0_PMSA_FERROVIA"},"geometry":{"type":"LineString","coordinates":[[-46.303062,-23.776369,0.0],[-46.303188,-23.77622,0.0],[-46.303371,-23.775982,0.0]]}},{"type":"Feature","properties":{"elemento":"0_PMSA_FERROVIA"},"geometry":{"type":"LineString","coordinates":[[-46.303134,-23.776263,0.0],[-46.303292,-23.776056,0.0]]}},{"type":"Feature","properties":{"elemento":"0_PMSA_FERROVIA"},"geometry":{"type":"LineString","coordinates":[[-46.303134,-23.776263,0.0],[-46.303292,-23.776056,0.0]]}},{"type":"Feature","properties":{"elemento":"0_PMSA_FERROVIA"},"geometry":{"type":"LineString","coordinates":[[-46.303273,-23.7762,0.0],[-46.303323,-23.776112,0.0]]}},{"type":"Feature","properties":{"elemento":"0_PMSA_FERROVIA"},"geometry":{"type":"LineString","coordinates":[[-46.303273,-23.7762,0.0],[-46.303323,-23.776112,0.0]]}},{"type":"Feature","properties":{"elemento":"0_PMSA_FERROVIA"},"geometry":{"type":"LineString","coordinates":[[-46.303381,-23.775965,0.0],[-46.303174,-23.776333,0.0]]}},{"type":"Feature","properties":{"elemento":"0_PMSA_FERROVIA"},"geometry":{"type":"LineString","coordinates":[[-46.303381,-23.775965,0.0],[-46.303174,-23.776333,0.0]]}},{"type":"Feature","properties":{"elemento":"0_PMSA_FERROVIA"},"geometry":{"type":"LineString","coordinates":[[-46.302896,-23.776298,0.0],[-46.302988,-23.776238,0.0],[-46.303325,-23.775981,0.0]]}},{"type":"Feature","properties":{"elemento":"0_PMSA_FERROVIA"},"geometry":{"type":"LineString","coordinates":[[-46.302896,-23.776298,0.0],[-46.302988,-23.776238,0.0],[-46.303325,-23.775981,0.0]]}},{"type":"Feature","properties":{"elemento":"0_PMSA_FERROVIA"},"geometry":{"type":"LineString","coordinates":[[-46.303084,-23.776211,0.0],[-46.303324,-23.775958,0.0]]}},{"type":"Feature","properties":{"elemento":"0_PMSA_FERROVIA"},"geometry":{"type":"LineString","coordinates":[[-46.303084,-23.776211,0.0],[-46.303324,-23.775958,0.0]]}},{"type":"Feature","properties":{"elemento":"0_PMSA_FERROVIA"},"geometry":{"type":"LineString","coordinates":[[-46.303159,-23.776092,0.0],[-46.303304,-23.775978,0.0]]}},{"type":"Feature","properties":{"elemento":"0_PMSA_FERROVIA"},"geometry":{"type":"LineString","coordinates":[[-46.303159,-23.776092,0.0],[-46.303304,-23.775978,0.0]]}},{"type":"Feature","properties":{"elemento":"0_PMSA_FERROVIA"},"geometry":{"type":"LineString","coordinates":[[-46.303292,-23.776056,0.0],[-46.303354,-23.775975,0.0]]}},{"type":"Feature","properties":{"elemento":"0_PMSA_FERROVIA"},"geometry":{"type":"LineString","coordinates":[[-46.302989,-23.775824,0.0],[-46.303161,-23.775791,0.0],[-46.303316,-23.775747,0.0]]}},{"type":"Feature","properties":{"elemento":"0_PMSA_FERROVIA"},"geometry":{"type":"LineString","coordinates":[[-46.302556,-23.776524,0.0],[-46.302847,-23.776367,0.0]]}},{"type":"Feature","properties":{"elemento":"0_PMSA_FERROVIA"},"geometry":{"type":"LineString","coordinates":[[-46.302556,-23.776524,0.0],[-46.302847,-23.776367,0.0]]}},{"type":"Feature","properties":{"elemento":"0_PMSA_FERROVIA"},"geometry":{"type":"LineString","coordinates":[[-46.302709,-23.776403,0.0],[-46.302896,-23.776298,0.0]]}},{"type":"Feature","properties":{"elemento":"0_PMSA_FERROVIA"},"geometry":{"type":"LineString","coordinates":[[-46.302709,-23.776403,0.0],[-46.302896,-23.776298,0.0]]}},{"type":"Feature","properties":{"elemento":"0_PMSA_FERROVIA"},"geometry":{"type":"LineString","coordinates":[[-46.302726,-23.776374,0.0],[-46.302887,-23.776286,0.0]]}},{"type":"Feature","properties":{"elemento":"0_PMSA_FERROVIA"},"geometry":{"type":"LineString","coordinates":[[-46.302726,-23.776374,0.0],[-46.302887,-23.776286,0.0]]}},{"type":"Feature","properties":{"elemento":"0_PMSA_FERROVIA"},"geometry":{"type":"LineString","coordinates":[[-46.302372,-23.77593,0.0],[-46.302989,-23.775824,0.0]]}},{"type":"Feature","properties":{"elemento":"0_PMSA_FERROVIA"},"geometry":{"type":"LineString","coordinates":[[-46.302336,-23.775697,0.0],[-46.30255,-23.775675,0.0],[-46.303358,-23.775546,0.0]]}},{"type":"Feature","properties":{"elemento":"0_PMSA_FERROVIA"},"geometry":{"type":"LineString","coordinates":[[-46.302989,-23.775824,0.0],[-46.303161,-23.775791,0.0],[-46.303316,-23.775747,0.0]]}},{"type":"Feature","properties":{"elemento":"0_PMSA_FERROVIA"},"geometry":{"type":"LineString","coordinates":[[-46.302982,-23.775809,0.0],[-46.303228,-23.775753,0.0],[-46.303374,-23.775702,0.0],[-46.30348,-23.775652,0.0]]}},{"type":"Feature","properties":{"elemento":"0_PMSA_FERROVIA"},"geometry":{"type":"LineString","coordinates":[[-46.302982,-23.775809,0.0],[-46.303228,-23.775753,0.0],[-46.303374,-23.775702,0.0],[-46.30348,-23.775652,0.0]]}},{"type":"Feature","properties":{"elemento":"0_PMSA_FERROVIA"},"geometry":{"type":"LineString","coordinates":[[-46.302909,-23.775782,0.0],[-46.30316,-23.775727,0.0],[-46.303428,-23.775638,0.0]]}},{"type":"Feature","properties":{"elemento":"0_PMSA_FERROVIA"},"geometry":{"type":"LineString","coordinates":[[-46.302909,-23.775782,0.0],[-46.30316,-23.775727,0.0],[-46.303428,-23.775638,0.0]]}},{"type":"Feature","properties":{"elemento":"0_PMSA_FERROVIA"},"geometry":{"type":"LineString","coordinates":[[-46.302907,-23.775798,0.0],[-46.303091,-23.775765,0.0],[-46.303244,-23.775721,0.0],[-46.303473,-23.775637,0.0],[-46.303682,-23.775539,0.0]]}},{"type":"Feature","properties":{"elemento":"0_PMSA_FERROVIA"},"geometry":{"type":"LineString","coordinates":[[-46.302907,-23.775798,0.0],[-46.303091,-23.775765,0.0],[-46.303244,-23.775721,0.0],[-46.303473,-23.775637,0.0],[-46.303682,-23.775539,0.0]]}},{"type":"Feature","properties":{"elemento":"0_PMSA_FERROVIA"},"geometry":{"type":"LineString","coordinates":[[-46.302893,-23.775638,0.0],[-46.303363,-23.775563,0.0]]}},{"type":"Feature","properties":{"elemento":"0_PMSA_FERROVIA"},"geometry":{"type":"LineString","coordinates":[[-46.303626,-23.775567,0.0],[-46.303745,-23.77549,0.0]]}},{"type":"Feature","properties":{"elemento":"0_PMSA_FERROVIA"},"geometry":{"type":"LineString","coordinates":[[-46.303626,-23.775567,0.0],[-46.303745,-23.77549,0.0]]}},{"type":"Feature","properties":{"elemento":"0_PMSA_FERROVIA"},"geometry":{"type":"LineString","coordinates":[[-46.303363,-23.775563,0.0],[-46.30348,-23.775537,0.0],[-46.303661,-23.775479,0.0],[-46.303758,-23.775441,0.0],[-46.303875,-23.775383,0.0]]}},{"type":"Feature","properties":{"elemento":"0_PMSA_FERROVIA"},"geometry":{"type":"LineString","coordinates":[[-46.303363,-23.775563,0.0],[-46.30348,-23.775537,0.0],[-46.303661,-23.775479,0.0],[-46.303758,-23.775441,0.0],[-46.303875,-23.775383,0.0]]}},{"type":"Feature","properties":{"elemento":"0_PMSA_FERROVIA"},"geometry":{"type":"LineString","coordinates":[[-46.303358,-23.775546,0.0],[-46.303601,-23.775482,0.0],[-46.303821,-23.775394,0.0]]}},{"type":"Feature","properties":{"elemento":"0_PMSA_FERROVIA"},"geometry":{"type":"LineString","coordinates":[[-46.303358,-23.775546,0.0],[-46.303601,-23.775482,0.0],[-46.303821,-23.775394,0.0]]}},{"type":"Feature","properties":{"elemento":"0_PMSA_FERROVIA"},"geometry":{"type":"LineString","coordinates":[[-46.303428,-23.775638,0.0],[-46.303637,-23.775545,0.0],[-46.303744,-23.77549,0.0],[-46.304067,-23.775286,0.0]]}},{"type":"Feature","properties":{"elemento":"0_PMSA_FERROVIA"},"geometry":{"type":"LineString","coordinates":[[-46.303428,-23.775638,0.0],[-46.303637,-23.775545,0.0],[-46.303744,-23.77549,0.0],[-46.304067,-23.775286,0.0]]}},{"type":"Feature","properties":{"elemento":"0_PMSA_FERROVIA"},"geometry":{"type":"LineString","coordinates":[[-46.303682,-23.775539,0.0],[-46.303797,-23.775479,0.0],[-46.30408,-23.775297,0.0]]}},{"type":"Feature","properties":{"elemento":"0_PMSA_FERROVIA"},"geometry":{"type":"LineString","coordinates":[[-46.304184,-23.775211,0.0],[-46.303874,-23.775465,0.0]]}},{"type":"Feature","properties":{"elemento":"0_PMSA_FERROVIA"},"geometry":{"type":"LineString","coordinates":[[-46.304184,-23.775211,0.0],[-46.303874,-23.775465,0.0]]}},{"type":"Feature","properties":{"elemento":"0_PMSA_FERROVIA"},"geometry":{"type":"LineString","coordinates":[[-46.30365,-23.775704,0.0],[-46.304564,-23.774948,0.0]]}},{"type":"Feature","properties":{"elemento":"0_PMSA_FERROVIA"},"geometry":{"type":"LineString","coordinates":[[-46.30365,-23.775704,0.0],[-46.304564,-23.774948,0.0]]}},{"type":"Feature","properties":{"elemento":"0_PMSA_FERROVIA"},"geometry":{"type":"LineString","coordinates":[[-46.303875,-23.775383,0.0],[-46.304206,-23.775193,0.0]]}},{"type":"Feature","properties":{"elemento":"0_PMSA_FERROVIA"},"geometry":{"type":"LineString","coordinates":[[-46.303875,-23.775383,0.0],[-46.304206,-23.775193,0.0]]}},{"type":"Feature","properties":{"elemento":"0_PMSA_FERROVIA"},"geometry":{"type":"LineString","coordinates":[[-46.303821,-23.775394,0.0],[-46.304198,-23.775181,0.0]]}},{"type":"Feature","properties":{"elemento":"0_PMSA_FERROVIA"},"geometry":{"type":"LineString","coordinates":[[-46.303821,-23.775394,0.0],[-46.304198,-23.775181,0.0]]}},{"type":"Feature","properties":{"elemento":"0_PMSA_FERROVIA"},"geometry":{"type":"LineString","coordinates":[[-46.303854,-23.775592,0.0],[-46.304309,-23.775212,0.0],[-46.304667,-23.774928,0.0]]}},{"type":"Feature","properties":{"elemento":"0_PMSA_FERROVIA"},"geometry":{"type":"LineString","coordinates":[[-46.303854,-23.775592,0.0],[-46.304309,-23.775212,0.0],[-46.304667,-23.774928,0.0]]}},{"type":"Feature","properties":{"elemento":"0_PMSA_FERROVIA"},"geometry":{"type":"LineString","coordinates":[[-46.303732,-23.775609,0.0],[-46.304597,-23.774902,0.0]]}},{"type":"Feature","properties":{"elemento":"0_PMSA_FERROVIA"},"geometry":{"type":"LineString","coordinates":[[-46.303732,-23.775609,0.0],[-46.304597,-23.774902,0.0]]}},{"type":"Feature","properties":{"elemento":"0_PMSA_FERROVIA"},"geometry":{"type":"LineString","coordinates":[[-46.303583,-23.775691,0.0],[-46.303826,-23.775482,0.0],[-46.304753,-23.774726,0.0]]}},{"type":"Feature","properties":{"elemento":"0_PMSA_FERROVIA"},"geometry":{"type":"LineString","coordinates":[[-46.303583,-23.775691,0.0],[-46.303826,-23.775482,0.0],[-46.304753,-23.774726,0.0]]}},{"type":"Feature","properties":{"elemento":"0_PMSA_FERROVIA"},"geometry":{"type":"LineString","coordinates":[[-46.304184,-23.775211,0.0],[-46.304293,-23.775121,0.0]]}},{"type":"Feature","properties":{"elemento":"0_PMSA_FERROVIA"},"geometry":{"type":"LineString","coordinates":[[-46.304184,-23.775211,0.0],[-46.304293,-23.775121,0.0]]}},{"type":"Feature","properties":{"elemento":"0_PMSA_FERROVIA"},"geometry":{"type":"LineString","coordinates":[[-46.304293,-23.775121,0.0],[-46.304735,-23.774768,0.0]]}},{"type":"Feature","properties":{"elemento":"0_PMSA_FERROVIA"},"geometry":{"type":"LineString","coordinates":[[-46.304699,-23.775448,0.0],[-46.304811,-23.775352,0.0]]}},{"type":"Feature","properties":{"elemento":"0_PMSA_FERROVIA"},"geometry":{"type":"LineString","coordinates":[[-46.304699,-23.775448,0.0],[-46.304811,-23.775352,0.0]]}},{"type":"Feature","properties":{"elemento":"0_PMSA_FERROVIA"},"geometry":{"type":"LineString","coordinates":[[-46.304705,-23.775397,0.0],[-46.305055,-23.775147,0.0]]}},{"type":"Feature","properties":{"elemento":"0_PMSA_FERROVIA"},"geometry":{"type":"LineString","coordinates":[[-46.304705,-23.775397,0.0],[-46.305055,-23.775147,0.0]]}},{"type":"Feature","properties":{"elemento":"0_PMSA_FERROVIA"},"geometry":{"type":"LineString","coordinates":[[-46.304734,-23.775353,0.0],[-46.305044,-23.775137,0.0]]}},{"type":"Feature","properties":{"elemento":"0_PMSA_FERROVIA"},"geometry":{"type":"LineString","coordinates":[[-46.304734,-23.775353,0.0],[-46.305044,-23.775137,0.0]]}},{"type":"Feature","properties":{"elemento":"0_PMSA_FERROVIA"},"geometry":{"type":"LineString","coordinates":[[-46.304506,-23.77522,0.0],[-46.3046,-23.775146,0.0]]}},{"type":"Feature","properties":{"elemento":"0_PMSA_FERROVIA"},"geometry":{"type":"LineString","coordinates":[[-46.304506,-23.77522,0.0],[-46.3046,-23.775146,0.0]]}},{"type":"Feature","properties":{"elemento":"0_PMSA_FERROVIA"},"geometry":{"type":"LineString","coordinates":[[-46.304502,-23.775324,0.0],[-46.304642,-23.775216,0.0],[-46.304877,-23.775075,0.0],[-46.30505,-23.774988,0.0],[-46.305234,-23.774917,0.0]]}},{"type":"Feature","properties":{"elemento":"0_PMSA_FERROVIA"},"geometry":{"type":"LineString","coordinates":[[-46.304502,-23.775324,0.0],[-46.304642,-23.775216,0.0],[-46.304877,-23.775075,0.0],[-46.30505,-23.774988,0.0],[-46.305234,-23.774917,0.0]]}},{"type":"Feature","properties":{"elemento":"0_PMSA_FERROVIA"},"geometry":{"type":"LineString","coordinates":[[-46.304578,-23.775406,0.0],[-46.304781,-23.775247,0.0],[-46.305012,-23.775094,0.0],[-46.305249,-23.774969,0.0],[-46.305562,-23.77483,0.0]]}},{"type":"Feature","properties":{"elemento":"0_PMSA_FERROVIA"},"geometry":{"type":"LineString","coordinates":[[-46.304578,-23.775406,0.0],[-46.304781,-23.775247,0.0],[-46.305012,-23.775094,0.0],[-46.305249,-23.774969,0.0],[-46.305562,-23.77483,0.0]]}},{"type":"Feature","properties":{"elemento":"0_PMSA_FERROVIA"},"geometry":{"type":"LineString","coordinates":[[-46.304858,-23.775238,0.0],[-46.305097,-23.77509,0.0],[-46.305288,-23.774984,0.0]]}},{"type":"Feature","properties":{"elemento":"0_PMSA_FERROVIA"},"geometry":{"type":"LineString","coordinates":[[-46.304858,-23.775238,0.0],[-46.305097,-23.77509,0.0],[-46.305288,-23.774984,0.0]]}},{"type":"Feature","properties":{"elemento":"0_PMSA_FERROVIA"},"geometry":{"type":"LineString","coordinates":[[-46.30449,-23.775311,0.0],[-46.304631,-23.775202,0.0],[-46.304867,-23.77506,0.0],[-46.305042,-23.774973,0.0],[-46.305217,-23.774904,0.0]]}},{"type":"Feature","properties":{"elemento":"0_PMSA_FERROVIA"},"geometry":{"type":"LineString","coordinates":[[-46.30449,-23.775311,0.0],[-46.304631,-23.775202,0.0],[-46.304867,-23.77506,0.0],[-46.305042,-23.774973,0.0],[-46.305217,-23.774904,0.0]]}},{"type":"Feature","properties":{"elemento":"0_PMSA_FERROVIA"},"geometry":{"type":"LineString","coordinates":[[-46.304393,-23.775167,0.0],[-46.304646,-23.774966,0.0]]}},{"type":"Feature","properties":{"elemento":"0_PMSA_FERROVIA"},"geometry":{"type":"LineString","coordinates":[[-46.304393,-23.775167,0.0],[-46.304646,-23.774966,0.0]]}},{"type":"Feature","properties":{"elemento":"0_PMSA_FERROVIA"},"geometry":{"type":"LineString","coordinates":[[-46.304544,-23.775385,0.0],[-46.304826,-23.775168,0.0],[-46.305044,-23.775032,0.0],[-46.305343,-23.774885,0.0],[-46.30564,-23.774771,0.0],[-46.305822,-23.774714,0.0]]}},{"type":"Feature","properties":{"elemento":"0_PMSA_FERROVIA"},"geometry":{"type":"LineString","coordinates":[[-46.304544,-23.775385,0.0],[-46.304826,-23.775168,0.0],[-46.305044,-23.775032,0.0],[-46.305343,-23.774885,0.0],[-46.30564,-23.774771,0.0],[-46.305822,-23.774714,0.0]]}},{"type":"Feature","properties":{"elemento":"0_PMSA_FERROVIA"},"geometry":{"type":"LineString","coordinates":[[-46.304604,-23.775097,0.0],[-46.304785,-23.774967,0.0]]}},{"type":"Feature","properties":{"elemento":"0_PMSA_FERROVIA"},"geometry":{"type":"LineString","coordinates":[[-46.304604,-23.775097,0.0],[-46.304785,-23.774967,0.0]]}},{"type":"Feature","properties":{"elemento":"0_PMSA_FERROVIA"},"geometry":{"type":"LineString","coordinates":[[-46.304293,-23.775121,0.0],[-46.304735,-23.774768,0.0]]}},{"type":"Feature","properties":{"elemento":"0_PMSA_FERROVIA"},"geometry":{"type":"LineString","coordinates":[[-46.304811,-23.775352,0.0],[-46.305003,-23.775187,0.0],[-46.305163,-23.775066,0.0],[-46.305325,-23.774959,0.0],[-46.305571,-23.774824,0.0],[-46.305862,-23.774698,0.0],[-46.306093,-23.774626,0.0],[-46.306364,-23.774563,0.0],[-46.306521,-23.77454,0.0],[-46.306803,-23.774514,0.0],[-46.307063,-23.774516,0.0]]}},{"type":"Feature","properties":{"elemento":"0_PMSA_FERROVIA"},"geometry":{"type":"LineString","coordinates":[[-46.304811,-23.775352,0.0],[-46.305003,-23.775187,0.0],[-46.305163,-23.775066,0.0],[-46.305325,-23.774959,0.0],[-46.305571,-23.774824,0.0],[-46.305862,-23.774698,0.0],[-46.306093,-23.774626,0.0],[-46.306364,-23.774563,0.0],[-46.306521,-23.77454,0.0],[-46.306803,-23.774514,0.0],[-46.307063,-23.774516,0.0]]}},{"type":"Feature","properties":{"elemento":"0_PMSA_FERROVIA"},"geometry":{"type":"LineString","coordinates":[[-46.304798,-23.775341,0.0],[-46.304992,-23.775175,0.0],[-46.305153,-23.775053,0.0],[-46.305315,-23.774945,0.0],[-46.305563,-23.77481,0.0],[-46.305855,-23.774683,0.0],[-46.306088,-23.774611,0.0],[-46.30636,-23.774547,0.0],[-46.306519,-23.774524,0.0],[-46.306801,-23.774497,0.0],[-46.307064,-23.7745,0.0]]}},{"type":"Feature","properties":{"elemento":"0_PMSA_FERROVIA"},"geometry":{"type":"LineString","coordinates":[[-46.304798,-23.775341,0.0],[-46.304992,-23.775175,0.0],[-46.305153,-23.775053,0.0],[-46.305315,-23.774945,0.0],[-46.305563,-23.77481,0.0],[-46.305855,-23.774683,0.0],[-46.306088,-23.774611,0.0],[-46.30636,-23.774547,0.0],[-46.306519,-23.774524,0.0],[-46.306801,-23.774497,0.0],[-46.307064,-23.7745,0.0]]}},{"type":"Feature","properties":{"elemento":"0_PMSA_FERROVIA"},"geometry":{"type":"LineString","coordinates":[[-46.304595,-23.775196,0.0],[-46.304899,-23.774988,0.0],[-46.305112,-23.774868,0.0],[-46.305351,-23.774765,0.0],[-46.305529,-23.774699,0.0],[-46.305859,-23.774608,0.0]]}},{"type":"Feature","properties":{"elemento":"0_PMSA_FERROVIA"},"geometry":{"type":"LineString","coordinates":[[-46.304595,-23.775196,0.0],[-46.304899,-23.774988,0.0],[-46.305112,-23.774868,0.0],[-46.305351,-23.774765,0.0],[-46.305529,-23.774699,0.0],[-46.305859,-23.774608,0.0]]}},{"type":"Feature","properties":{"elemento":"0_PMSA_FERROVIA"},"geometry":{"type":"LineString","coordinates":[[-46.305234,-23.774917,0.0],[-46.305438,-23.774846,0.0]]}},{"type":"Feature","properties":{"elemento":"0_PMSA_FERROVIA"},"geometry":{"type":"LineString","coordinates":[[-46.305234,-23.774917,0.0],[-46.305438,-23.774846,0.0]]}},{"type":"Feature","properties":{"elemento":"0_PMSA_FERROVIA"},"geometry":{"type":"LineString","coordinates":[[-46.304368,-23.775234,0.0],[-46.304698,-23.774975,0.0],[-46.304999,-23.774788,0.0],[-46.305339,-23.774633,0.0],[-46.30552,-23.774567,0.0],[-46.305721,-23.77451,0.0]]}},{"type":"Feature","properties":{"elemento":"0_PMSA_FERROVIA"},"geometry":{"type":"LineString","coordinates":[[-46.304368,-23.775234,0.0],[-46.304698,-23.774975,0.0],[-46.304999,-23.774788,0.0],[-46.305339,-23.774633,0.0],[-46.30552,-23.774567,0.0],[-46.305721,-23.77451,0.0]]}},{"type":"Feature","properties":{"elemento":"0_PMSA_FERROVIA"},"geometry":{"type":"LineString","coordinates":[[-46.304668,-23.775121,0.0],[-46.304943,-23.774938,0.0],[-46.305105,-23.774851,0.0],[-46.305396,-23.774727,0.0],[-46.305573,-23.774666,0.0],[-46.305744,-23.774619,0.0]]}},{"type":"Feature","properties":{"elemento":"0_PMSA_FERROVIA"},"geometry":{"type":"LineString","coordinates":[[-46.304668,-23.775121,0.0],[-46.304943,-23.774938,0.0],[-46.305105,-23.774851,0.0],[-46.305396,-23.774727,0.0],[-46.305573,-23.774666,0.0],[-46.305744,-23.774619,0.0]]}},{"type":"Feature","properties":{"elemento":"0_PMSA_FERROVIA"},"geometry":{"type":"LineString","coordinates":[[-46.305217,-23.774904,0.0],[-46.305442,-23.774828,0.0]]}},{"type":"Feature","properties":{"elemento":"0_PMSA_FERROVIA"},"geometry":{"type":"LineString","coordinates":[[-46.305217,-23.774904,0.0],[-46.305442,-23.774828,0.0]]}},{"type":"Feature","properties":{"elemento":"0_PMSA_FERROVIA"},"geometry":{"type":"LineString","coordinates":[[-46.3046,-23.775146,0.0],[-46.304812,-23.774996,0.0],[-46.305006,-23.774879,0.0],[-46.30523,-23.774772,0.0],[-46.305464,-23.774677,0.0],[-46.305722,-23.774598,0.0],[-46.305825,-23.774575,0.0],[-46.306253,-23.774511,0.0]]}},{"type":"Feature","properties":{"elemento":"0_PMSA_FERROVIA"},"geometry":{"type":"LineString","coordinates":[[-46.3046,-23.775146,0.0],[-46.304812,-23.774996,0.0],[-46.305006,-23.774879,0.0],[-46.30523,-23.774772,0.0],[-46.305464,-23.774677,0.0],[-46.305722,-23.774598,0.0],[-46.305825,-23.774575,0.0],[-46.306253,-23.774511,0.0]]}},{"type":"Feature","properties":{"elemento":"0_PMSA_FERROVIA"},"geometry":{"type":"LineString","coordinates":[[-46.304593,-23.77513,0.0],[-46.304788,-23.77499,0.0],[-46.305016,-23.774854,0.0],[-46.305268,-23.774735,0.0],[-46.305409,-23.774678,0.0],[-46.305689,-23.774589,0.0],[-46.305812,-23.77456,0.0],[-46.306078,-23.774514,0.0],[-46.306347,-23.774486,0.0]]}},{"type":"Feature","properties":{"elemento":"0_PMSA_FERROVIA"},"geometry":{"type":"LineString","coordinates":[[-46.304593,-23.77513,0.0],[-46.304788,-23.77499,0.0],[-46.305016,-23.774854,0.0],[-46.305268,-23.774735,0.0],[-46.305409,-23.774678,0.0],[-46.305689,-23.774589,0.0],[-46.305812,-23.77456,0.0],[-46.306078,-23.774514,0.0],[-46.306347,-23.774486,0.0]]}},{"type":"Feature","properties":{"elemento":"0_PMSA_FERROVIA"},"geometry":{"type":"LineString","coordinates":[[-46.304738,-23.774926,0.0],[-46.304998,-23.774769,0.0],[-46.305331,-23.774617,0.0]]}},{"type":"Feature","properties":{"elemento":"0_PMSA_FERROVIA"},"geometry":{"type":"LineString","coordinates":[[-46.304738,-23.774926,0.0],[-46.304998,-23.774769,0.0],[-46.305331,-23.774617,0.0]]}},{"type":"Feature","properties":{"elemento":"0_PMSA_FERROVIA"},"geometry":{"type":"LineString","coordinates":[[-46.304785,-23.774967,0.0],[-46.304908,-23.774886,0.0],[-46.305092,-23.774786,0.0],[-46.305354,-23.774677,0.0],[-46.305642,-23.774576,0.0],[-46.305776,-23.774543,0.0],[-46.306048,-23.774491,0.0],[-46.306299,-23.774467,0.0],[-46.306386,-23.774466,0.0]]}},{"type":"Feature","properties":{"elemento":"0_PMSA_FERROVIA"},"geometry":{"type":"LineString","coordinates":[[-46.304785,-23.774967,0.0],[-46.304908,-23.774886,0.0],[-46.305092,-23.774786,0.0],[-46.305354,-23.774677,0.0],[-46.305642,-23.774576,0.0],[-46.305776,-23.774543,0.0],[-46.306048,-23.774491,0.0],[-46.306299,-23.774467,0.0],[-46.306386,-23.774466,0.0]]}},{"type":"Feature","properties":{"elemento":"0_PMSA_FERROVIA"},"geometry":{"type":"LineString","coordinates":[[-46.304739,-23.774977,0.0],[-46.304917,-23.774861,0.0],[-46.30513,-23.77475,0.0],[-46.30557,-23.774581,0.0],[-46.305796,-23.77452,0.0],[-46.305998,-23.774482,0.0],[-46.306198,-23.774458,0.0],[-46.306406,-23.774448,0.0]]}},{"type":"Feature","properties":{"elemento":"0_PMSA_FERROVIA"},"geometry":{"type":"LineString","coordinates":[[-46.304739,-23.774977,0.0],[-46.304917,-23.774861,0.0],[-46.30513,-23.77475,0.0],[-46.30557,-23.774581,0.0],[-46.305796,-23.77452,0.0],[-46.305998,-23.774482,0.0],[-46.306198,-23.774458,0.0],[-46.306406,-23.774448,0.0]]}},{"type":"Feature","properties":{"elemento":"0_PMSA_FERROVIA"},"geometry":{"type":"LineString","coordinates":[[-46.304646,-23.774966,0.0],[-46.304872,-23.774813,0.0],[-46.305122,-23.774678,0.0],[-46.305234,-23.774628,0.0],[-46.305525,-23.774522,0.0],[-46.305792,-23.774447,0.0],[-46.306077,-23.774394,0.0],[-46.306355,-23.774373,0.0],[-46.306598,-23.774371,0.0],[-46.306959,-23.774414,0.0]]}},{"type":"Feature","properties":{"elemento":"0_PMSA_FERROVIA"},"geometry":{"type":"LineString","coordinates":[[-46.304646,-23.774966,0.0],[-46.304872,-23.774813,0.0],[-46.305122,-23.774678,0.0],[-46.305234,-23.774628,0.0],[-46.305525,-23.774522,0.0],[-46.305792,-23.774447,0.0],[-46.306077,-23.774394,0.0],[-46.306355,-23.774373,0.0],[-46.306598,-23.774371,0.0],[-46.306959,-23.774414,0.0]]}},{"type":"Feature","properties":{"elemento":"0_PMSA_FERROVIA"},"geometry":{"type":"LineString","coordinates":[[-46.304564,-23.774948,0.0],[-46.304655,-23.774879,0.0],[-46.304864,-23.774741,0.0],[-46.305073,-23.774626,0.0],[-46.30544,-23.774482,0.0],[-46.305703,-23.774401,0.0],[-46.305805,-23.774378,0.0]]}},{"type":"Feature","properties":{"elemento":"0_PMSA_FERROVIA"},"geometry":{"type":"LineString","coordinates":[[-46.309105,-23.774755,0.0],[-46.309251,-23.774759,0.0]]}},{"type":"Feature","properties":{"elemento":"0_PMSA_FERROVIA"},"geometry":{"type":"LineString","coordinates":[[-46.309105,-23.774755,0.0],[-46.309251,-23.774759,0.0]]}},{"type":"Feature","properties":{"elemento":"0_PMSA_FERROVIA"},"geometry":{"type":"LineString","coordinates":[[-46.309155,-23.774739,0.0],[-46.309243,-23.774741,0.0]]}},{"type":"Feature","properties":{"elemento":"0_PMSA_FERROVIA"},"geometry":{"type":"LineString","coordinates":[[-46.309155,-23.774739,0.0],[-46.309243,-23.774741,0.0]]}},{"type":"Feature","properties":{"elemento":"0_PMSA_FERROVIA"},"geometry":{"type":"LineString","coordinates":[[-46.308606,-23.774704,0.0],[-46.309105,-23.774755,0.0]]}},{"type":"Feature","properties":{"elemento":"0_PMSA_FERROVIA"},"geometry":{"type":"LineString","coordinates":[[-46.308606,-23.774704,0.0],[-46.309105,-23.774755,0.0]]}},{"type":"Feature","properties":{"elemento":"0_PMSA_FERROVIA"},"geometry":{"type":"LineString","coordinates":[[-46.308818,-23.774712,0.0],[-46.309155,-23.774739,0.0]]}},{"type":"Feature","properties":{"elemento":"0_PMSA_FERROVIA"},"geometry":{"type":"LineString","coordinates":[[-46.308818,-23.774712,0.0],[-46.309155,-23.774739,0.0]]}},{"type":"Feature","properties":{"elemento":"0_PMSA_FERROVIA"},"geometry":{"type":"LineString","coordinates":[[-46.309249,-23.774718,0.0],[-46.309375,-23.774717,0.0]]}},{"type":"Feature","properties":{"elemento":"0_PMSA_FERROVIA"},"geometry":{"type":"LineString","coordinates":[[-46.309249,-23.774718,0.0],[-46.309375,-23.774717,0.0]]}},{"type":"Feature","properties":{"elemento":"0_PMSA_FERROVIA"},"geometry":{"type":"LineString","coordinates":[[-46.309119,-23.774715,0.0],[-46.309249,-23.774718,0.0]]}},{"type":"Feature","properties":{"elemento":"0_PMSA_FERROVIA"},"geometry":{"type":"LineString","coordinates":[[-46.309119,-23.774715,0.0],[-46.309249,-23.774718,0.0]]}},{"type":"Feature","properties":{"elemento":"0_PMSA_FERROVIA"},"geometry":{"type":"LineString","coordinates":[[-46.309375,-23.774717,0.0],[-46.309665,-23.774703,0.0]]}},{"type":"Feature","properties":{"elemento":"0_PMSA_FERROVIA"},"geometry":{"type":"LineString","coordinates":[[-46.309375,-23.774717,0.0],[-46.309665,-23.774703,0.0]]}},{"type":"Feature","properties":{"elemento":"0_PMSA_FERROVIA"},"geometry":{"type":"LineString","coordinates":[[-46.309252,-23.774702,0.0],[-46.309487,-23.774696,0.0]]}},{"type":"Feature","properties":{"elemento":"0_PMSA_FERROVIA"},"geometry":{"type":"LineString","coordinates":[[-46.309252,-23.774702,0.0],[-46.309487,-23.774696,0.0]]}},{"type":"Feature","properties":{"elemento":"0_PMSA_FERROVIA"},"geometry":{"type":"LineString","coordinates":[[-46.309004,-23.774692,0.0],[-46.309252,-23.774702,0.0]]}},{"type":"Feature","properties":{"elemento":"0_PMSA_FERROVIA"},"geometry":{"type":"LineString","coordinates":[[-46.309004,-23.774692,0.0],[-46.309252,-23.774702,0.0]]}},{"type":"Feature","properties":{"elemento":"0_PMSA_FERROVIA"},"geometry":{"type":"LineString","coordinates":[[-46.308762,-23.774686,0.0],[-46.308966,-23.774706,0.0]]}},{"type":"Feature","properties":{"elemento":"0_PMSA_FERROVIA"},"geometry":{"type":"LineString","coordinates":[[-46.308762,-23.774686,0.0],[-46.308966,-23.774706,0.0]]}},{"type":"Feature","properties":{"elemento":"0_PMSA_FERROVIA"},"geometry":{"type":"LineString","coordinates":[[-46.304564,-23.774948,0.0],[-46.304655,-23.774879,0.0],[-46.304864,-23.774741,0.0],[-46.305073,-23.774626,0.0],[-46.30544,-23.774482,0.0],[-46.305703,-23.774401,0.0],[-46.305805,-23.774378,0.0]]}},{"type":"Feature","properties":{"elemento":"0_PMSA_FERROVIA"},"geometry":{"type":"LineString","coordinates":[[-46.304667,-23.774928,0.0],[-46.304905,-23.774772,0.0],[-46.305092,-23.774672,0.0],[-46.305206,-23.774622,0.0],[-46.305495,-23.774513,0.0],[-46.305796,-23.774428,0.0],[-46.306114,-23.774373,0.0],[-46.306463,-23.774353,0.0],[-46.306736,-23.774366,0.0],[-46.306987,-23.774401,0.0]]}},{"type":"Feature","properties":{"elemento":"0_PMSA_FERROVIA"},"geometry":{"type":"LineString","coordinates":[[-46.304667,-23.774928,0.0],[-46.304905,-23.774772,0.0],[-46.305092,-23.774672,0.0],[-46.305206,-23.774622,0.0],[-46.305495,-23.774513,0.0],[-46.305796,-23.774428,0.0],[-46.306114,-23.774373,0.0],[-46.306463,-23.774353,0.0],[-46.306736,-23.774366,0.0],[-46.306987,-23.774401,0.0]]}},{"type":"Feature","properties":{"elemento":"0_PMSA_FERROVIA"},"geometry":{"type":"LineString","coordinates":[[-46.304597,-23.774902,0.0],[-46.304782,-23.774772,0.0],[-46.304974,-23.774653,0.0],[-46.305066,-23.77461,0.0],[-46.305272,-23.774525,0.0],[-46.305503,-23.774442,0.0],[-46.305833,-23.774354,0.0]]}},{"type":"Feature","properties":{"elemento":"0_PMSA_FERROVIA"},"geometry":{"type":"LineString","coordinates":[[-46.304597,-23.774902,0.0],[-46.304782,-23.774772,0.0],[-46.304974,-23.774653,0.0],[-46.305066,-23.77461,0.0],[-46.305272,-23.774525,0.0],[-46.305503,-23.774442,0.0],[-46.305833,-23.774354,0.0]]}},{"type":"Feature","properties":{"elemento":"0_PMSA_FERROVIA"},"geometry":{"type":"LineString","coordinates":[[-46.304735,-23.774768,0.0],[-46.3049,-23.774617,0.0],[-46.304987,-23.774507,0.0],[-46.305037,-23.774418,0.0]]}},{"type":"Feature","properties":{"elemento":"0_PMSA_FERROVIA"},"geometry":{"type":"LineString","coordinates":[[-46.304735,-23.774768,0.0],[-46.3049,-23.774617,0.0],[-46.304987,-23.774507,0.0],[-46.305037,-23.774418,0.0]]}},{"type":"Feature","properties":{"elemento":"0_PMSA_FERROVIA"},"geometry":{"type":"LineString","coordinates":[[-46.305859,-23.774608,0.0],[-46.306368,-23.774525,0.0]]}},{"type":"Feature","properties":{"elemento":"0_PMSA_FERROVIA"},"geometry":{"type":"LineString","coordinates":[[-46.305859,-23.774608,0.0],[-46.306368,-23.774525,0.0]]}},{"type":"Feature","properties":{"elemento":"0_PMSA_FERROVIA"},"geometry":{"type":"LineString","coordinates":[[-46.305331,-23.774617,0.0],[-46.305644,-23.774512,0.0]]}},{"type":"Feature","properties":{"elemento":"0_PMSA_FERROVIA"},"geometry":{"type":"LineString","coordinates":[[-46.308349,-23.774668,0.0],[-46.308606,-23.774704,0.0]]}},{"type":"Feature","properties":{"elemento":"0_PMSA_FERROVIA"},"geometry":{"type":"LineString","coordinates":[[-46.308349,-23.774668,0.0],[-46.308606,-23.774704,0.0]]}},{"type":"Feature","properties":{"elemento":"0_PMSA_FERROVIA"},"geometry":{"type":"LineString","coordinates":[[-46.308768,-23.774669,0.0],[-46.309004,-23.774692,0.0]]}},{"type":"Feature","properties":{"elemento":"0_PMSA_FERROVIA"},"geometry":{"type":"LineString","coordinates":[[-46.308768,-23.774669,0.0],[-46.309004,-23.774692,0.0]]}},{"type":"Feature","properties":{"elemento":"0_PMSA_FERROVIA"},"geometry":{"type":"LineString","coordinates":[[-46.309487,-23.774696,0.0],[-46.309676,-23.774684,0.0],[-46.310067,-23.774634,0.0]]}},{"type":"Feature","properties":{"elemento":"0_PMSA_FERROVIA"},"geometry":{"type":"LineString","coordinates":[[-46.308395,-23.774634,0.0],[-46.308733,-23.774681,0.0]]}},{"type":"Feature","properties":{"elemento":"0_PMSA_FERROVIA"},"geometry":{"type":"LineString","coordinates":[[-46.308395,-23.774634,0.0],[-46.308733,-23.774681,0.0]]}},{"type":"Feature","properties":{"elemento":"0_PMSA_FERROVIA"},"geometry":{"type":"LineString","coordinates":[[-46.308417,-23.774622,0.0],[-46.308739,-23.774665,0.0]]}},{"type":"Feature","properties":{"elemento":"0_PMSA_FERROVIA"},"geometry":{"type":"LineString","coordinates":[[-46.308417,-23.774622,0.0],[-46.308739,-23.774665,0.0]]}},{"type":"Feature","properties":{"elemento":"0_PMSA_FERROVIA"},"geometry":{"type":"LineString","coordinates":[[-46.309665,-23.774703,0.0],[-46.310033,-23.774658,0.0],[-46.31041,-23.774575,0.0]]}},{"type":"Feature","properties":{"elemento":"0_PMSA_FERROVIA"},"geometry":{"type":"LineString","coordinates":[[-46.307064,-23.7745,0.0],[-46.307494,-23.77454,0.0],[-46.308818,-23.774712,0.0]]}},{"type":"Feature","properties":{"elemento":"0_PMSA_FERROVIA"},"geometry":{"type":"LineString","coordinates":[[-46.307064,-23.7745,0.0],[-46.307494,-23.77454,0.0],[-46.308818,-23.774712,0.0]]}},{"type":"Feature","properties":{"elemento":"0_PMSA_FERROVIA"},"geometry":{"type":"LineString","coordinates":[[-46.310067,-23.774634,0.0],[-46.310404,-23.774559,0.0]]}},{"type":"Feature","properties":{"elemento":"0_PMSA_FERROVIA"},"geometry":{"type":"LineString","coordinates":[[-46.307063,-23.774516,0.0],[-46.307288,-23.774532,0.0],[-46.308349,-23.774668,0.0]]}},{"type":"Feature","properties":{"elemento":"0_PMSA_FERROVIA"},"geometry":{"type":"LineString","coordinates":[[-46.307063,-23.774516,0.0],[-46.307288,-23.774532,0.0],[-46.308349,-23.774668,0.0]]}},{"type":"Feature","properties":{"elemento":"0_PMSA_FERROVIA"},"geometry":{"type":"LineString","coordinates":[[-46.307222,-23.774491,0.0],[-46.308395,-23.774634,0.0]]}},{"type":"Feature","properties":{"elemento":"0_PMSA_FERROVIA"},"geometry":{"type":"LineString","coordinates":[[-46.307222,-23.774491,0.0],[-46.308395,-23.774634,0.0]]}},{"type":"Feature","properties":{"elemento":"0_PMSA_FERROVIA"},"geometry":{"type":"LineString","coordinates":[[-46.30729,-23.77448,0.0],[-46.307936,-23.774556,0.0],[-46.308417,-23.774622,0.0]]}},{"type":"Feature","properties":{"elemento":"0_PMSA_FERROVIA"},"geometry":{"type":"LineString","coordinates":[[-46.30729,-23.77448,0.0],[-46.307936,-23.774556,0.0],[-46.308417,-23.774622,0.0]]}},{"type":"Feature","properties":{"elemento":"0_PMSA_FERROVIA"},"geometry":{"type":"LineString","coordinates":[[-46.306879,-23.774335,0.0],[-46.30792,-23.774516,0.0],[-46.308763,-23.774685,0.0]]}},{"type":"Feature","properties":{"elemento":"0_PMSA_FERROVIA"},"geometry":{"type":"LineString","coordinates":[[-46.305331,-23.774617,0.0],[-46.305644,-23.774512,0.0]]}},{"type":"Feature","properties":{"elemento":"0_PMSA_FERROVIA"},"geometry":{"type":"LineString","coordinates":[[-46.305744,-23.774619,0.0],[-46.306014,-23.774564,0.0],[-46.306442,-23.774496,0.0],[-46.306575,-23.774482,0.0]]}},{"type":"Feature","properties":{"elemento":"0_PMSA_FERROVIA"},"geometry":{"type":"LineString","coordinates":[[-46.305744,-23.774619,0.0],[-46.306014,-23.774564,0.0],[-46.306442,-23.774496,0.0],[-46.306575,-23.774482,0.0]]}},{"type":"Feature","properties":{"elemento":"0_PMSA_FERROVIA"},"geometry":{"type":"LineString","coordinates":[[-46.304753,-23.774726,0.0],[-46.304838,-23.774653,0.0],[-46.30492,-23.774564,0.0],[-46.305004,-23.77444,0.0],[-46.305076,-23.774294,0.0]]}},{"type":"Feature","properties":{"elemento":"0_PMSA_FERROVIA"},"geometry":{"type":"LineString","coordinates":[[-46.304753,-23.774726,0.0],[-46.304838,-23.774653,0.0],[-46.30492,-23.774564,0.0],[-46.305004,-23.77444,0.0],[-46.305076,-23.774294,0.0]]}},{"type":"Feature","properties":{"elemento":"0_PMSA_FERROVIA"},"geometry":{"type":"LineString","coordinates":[[-46.306253,-23.774511,0.0],[-46.306451,-23.774498,0.0],[-46.306577,-23.774498,0.0]]}},{"type":"Feature","properties":{"elemento":"0_PMSA_FERROVIA"},"geometry":{"type":"LineString","coordinates":[[-46.305721,-23.77451,0.0],[-46.305967,-23.774456,0.0],[-46.306356,-23.774421,0.0],[-46.306635,-23.77442,0.0],[-46.306915,-23.774445,0.0]]}},{"type":"Feature","properties":{"elemento":"0_PMSA_FERROVIA"},"geometry":{"type":"LineString","coordinates":[[-46.305721,-23.77451,0.0],[-46.305967,-23.774456,0.0],[-46.306356,-23.774421,0.0],[-46.306635,-23.77442,0.0],[-46.306915,-23.774445,0.0]]}},{"type":"Feature","properties":{"elemento":"0_PMSA_FERROVIA"},"geometry":{"type":"LineString","coordinates":[[-46.305644,-23.774512,0.0],[-46.305796,-23.774472,0.0],[-46.306004,-23.774434,0.0],[-46.306322,-23.774406,0.0],[-46.306493,-23.7744,0.0],[-46.306693,-23.774406,0.0]]}},{"type":"Feature","properties":{"elemento":"0_PMSA_FERROVIA"},"geometry":{"type":"LineString","coordinates":[[-46.305644,-23.774512,0.0],[-46.305796,-23.774472,0.0],[-46.306004,-23.774434,0.0],[-46.306322,-23.774406,0.0],[-46.306493,-23.7744,0.0],[-46.306693,-23.774406,0.0]]}},{"type":"Feature","properties":{"elemento":"0_PMSA_FERROVIA"},"geometry":{"type":"LineString","coordinates":[[-46.306879,-23.774335,0.0],[-46.30792,-23.774516,0.0],[-46.308763,-23.774685,0.0]]}},{"type":"Feature","properties":{"elemento":"0_PMSA_FERROVIA"},"geometry":{"type":"LineString","coordinates":[[-46.310404,-23.774559,0.0],[-46.310756,-23.774452,0.0]]}},{"type":"Feature","properties":{"elemento":"0_PMSA_FERROVIA"},"geometry":{"type":"LineString","coordinates":[[-46.306253,-23.774511,0.0],[-46.306451,-23.774498,0.0],[-46.306577,-23.774498,0.0]]}},{"type":"Feature","properties":{"elemento":"0_PMSA_FERROVIA"},"geometry":{"type":"LineString","coordinates":[[-46.306368,-23.774525,0.0],[-46.306569,-23.774499,0.0],[-46.306845,-23.774481,0.0],[-46.307068,-23.77448,0.0],[-46.307222,-23.774491,0.0]]}},{"type":"Feature","properties":{"elemento":"0_PMSA_FERROVIA"},"geometry":{"type":"LineString","coordinates":[[-46.306368,-23.774525,0.0],[-46.306569,-23.774499,0.0],[-46.306845,-23.774481,0.0],[-46.307068,-23.77448,0.0],[-46.307222,-23.774491,0.0]]}},{"type":"Feature","properties":{"elemento":"0_PMSA_FERROVIA"},"geometry":{"type":"LineString","coordinates":[[-46.31041,-23.774575,0.0],[-46.310698,-23.77449,0.0],[-46.310908,-23.774412,0.0]]}},{"type":"Feature","properties":{"elemento":"0_PMSA_FERROVIA"},"geometry":{"type":"LineString","coordinates":[[-46.306888,-23.774318,0.0],[-46.307821,-23.774479,0.0],[-46.308768,-23.774669,0.0]]}},{"type":"Feature","properties":{"elemento":"0_PMSA_FERROVIA"},"geometry":{"type":"LineString","coordinates":[[-46.306888,-23.774318,0.0],[-46.307821,-23.774479,0.0],[-46.308768,-23.774669,0.0]]}},{"type":"Feature","properties":{"elemento":"0_PMSA_FERROVIA"},"geometry":{"type":"LineString","coordinates":[[-46.309251,-23.774759,0.0],[-46.309628,-23.774748,0.0],[-46.309822,-23.774727,0.0],[-46.310189,-23.774668,0.0],[-46.310381,-23.774625,0.0],[-46.310565,-23.774574,0.0],[-46.310889,-23.774461,0.0],[-46.311184,-23.774334,0.0],[-46.311414,-23.774213,0.0]]}},{"type":"Feature","properties":{"elemento":"0_PMSA_FERROVIA"},"geometry":{"type":"LineString","coordinates":[[-46.306347,-23.774486,0.0],[-46.306575,-23.774483,0.0]]}},{"type":"Feature","properties":{"elemento":"0_PMSA_FERROVIA"},"geometry":{"type":"LineString","coordinates":[[-46.306347,-23.774486,0.0],[-46.306575,-23.774483,0.0]]}},{"type":"Feature","properties":{"elemento":"0_PMSA_FERROVIA"},"geometry":{"type":"LineString","coordinates":[[-46.306575,-23.774482,0.0],[-46.306966,-23.774462,0.0],[-46.30729,-23.77448,0.0]]}},{"type":"Feature","properties":{"elemento":"0_PMSA_FERROVIA"},"geometry":{"type":"LineString","coordinates":[[-46.306575,-23.774482,0.0],[-46.306966,-23.774462,0.0],[-46.30729,-23.77448,0.0]]}},{"type":"Feature","properties":{"elemento":"0_PMSA_FERROVIA"},"geometry":{"type":"LineString","coordinates":[[-46.306386,-23.774466,0.0],[-46.306618,-23.774464,0.0],[-46.306956,-23.77448,0.0]]}},{"type":"Feature","properties":{"elemento":"0_PMSA_FERROVIA"},"geometry":{"type":"LineString","coordinates":[[-46.306386,-23.774466,0.0],[-46.306618,-23.774464,0.0],[-46.306956,-23.77448,0.0]]}},{"type":"Feature","properties":{"elemento":"0_PMSA_FERROVIA"},"geometry":{"type":"LineString","coordinates":[[-46.306959,-23.774414,0.0],[-46.307568,-23.774529,0.0]]}},{"type":"Feature","properties":{"elemento":"0_PMSA_FERROVIA"},"geometry":{"type":"LineString","coordinates":[[-46.306959,-23.774414,0.0],[-46.307568,-23.774529,0.0]]}},{"type":"Feature","properties":{"elemento":"0_PMSA_FERROVIA"},"geometry":{"type":"LineString","coordinates":[[-46.309243,-23.774741,0.0],[-46.309414,-23.774742,0.0],[-46.309714,-23.774723,0.0],[-46.31001,-23.774683,0.0],[-46.310376,-23.774608,0.0],[-46.310576,-23.774552,0.0],[-46.310882,-23.774446,0.0],[-46.311175,-23.774318,0.0],[-46.311405,-23.774199,0.0]]}},{"type":"Feature","properties":{"elemento":"0_PMSA_FERROVIA"},"geometry":{"type":"LineString","coordinates":[[-46.306915,-23.774445,0.0],[-46.307263,-23.774496,0.0]]}},{"type":"Feature","properties":{"elemento":"0_PMSA_FERROVIA"},"geometry":{"type":"LineString","coordinates":[[-46.306915,-23.774445,0.0],[-46.307263,-23.774496,0.0]]}},{"type":"Feature","properties":{"elemento":"0_PMSA_FERROVIA"},"geometry":{"type":"LineString","coordinates":[[-46.306987,-23.774401,0.0],[-46.307259,-23.774448,0.0],[-46.30757,-23.774514,0.0]]}},{"type":"Feature","properties":{"elemento":"0_PMSA_FERROVIA"},"geometry":{"type":"LineString","coordinates":[[-46.306987,-23.774401,0.0],[-46.307259,-23.774448,0.0],[-46.30757,-23.774514,0.0]]}},{"type":"Feature","properties":{"elemento":"0_PMSA_FERROVIA"},"geometry":{"type":"LineString","coordinates":[[-46.306406,-23.774448,0.0],[-46.306675,-23.774449,0.0],[-46.306953,-23.774462,0.0]]}},{"type":"Feature","properties":{"elemento":"0_PMSA_FERROVIA"},"geometry":{"type":"LineString","coordinates":[[-46.306406,-23.774448,0.0],[-46.306675,-23.774449,0.0],[-46.306953,-23.774462,0.0]]}},{"type":"Feature","properties":{"elemento":"0_PMSA_FERROVIA"},"geometry":{"type":"LineString","coordinates":[[-46.306693,-23.774406,0.0],[-46.306921,-23.774428,0.0],[-46.307263,-23.774478,0.0]]}},{"type":"Feature","properties":{"elemento":"0_PMSA_FERROVIA"},"geometry":{"type":"LineString","coordinates":[[-46.306693,-23.774406,0.0],[-46.306921,-23.774428,0.0],[-46.307263,-23.774478,0.0]]}},{"type":"Feature","properties":{"elemento":"0_PMSA_FERROVIA"},"geometry":{"type":"LineString","coordinates":[[-46.310756,-23.774452,0.0],[-46.310996,-23.774358,0.0],[-46.311188,-23.774267,0.0]]}},{"type":"Feature","properties":{"elemento":"0_PMSA_FERROVIA"},"geometry":{"type":"LineString","coordinates":[[-46.310908,-23.774412,0.0],[-46.311197,-23.774283,0.0]]}},{"type":"Feature","properties":{"elemento":"0_PMSA_FERROVIA"},"geometry":{"type":"LineString","coordinates":[[-46.306319,-23.774318,0.0],[-46.306556,-23.774305,0.0],[-46.306879,-23.774335,0.0]]}},{"type":"Feature","properties":{"elemento":"0_PMSA_FERROVIA"},"geometry":{"type":"LineString","coordinates":[[-46.306319,-23.774318,0.0],[-46.306556,-23.774305,0.0],[-46.306879,-23.774335,0.0]]}},{"type":"Feature","properties":{"elemento":"0_PMSA_FERROVIA"},"geometry":{"type":"LineString","coordinates":[[-46.305805,-23.774378,0.0],[-46.305915,-23.774358,0.0],[-46.306319,-23.774318,0.0]]}},{"type":"Feature","properties":{"elemento":"0_PMSA_FERROVIA"},"geometry":{"type":"LineString","coordinates":[[-46.305805,-23.774378,0.0],[-46.305915,-23.774358,0.0],[-46.306319,-23.774318,0.0]]}},{"type":"Feature","properties":{"elemento":"0_PMSA_FERROVIA"},"geometry":{"type":"LineString","coordinates":[[-46.305833,-23.774354,0.0],[-46.30611,-23.774322,0.0]]}},{"type":"Feature","properties":{"elemento":"0_PMSA_FERROVIA"},"geometry":{"type":"LineString","coordinates":[[-46.305833,-23.774354,0.0],[-46.30611,-23.774322,0.0]]}},{"type":"Feature","properties":{"elemento":"0_PMSA_FERROVIA"},"geometry":{"type":"LineString","coordinates":[[-46.305037,-23.774418,0.0],[-46.305179,-23.774098,0.0]]}},{"type":"Feature","properties":{"elemento":"0_PMSA_FERROVIA"},"geometry":{"type":"LineString","coordinates":[[-46.305037,-23.774418,0.0],[-46.305179,-23.774098,0.0]]}},{"type":"Feature","properties":{"elemento":"0_PMSA_FERROVIA"},"geometry":{"type":"LineString","coordinates":[[-46.305076,-23.774294,0.0],[-46.305164,-23.77409,0.0]]}},{"type":"Feature","properties":{"elemento":"0_PMSA_FERROVIA"},"geometry":{"type":"LineString","coordinates":[[-46.305076,-23.774294,0.0],[-46.305164,-23.77409,0.0]]}},{"type":"Feature","properties":{"elemento":"0_PMSA_FERROVIA"},"geometry":{"type":"LineString","coordinates":[[-46.30611,-23.774322,0.0],[-46.306533,-23.774288,0.0],[-46.306888,-23.774318,0.0]]}},{"type":"Feature","properties":{"elemento":"0_PMSA_FERROVIA"},"geometry":{"type":"LineString","coordinates":[[-46.30611,-23.774322,0.0],[-46.306533,-23.774288,0.0],[-46.306888,-23.774318,0.0]]}},{"type":"Feature","properties":{"elemento":"0_PMSA_FERROVIA"},"geometry":{"type":"LineString","coordinates":[[-46.311197,-23.774283,0.0],[-46.311452,-23.774149,0.0]]}},{"type":"Feature","properties":{"elemento":"0_PMSA_FERROVIA"},"geometry":{"type":"LineString","coordinates":[[-46.311188,-23.774267,0.0],[-46.311505,-23.774097,0.0]]}},{"type":"Feature","properties":{"elemento":"0_PMSA_FERROVIA"},"geometry":{"type":"LineString","coordinates":[[-46.311414,-23.774213,0.0],[-46.311591,-23.774113,0.0]]}},{"type":"Feature","properties":{"elemento":"0_PMSA_FERROVIA"},"geometry":{"type":"LineString","coordinates":[[-46.311405,-23.774199,0.0],[-46.311584,-23.774096,0.0]]}},{"type":"Feature","properties":{"elemento":"0_PMSA_FERROVIA"},"geometry":{"type":"LineString","coordinates":[[-46.311452,-23.774149,0.0],[-46.311722,-23.773987,0.0]]}},{"type":"Feature","properties":{"elemento":"0_PMSA_FERROVIA"},"geometry":{"type":"LineString","coordinates":[[-46.311591,-23.774113,0.0],[-46.31178,-23.774002,0.0]]}},{"type":"Feature","properties":{"elemento":"0_PMSA_FERROVIA"},"geometry":{"type":"LineString","coordinates":[[-46.311584,-23.774096,0.0],[-46.311768,-23.773986,0.0]]}},{"type":"Feature","properties":{"elemento":"0_PMSA_FERROVIA"},"geometry":{"type":"LineString","coordinates":[[-46.311505,-23.774097,0.0],[-46.311711,-23.773973,0.0]]}},{"type":"Feature","properties":{"elemento":"0_PMSA_FERROVIA"},"geometry":{"type":"LineString","coordinates":[[-46.31178,-23.774002,0.0],[-46.312388,-23.773613,0.0]]}},{"type":"Feature","properties":{"elemento":"0_PMSA_FERROVIA"},"geometry":{"type":"LineString","coordinates":[[-46.311768,-23.773986,0.0],[-46.312378,-23.7736,0.0]]}},{"type":"Feature","properties":{"elemento":"0_PMSA_FERROVIA"},"geometry":{"type":"LineString","coordinates":[[-46.311722,-23.773987,0.0],[-46.31233,-23.7736,0.0],[-46.312691,-23.773383,0.0]]}},{"type":"Feature","properties":{"elemento":"0_PMSA_FERROVIA"},"geometry":{"type":"LineString","coordinates":[[-46.311711,-23.773973,0.0],[-46.312319,-23.773585,0.0],[-46.312667,-23.773375,0.0]]}},{"type":"Feature","properties":{"elemento":"0_PMSA_FERROVIA"},"geometry":{"type":"LineString","coordinates":[[-46.312388,-23.773613,0.0],[-46.312748,-23.773398,0.0]]}},{"type":"Feature","properties":{"elemento":"0_PMSA_FERROVIA"},"geometry":{"type":"LineString","coordinates":[[-46.312378,-23.7736,0.0],[-46.312748,-23.773379,0.0]]}},{"type":"Feature","properties":{"elemento":"0_PMSA_FERROVIA"},"geometry":{"type":"LineString","coordinates":[[-46.312691,-23.773383,0.0],[-46.312748,-23.773349,0.0]]}},{"type":"Feature","properties":{"elemento":"0_PMSA_FERROVIA"},"geometry":{"type":"LineString","coordinates":[[-46.312667,-23.773375,0.0],[-46.312748,-23.773328,0.0]]}}]}
