{"type":"FeatureCollection","features":[{"type":"Feature","properties":{"fonte":"Nascentes das APPs da RMSP","codigo":null,"status":0,"curso_agua":null,"manancial":null},"geometry":{"type":"Point","coordinates":[-46.39097957895939,-23.83534191444954,0.0]}},{"type":"Feature","properties":{"fonte":"Nascentes das APPs da RMSP","codigo":null,"status":0,"curso_agua":null,"manancial":null},"geometry":{"type":"Point","coordinates":[-46.39249396673021,-23.82933722068098,0.0]}},{"type":"Feature","properties":{"fonte":"Nascentes das APPs da RMSP","codigo":null,"status":0,"curso_agua":null,"manancial":null},"geometry":{"type":"Point","coordinates":[-46.39272933265989,-23.82710940424652,0.0]}},{"type":"Feature","properties":{"fonte":"Nascentes das APPs da RMSP","codigo":null,"status":0,"curso_agua":null,"manancial":null},"geometry":{"type":"Point","coordinates":[-46.39444068760739,-23.825830927795607,0.0]}},{"type":"Feature","properties":{"fonte":"Nascentes das APPs da RMSP","codigo":null,"status":0,"curso_agua":null,"manancial":null},"geometry":{"type":"Point","coordinates":[-46.392187575585496,-23.824338595296528,0.0]}},{"type":"Feature","properties":{"fonte":"Nascentes das APPs da RMSP","codigo":null,"status":0,"curso_agua":null,"manancial":null},"geometry":{"type":"Point","coordinates":[-46.39398720150911,-23.82049621426777,0.0]}},{"type":"Feature","properties":{"fonte":"Nascentes das APPs da RMSP","codigo":null,"status":0,"curso_agua":null,"manancial":null},"geometry":{"type":"Point","coordinates":[-46.39293901216712,-23.81862207565724,0.0]}},{"type":"Feature","properties":{"fonte":"Nascentes das APPs da RMSP","codigo":null,"status":0,"curso_agua":null,"manancial":null},"geometry":{"type":"Point","coordinates":[-46.38159320083993,-23.829421464929627,0.0]}},{"type":"Feature","properties":{"fonte":"Nascentes das APPs da RMSP","codigo":null,"status":0,"curso_agua":null,"manancial":null},"geometry":{"type":"Point","coordinates":[-46.38966895018217,-23.82824388116952,0.0]}},{"type":"Feature","properties":{"fonte":"Nascentes das APPs da RMSP","codigo":null,"status":0,"curso_agua":null,"manancial":null},"geometry":{"type":"Point","coordinates":[-46.37974686383568,-23.82423114906152,0.0]}},{"type":"Feature","properties":{"fonte":"Nascentes das APPs da RMSP","codigo":null,"status":0,"curso_agua":null,"manancial":null},"geometry":{"type":"Point","coordinates":[-46.38159185400761,-23.81786056120206,0.0]}},{"type":"Feature","properties":{"fonte":"Nascentes das APPs da RMSP","codigo":null,"status":0,"curso_agua":null,"manancial":null},"geometry":{"type":"Point","coordinates":[-46.36886557946949,-23.817450503483943,0.0]}},{"type":"Feature","properties":{"fonte":"Nascentes das APPs da RMSP","codigo":null,"status":0,"curso_agua":null,"manancial":null},"geometry":{"type":"Point","coordinates":[-46.37930321831489,-23.81678300101796,0.0]}},{"type":"Feature","properties":{"fonte":"Nascentes das APPs da RMSP","codigo":null,"status":0,"curso_agua":null,"manancial":null},"geometry":{"type":"Point","coordinates":[-46.38278000933977,-23.815608974094683,0.0]}},{"type":"Feature","properties":{"fonte":"Nascentes das APPs da RMSP","codigo":null,"status":0,"curso_agua":null,"manancial":null},"geometry":{"type":"Point","coordinates":[-46.36763346172682,-23.814995696886978,0.0]}},{"type":"Feature","properties":{"fonte":"Nascentes das APPs da RMSP","codigo":null,"status":0,"curso_agua":null,"manancial":null},"geometry":{"type":"Point","coordinates":[-46.389566564323935,-23.81154242156339,0.0]}},{"type":"Feature","properties":{"fonte":"Nascentes das APPs da RMSP","codigo":null,"status":0,"curso_agua":null,"manancial":null},"geometry":{"type":"Point","coordinates":[-46.36547646941833,-23.81014431216772,0.0]}},{"type":"Feature","properties":{"fonte":"Nascentes das APPs da RMSP","codigo":null,"status":0,"curso_agua":null,"manancial":null},"geometry":{"type":"Point","coordinates":[-46.394685861595775,-23.818464050850825,0.0]}},{"type":"Feature","properties":{"fonte":"Nascentes das APPs da RMSP","codigo":null,"status":0,"curso_agua":null,"manancial":null},"geometry":{"type":"Point","coordinates":[-46.39291206440562,-23.815008923743658,0.0]}},{"type":"Feature","properties":{"fonte":"Nascentes das APPs da RMSP","codigo":null,"status":0,"curso_agua":null,"manancial":null},"geometry":{"type":"Point","coordinates":[-46.39516943166243,-23.814324622539992,0.0]}},{"type":"Feature","properties":{"fonte":"Nascentes das APPs da RMSP","codigo":null,"status":0,"curso_agua":null,"manancial":null},"geometry":{"type":"Point","coordinates":[-46.39243743633951,-23.812103487894916,0.0]}},{"type":"Feature","properties":{"fonte":"Nascentes das APPs da RMSP","codigo":null,"status":0,"curso_agua":null,"manancial":null},"geometry":{"type":"Point","coordinates":[-46.39594053790859,-23.811837062806998,0.0]}},{"type":"Feature","properties":{"fonte":"Nascentes das APPs da RMSP","codigo":null,"status":0,"curso_agua":null,"manancial":null},"geometry":{"type":"Point","coordinates":[-46.39947450171652,-23.81181907087528,0.0]}},{"type":"Feature","properties":{"fonte":"Nascentes das APPs da RMSP","codigo":null,"status":0,"curso_agua":null,"manancial":"Billings"},"geometry":{"type":"Point","coordinates":[-46.39386186471697,-23.811598082546777,0.0]}},{"type":"Feature","properties":{"fonte":"Nascentes das APPs da RMSP","codigo":null,"status":0,"curso_agua":null,"manancial":"Billings"},"geometry":{"type":"Point","coordinates":[-46.39594472445485,-23.80960188195153,0.0]}},{"type":"Feature","properties":{"fonte":"Nascentes das APPs da RMSP","codigo":null,"status":0,"curso_agua":null,"manancial":"Billings"},"geometry":{"type":"Point","coordinates":[-46.39141555074946,-23.809037455894693,0.0]}},{"type":"Feature","properties":{"fonte":"Nascentes das APPs da RMSP","codigo":null,"status":0,"curso_agua":null,"manancial":null},"geometry":{"type":"Point","coordinates":[-46.38559442096245,-23.809259959951216,0.0]}},{"type":"Feature","properties":{"fonte":"Nascentes das APPs da RMSP","codigo":"100100103","status":0,"curso_agua":null,"manancial":null},"geometry":{"type":"Point","coordinates":[-46.389938394099836,-23.808738314234244,0.0]}},{"type":"Feature","properties":{"fonte":"Nascentes das APPs da RMSP","codigo":null,"status":0,"curso_agua":null,"manancial":null},"geometry":{"type":"Point","coordinates":[-46.366836325718744,-23.808030606523264,0.0]}},{"type":"Feature","properties":{"fonte":"Nascentes das APPs da RMSP","codigo":null,"status":0,"curso_agua":null,"manancial":null},"geometry":{"type":"Point","coordinates":[-46.38701623772859,-23.806767507560007,0.0]}},{"type":"Feature","properties":{"fonte":"Nascentes das APPs da RMSP","codigo":"100100104","status":0,"curso_agua":null,"manancial":null},"geometry":{"type":"Point","coordinates":[-46.38339919229686,-23.806621137884463,0.0]}},{"type":"Feature","properties":{"fonte":"Nascentes das APPs da RMSP","codigo":null,"status":0,"curso_agua":null,"manancial":null},"geometry":{"type":"Point","coordinates":[-46.37587492087289,-23.80565600332133,0.0]}},{"type":"Feature","properties":{"fonte":"Nascentes das APPs da RMSP","codigo":null,"status":0,"curso_agua":null,"manancial":null},"geometry":{"type":"Point","coordinates":[-46.380629639186736,-23.805428991318177,0.0]}},{"type":"Feature","properties":{"fonte":"Nascentes das APPs da RMSP","codigo":null,"status":0,"curso_agua":null,"manancial":null},"geometry":{"type":"Point","coordinates":[-46.38338270858173,-23.80522097031505,0.0]}},{"type":"Feature","properties":{"fonte":"Nascentes das APPs da RMSP","codigo":null,"status":0,"curso_agua":null,"manancial":null},"geometry":{"type":"Point","coordinates":[-46.38059011180714,-23.804489152275217,0.0]}},{"type":"Feature","properties":{"fonte":"Nascentes das APPs da RMSP","codigo":null,"status":0,"curso_agua":null,"manancial":null},"geometry":{"type":"Point","coordinates":[-46.36977242588566,-23.804402054994295,0.0]}},{"type":"Feature","properties":{"fonte":"Nascentes das APPs da RMSP","codigo":"100100108","status":0,"curso_agua":null,"manancial":null},"geometry":{"type":"Point","coordinates":[-46.37529152357204,-23.804058758831744,0.0]}},{"type":"Feature","properties":{"fonte":"Nascentes das APPs da RMSP","codigo":null,"status":0,"curso_agua":null,"manancial":null},"geometry":{"type":"Point","coordinates":[-46.389649340480645,-23.80189728709977,0.0]}},{"type":"Feature","properties":{"fonte":"Nascentes das APPs da RMSP","codigo":null,"status":0,"curso_agua":null,"manancial":null},"geometry":{"type":"Point","coordinates":[-46.3754862430523,-23.801460047632148,0.0]}},{"type":"Feature","properties":{"fonte":"Nascentes das APPs da RMSP","codigo":null,"status":0,"curso_agua":null,"manancial":null},"geometry":{"type":"Point","coordinates":[-46.372711014055824,-23.801080565726284,0.0]}},{"type":"Feature","properties":{"fonte":"Nascentes das APPs da RMSP","codigo":null,"status":0,"curso_agua":null,"manancial":null},"geometry":{"type":"Point","coordinates":[-46.38174836659781,-23.801063011537547,0.0]}},{"type":"Feature","properties":{"fonte":"Nascentes das APPs da RMSP","codigo":null,"status":0,"curso_agua":null,"manancial":null},"geometry":{"type":"Point","coordinates":[-46.37509987829754,-23.800615026814352,0.0]}},{"type":"Feature","properties":{"fonte":"Nascentes das APPs da RMSP","codigo":null,"status":0,"curso_agua":null,"manancial":null},"geometry":{"type":"Point","coordinates":[-46.372269105819875,-23.799981915660965,0.0]}},{"type":"Feature","properties":{"fonte":"Nascentes das APPs da RMSP","codigo":null,"status":0,"curso_agua":null,"manancial":null},"geometry":{"type":"Point","coordinates":[-46.37607433975764,-23.799607137346456,0.0]}},{"type":"Feature","properties":{"fonte":"Nascentes das APPs da RMSP","codigo":null,"status":0,"curso_agua":null,"manancial":null},"geometry":{"type":"Point","coordinates":[-46.372492638316075,-23.798575847722955,0.0]}},{"type":"Feature","properties":{"fonte":"Nascentes das APPs da RMSP","codigo":null,"status":0,"curso_agua":null,"manancial":null},"geometry":{"type":"Point","coordinates":[-46.36211714628205,-23.798096564311813,0.0]}},{"type":"Feature","properties":{"fonte":"Nascentes das APPs da RMSP","codigo":null,"status":0,"curso_agua":null,"manancial":"Billings"},"geometry":{"type":"Point","coordinates":[-46.39160754989118,-23.8020671891633,0.0]}},{"type":"Feature","properties":{"fonte":"Nascentes das APPs da RMSP","codigo":null,"status":0,"curso_agua":null,"manancial":"Billings"},"geometry":{"type":"Point","coordinates":[-46.39957501127929,-23.801321249430956,0.0]}},{"type":"Feature","properties":{"fonte":"Nascentes das APPs da RMSP","codigo":null,"status":0,"curso_agua":null,"manancial":"Billings"},"geometry":{"type":"Point","coordinates":[-46.39997064530958,-23.80007994575656,0.0]}},{"type":"Feature","properties":{"fonte":"Nascentes das APPs da RMSP","codigo":null,"status":0,"curso_agua":null,"manancial":"Billings"},"geometry":{"type":"Point","coordinates":[-46.391555998676324,-23.799108054855036,0.0]}},{"type":"Feature","properties":{"fonte":"Nascentes das APPs da RMSP","codigo":null,"status":0,"curso_agua":null,"manancial":"Billings"},"geometry":{"type":"Point","coordinates":[-46.39209890985289,-23.79569693290046,0.0]}},{"type":"Feature","properties":{"fonte":"Nascentes das APPs da RMSP","codigo":null,"status":0,"curso_agua":null,"manancial":null},"geometry":{"type":"Point","coordinates":[-46.37248621968516,-23.795974501384475,0.0]}},{"type":"Feature","properties":{"fonte":"Nascentes das APPs da RMSP","codigo":null,"status":0,"curso_agua":null,"manancial":null},"geometry":{"type":"Point","coordinates":[-46.37465041469053,-23.79566860671912,0.0]}},{"type":"Feature","properties":{"fonte":"Nascentes das APPs da RMSP","codigo":null,"status":0,"curso_agua":null,"manancial":null},"geometry":{"type":"Point","coordinates":[-46.386248034801675,-23.794697083283424,0.0]}},{"type":"Feature","properties":{"fonte":"Nascentes das APPs da RMSP","codigo":null,"status":0,"curso_agua":null,"manancial":"Billings"},"geometry":{"type":"Point","coordinates":[-46.39070988117034,-23.79445956338587,0.0]}},{"type":"Feature","properties":{"fonte":"Nascentes das APPs da RMSP","codigo":null,"status":0,"curso_agua":null,"manancial":"Billings"},"geometry":{"type":"Point","coordinates":[-46.38726108819677,-23.793565799294186,0.0]}},{"type":"Feature","properties":{"fonte":"Nascentes das APPs da RMSP","codigo":null,"status":0,"curso_agua":null,"manancial":null},"geometry":{"type":"Point","coordinates":[-46.36166273535646,-23.79333970329973,0.0]}},{"type":"Feature","properties":{"fonte":"Nascentes das APPs da RMSP","codigo":null,"status":0,"curso_agua":null,"manancial":null},"geometry":{"type":"Point","coordinates":[-46.385676200425415,-23.792705230092704,0.0]}},{"type":"Feature","properties":{"fonte":"Nascentes das APPs da RMSP","codigo":null,"status":0,"curso_agua":null,"manancial":null},"geometry":{"type":"Point","coordinates":[-46.36459012840297,-23.791653039355943,0.0]}},{"type":"Feature","properties":{"fonte":"Nascentes das APPs da RMSP","codigo":null,"status":0,"curso_agua":null,"manancial":null},"geometry":{"type":"Point","coordinates":[-46.38404033724911,-23.790489178023886,0.0]}},{"type":"Feature","properties":{"fonte":"Nascentes das APPs da RMSP","codigo":null,"status":0,"curso_agua":null,"manancial":"Billings"},"geometry":{"type":"Point","coordinates":[-46.3901114893437,-23.790432557201658,0.0]}},{"type":"Feature","properties":{"fonte":"Nascentes das APPs da RMSP","codigo":null,"status":0,"curso_agua":null,"manancial":null},"geometry":{"type":"Point","coordinates":[-46.35071586745557,-23.79875925665082,0.0]}},{"type":"Feature","properties":{"fonte":"Nascentes das APPs da RMSP","codigo":null,"status":0,"curso_agua":null,"manancial":null},"geometry":{"type":"Point","coordinates":[-46.34670501499292,-23.79862492790941,0.0]}},{"type":"Feature","properties":{"fonte":"Nascentes das APPs da RMSP","codigo":null,"status":0,"curso_agua":null,"manancial":null},"geometry":{"type":"Point","coordinates":[-46.352602286644746,-23.794791969056583,0.0]}},{"type":"Feature","properties":{"fonte":"Nascentes das APPs da RMSP","codigo":null,"status":0,"curso_agua":null,"manancial":null},"geometry":{"type":"Point","coordinates":[-46.35131621863192,-23.793898834531728,0.0]}},{"type":"Feature","properties":{"fonte":"Nascentes das APPs da RMSP","codigo":null,"status":0,"curso_agua":null,"manancial":null},"geometry":{"type":"Point","coordinates":[-46.343971811019934,-23.79176944672515,0.0]}},{"type":"Feature","properties":{"fonte":"Nascentes das APPs da RMSP","codigo":null,"status":0,"curso_agua":null,"manancial":null},"geometry":{"type":"Point","coordinates":[-46.356089712946186,-23.789527036967165,0.0]}},{"type":"Feature","properties":{"fonte":"Nascentes das APPs da RMSP","codigo":null,"status":0,"curso_agua":null,"manancial":null},"geometry":{"type":"Point","coordinates":[-46.33752865454895,-23.788865870510524,0.0]}},{"type":"Feature","properties":{"fonte":"Nascentes das APPs da RMSP","codigo":null,"status":0,"curso_agua":null,"manancial":null},"geometry":{"type":"Point","coordinates":[-46.35687752150846,-23.788652276577345,0.0]}},{"type":"Feature","properties":{"fonte":"Nascentes das APPs da RMSP","codigo":null,"status":0,"curso_agua":null,"manancial":null},"geometry":{"type":"Point","coordinates":[-46.353405950032744,-23.788335539372373,0.0]}},{"type":"Feature","properties":{"fonte":"Nascentes das APPs da RMSP","codigo":null,"status":0,"curso_agua":null,"manancial":null},"geometry":{"type":"Point","coordinates":[-46.3546403202735,-23.78738539298982,0.0]}},{"type":"Feature","properties":{"fonte":"Nascentes das APPs da RMSP","codigo":null,"status":0,"curso_agua":null,"manancial":"Billings"},"geometry":{"type":"Point","coordinates":[-46.393667423214,-23.795148234062903,0.0]}},{"type":"Feature","properties":{"fonte":"Nascentes das APPs da RMSP","codigo":null,"status":0,"curso_agua":null,"manancial":"Billings"},"geometry":{"type":"Point","coordinates":[-46.39514289289155,-23.793017671004588,0.0]}},{"type":"Feature","properties":{"fonte":"Nascentes das APPs da RMSP","codigo":null,"status":0,"curso_agua":null,"manancial":"Billings"},"geometry":{"type":"Point","coordinates":[-46.39520569631491,-23.786379902617558,0.0]}},{"type":"Feature","properties":{"fonte":"Nascentes das APPs da RMSP","codigo":null,"status":0,"curso_agua":null,"manancial":null},"geometry":{"type":"Point","coordinates":[-46.36169301769143,-23.79020598311012,0.0]}},{"type":"Feature","properties":{"fonte":"Nascentes das APPs da RMSP","codigo":null,"status":0,"curso_agua":null,"manancial":null},"geometry":{"type":"Point","coordinates":[-46.38109544405282,-23.789628929557704,0.0]}},{"type":"Feature","properties":{"fonte":"Nascentes das APPs da RMSP","codigo":null,"status":0,"curso_agua":null,"manancial":null},"geometry":{"type":"Point","coordinates":[-46.365650816770724,-23.78812635298632,0.0]}},{"type":"Feature","properties":{"fonte":"Nascentes das APPs da RMSP","codigo":null,"status":0,"curso_agua":null,"manancial":null},"geometry":{"type":"Point","coordinates":[-46.37677121062876,-23.787910603740873,0.0]}},{"type":"Feature","properties":{"fonte":"Nascentes das APPs da RMSP","codigo":null,"status":0,"curso_agua":null,"manancial":"Billings"},"geometry":{"type":"Point","coordinates":[-46.390244474588336,-23.787796884819517,0.0]}},{"type":"Feature","properties":{"fonte":"Nascentes das APPs da RMSP","codigo":null,"status":0,"curso_agua":null,"manancial":null},"geometry":{"type":"Point","coordinates":[-46.37615455732144,-23.786927092185394,0.0]}},{"type":"Feature","properties":{"fonte":"Nascentes das APPs da RMSP","codigo":null,"status":0,"curso_agua":null,"manancial":null},"geometry":{"type":"Point","coordinates":[-46.37078375844704,-23.785736858375575,0.0]}},{"type":"Feature","properties":{"fonte":"Nascentes das APPs da RMSP","codigo":null,"status":0,"curso_agua":null,"manancial":null},"geometry":{"type":"Point","coordinates":[-46.3640094143074,-23.784157750160986,0.0]}},{"type":"Feature","properties":{"fonte":"Nascentes das APPs da RMSP","codigo":null,"status":0,"curso_agua":null,"manancial":null},"geometry":{"type":"Point","coordinates":[-46.36622138011867,-23.78226294949131,0.0]}},{"type":"Feature","properties":{"fonte":"Nascentes das APPs da RMSP","codigo":null,"status":0,"curso_agua":null,"manancial":null},"geometry":{"type":"Point","coordinates":[-46.36077507341571,-23.782200444176542,0.0]}},{"type":"Feature","properties":{"fonte":"Nascentes das APPs da RMSP","codigo":null,"status":0,"curso_agua":null,"manancial":"Billings"},"geometry":{"type":"Point","coordinates":[-46.393502147122426,-23.78389205733235,0.0]}},{"type":"Feature","properties":{"fonte":"Nascentes das APPs da RMSP","codigo":null,"status":0,"curso_agua":null,"manancial":"Billings"},"geometry":{"type":"Point","coordinates":[-46.39827694744529,-23.783303515225626,0.0]}},{"type":"Feature","properties":{"fonte":"Nascentes das APPs da RMSP","codigo":"01020430605","status":0,"curso_agua":null,"manancial":"Billings"},"geometry":{"type":"Point","coordinates":[-46.3960222556626,-23.782036975074213,0.0]}},{"type":"Feature","properties":{"fonte":"Nascentes das APPs da RMSP","codigo":null,"status":0,"curso_agua":null,"manancial":"Billings"},"geometry":{"type":"Point","coordinates":[-46.393283894780666,-23.77866865342473,0.0]}},{"type":"Feature","properties":{"fonte":"Nascentes das APPs da RMSP","codigo":"1102","status":0,"curso_agua":null,"manancial":null},"geometry":{"type":"Point","coordinates":[-46.326982742333044,-23.806780563697444,0.0]}},{"type":"Feature","properties":{"fonte":"Nascentes das APPs da RMSP","codigo":null,"status":0,"curso_agua":null,"manancial":null},"geometry":{"type":"Point","coordinates":[-46.33239783391892,-23.805498003180162,0.0]}},{"type":"Feature","properties":{"fonte":"Nascentes das APPs da RMSP","codigo":null,"status":0,"curso_agua":null,"manancial":null},"geometry":{"type":"Point","coordinates":[-46.35470839675779,-23.80515246456343,0.0]}},{"type":"Feature","properties":{"fonte":"Nascentes das APPs da RMSP","codigo":null,"status":0,"curso_agua":null,"manancial":null},"geometry":{"type":"Point","coordinates":[-46.330993517494214,-23.804675437792234,0.0]}},{"type":"Feature","properties":{"fonte":"Nascentes das APPs da RMSP","codigo":null,"status":0,"curso_agua":null,"manancial":null},"geometry":{"type":"Point","coordinates":[-46.35474135925652,-23.80209100954021,0.0]}},{"type":"Feature","properties":{"fonte":"Nascentes das APPs da RMSP","codigo":null,"status":0,"curso_agua":null,"manancial":null},"geometry":{"type":"Point","coordinates":[-46.35259452865338,-23.80190010945535,0.0]}},{"type":"Feature","properties":{"fonte":"Nascentes das APPs da RMSP","codigo":null,"status":0,"curso_agua":null,"manancial":null},"geometry":{"type":"Point","coordinates":[-46.32855647859072,-23.800984915677084,0.0]}},{"type":"Feature","properties":{"fonte":"Nascentes das APPs da RMSP","codigo":null,"status":0,"curso_agua":null,"manancial":null},"geometry":{"type":"Point","coordinates":[-46.35190986815143,-23.799931125076032,0.0]}},{"type":"Feature","properties":{"fonte":"Nascentes das APPs da RMSP","codigo":null,"status":0,"curso_agua":null,"manancial":null},"geometry":{"type":"Point","coordinates":[-46.35364925998211,-23.79980957135617,0.0]}},{"type":"Feature","properties":{"fonte":"Nascentes das APPs da RMSP","codigo":null,"status":0,"curso_agua":null,"manancial":null},"geometry":{"type":"Point","coordinates":[-46.32729305651601,-23.79944163343436,0.0]}},{"type":"Feature","properties":{"fonte":"Nascentes das APPs da RMSP","codigo":null,"status":0,"curso_agua":null,"manancial":null},"geometry":{"type":"Point","coordinates":[-46.299398901089916,-23.80697884923519,0.0]}},{"type":"Feature","properties":{"fonte":"Nascentes das APPs da RMSP","codigo":null,"status":0,"curso_agua":null,"manancial":null},"geometry":{"type":"Point","coordinates":[-46.315860369576136,-23.806514205651535,0.0]}},{"type":"Feature","properties":{"fonte":"Nascentes das APPs da RMSP","codigo":null,"status":0,"curso_agua":null,"manancial":null},"geometry":{"type":"Point","coordinates":[-46.3173585761818,-23.80218083433831,0.0]}},{"type":"Feature","properties":{"fonte":"Nascentes das APPs da RMSP","codigo":null,"status":0,"curso_agua":null,"manancial":null},"geometry":{"type":"Point","coordinates":[-46.31308468470289,-23.801373777859585,0.0]}},{"type":"Feature","properties":{"fonte":"Nascentes das APPs da RMSP","codigo":null,"status":0,"curso_agua":null,"manancial":null},"geometry":{"type":"Point","coordinates":[-46.315001636756094,-23.80135437598227,0.0]}},{"type":"Feature","properties":{"fonte":"Nascentes das APPs da RMSP","codigo":null,"status":0,"curso_agua":null,"manancial":null},"geometry":{"type":"Point","coordinates":[-46.325723352913414,-23.798607732971906,0.0]}},{"type":"Feature","properties":{"fonte":"Nascentes das APPs da RMSP","codigo":null,"status":0,"curso_agua":null,"manancial":null},"geometry":{"type":"Point","coordinates":[-46.3112680755155,-23.79735713652986,0.0]}},{"type":"Feature","properties":{"fonte":"Nascentes das APPs da RMSP","codigo":null,"status":0,"curso_agua":null,"manancial":null},"geometry":{"type":"Point","coordinates":[-46.307795266145135,-23.79722908563435,0.0]}},{"type":"Feature","properties":{"fonte":"Nascentes das APPs da RMSP","codigo":null,"status":0,"curso_agua":null,"manancial":null},"geometry":{"type":"Point","coordinates":[-46.31282887648906,-23.796854269597397,0.0]}},{"type":"Feature","properties":{"fonte":"Nascentes das APPs da RMSP","codigo":null,"status":0,"curso_agua":null,"manancial":null},"geometry":{"type":"Point","coordinates":[-46.320887550711326,-23.794270865808155,0.0]}},{"type":"Feature","properties":{"fonte":"Nascentes das APPs da RMSP","codigo":null,"status":0,"curso_agua":null,"manancial":null},"geometry":{"type":"Point","coordinates":[-46.280689373042236,-23.806254986571005,0.0]}},{"type":"Feature","properties":{"fonte":"Nascentes das APPs da RMSP","codigo":null,"status":0,"curso_agua":null,"manancial":null},"geometry":{"type":"Point","coordinates":[-46.28079204741212,-23.80491061221144,0.0]}},{"type":"Feature","properties":{"fonte":"Nascentes das APPs da RMSP","codigo":null,"status":0,"curso_agua":null,"manancial":null},"geometry":{"type":"Point","coordinates":[-46.27728753819877,-23.80236088843176,0.0]}},{"type":"Feature","properties":{"fonte":"Nascentes das APPs da RMSP","codigo":null,"status":0,"curso_agua":null,"manancial":null},"geometry":{"type":"Point","coordinates":[-46.29508137968864,-23.798737266590553,0.0]}},{"type":"Feature","properties":{"fonte":"Nascentes das APPs da RMSP","codigo":null,"status":0,"curso_agua":null,"manancial":null},"geometry":{"type":"Point","coordinates":[-46.26569550098253,-23.797487254343046,0.0]}},{"type":"Feature","properties":{"fonte":"Nascentes das APPs da RMSP","codigo":null,"status":0,"curso_agua":null,"manancial":null},"geometry":{"type":"Point","coordinates":[-46.29452189778847,-23.795749053262785,0.0]}},{"type":"Feature","properties":{"fonte":"Nascentes das APPs da RMSP","codigo":null,"status":0,"curso_agua":null,"manancial":null},"geometry":{"type":"Point","coordinates":[-46.26770255984848,-23.794100672816015,0.0]}},{"type":"Feature","properties":{"fonte":"Nascentes das APPs da RMSP","codigo":null,"status":0,"curso_agua":null,"manancial":null},"geometry":{"type":"Point","coordinates":[-46.288783302581415,-23.79226600531773,0.0]}},{"type":"Feature","properties":{"fonte":"Nascentes das APPs da RMSP","codigo":null,"status":0,"curso_agua":null,"manancial":null},"geometry":{"type":"Point","coordinates":[-46.265714315242825,-23.79080370332726,0.0]}},{"type":"Feature","properties":{"fonte":"Nascentes das APPs da RMSP","codigo":null,"status":0,"curso_agua":null,"manancial":null},"geometry":{"type":"Point","coordinates":[-46.293487409439265,-23.79074023202408,0.0]}},{"type":"Feature","properties":{"fonte":"Nascentes das APPs da RMSP","codigo":null,"status":0,"curso_agua":null,"manancial":null},"geometry":{"type":"Point","coordinates":[-46.31091988652974,-23.793441521139485,0.0]}},{"type":"Feature","properties":{"fonte":"Nascentes das APPs da RMSP","codigo":null,"status":0,"curso_agua":null,"manancial":null},"geometry":{"type":"Point","coordinates":[-46.311785830830175,-23.790255814163928,0.0]}},{"type":"Feature","properties":{"fonte":"Nascentes das APPs da RMSP","codigo":null,"status":0,"curso_agua":null,"manancial":null},"geometry":{"type":"Point","coordinates":[-46.29939752745305,-23.790169981771776,0.0]}},{"type":"Feature","properties":{"fonte":"Nascentes das APPs da RMSP","codigo":null,"status":0,"curso_agua":null,"manancial":null},"geometry":{"type":"Point","coordinates":[-46.30390733049213,-23.789698035457562,0.0]}},{"type":"Feature","properties":{"fonte":"Nascentes das APPs da RMSP","codigo":null,"status":0,"curso_agua":null,"manancial":null},"geometry":{"type":"Point","coordinates":[-46.30611279823632,-23.789501993269976,0.0]}},{"type":"Feature","properties":{"fonte":"Nascentes das APPs da RMSP","codigo":null,"status":0,"curso_agua":null,"manancial":null},"geometry":{"type":"Point","coordinates":[-46.2967974473469,-23.7892225433479,0.0]}},{"type":"Feature","properties":{"fonte":"Nascentes das APPs da RMSP","codigo":null,"status":0,"curso_agua":null,"manancial":null},"geometry":{"type":"Point","coordinates":[-46.301749811691856,-23.789117934838185,0.0]}},{"type":"Feature","properties":{"fonte":"Nascentes das APPs da RMSP","codigo":null,"status":0,"curso_agua":null,"manancial":null},"geometry":{"type":"Point","coordinates":[-46.31874697911576,-23.786763521754295,0.0]}},{"type":"Feature","properties":{"fonte":"Nascentes das APPs da RMSP","codigo":null,"status":0,"curso_agua":null,"manancial":null},"geometry":{"type":"Point","coordinates":[-46.309403431024194,-23.784690562942323,0.0]}},{"type":"Feature","properties":{"fonte":"Nascentes das APPs da RMSP","codigo":"1001001","status":0,"curso_agua":null,"manancial":null},"geometry":{"type":"Point","coordinates":[-46.3073129609528,-23.782587744239123,0.0]}},{"type":"Feature","properties":{"fonte":"Nascentes das APPs da RMSP","codigo":null,"status":0,"curso_agua":null,"manancial":null},"geometry":{"type":"Point","coordinates":[-46.25736001193688,-23.793741644312725,0.0]}},{"type":"Feature","properties":{"fonte":"Nascentes das APPs da RMSP","codigo":null,"status":0,"curso_agua":null,"manancial":null},"geometry":{"type":"Point","coordinates":[-46.25219126968368,-23.79243285694056,0.0]}},{"type":"Feature","properties":{"fonte":"Nascentes das APPs da RMSP","codigo":null,"status":0,"curso_agua":null,"manancial":null},"geometry":{"type":"Point","coordinates":[-46.25152447553688,-23.791186238634477,0.0]}},{"type":"Feature","properties":{"fonte":"Nascentes das APPs da RMSP","codigo":null,"status":0,"curso_agua":null,"manancial":null},"geometry":{"type":"Point","coordinates":[-46.254908936429615,-23.790817506977103,0.0]}},{"type":"Feature","properties":{"fonte":"Nascentes das APPs da RMSP","codigo":null,"status":0,"curso_agua":null,"manancial":null},"geometry":{"type":"Point","coordinates":[-46.25941014563298,-23.789000884363155,0.0]}},{"type":"Feature","properties":{"fonte":"Nascentes das APPs da RMSP","codigo":null,"status":0,"curso_agua":null,"manancial":null},"geometry":{"type":"Point","coordinates":[-46.25000117755573,-23.788898106439156,0.0]}},{"type":"Feature","properties":{"fonte":"Nascentes das APPs da RMSP","codigo":null,"status":0,"curso_agua":null,"manancial":null},"geometry":{"type":"Point","coordinates":[-46.25877285075123,-23.787673366471548,0.0]}},{"type":"Feature","properties":{"fonte":"Nascentes das APPs da RMSP","codigo":null,"status":0,"curso_agua":null,"manancial":null},"geometry":{"type":"Point","coordinates":[-46.25596564026607,-23.784961143997226,0.0]}},{"type":"Feature","properties":{"fonte":"Nascentes das APPs da RMSP","codigo":null,"status":0,"curso_agua":null,"manancial":null},"geometry":{"type":"Point","coordinates":[-46.2586580648663,-23.782135023429692,0.0]}},{"type":"Feature","properties":{"fonte":"Nascentes das APPs da RMSP","codigo":null,"status":0,"curso_agua":null,"manancial":null},"geometry":{"type":"Point","coordinates":[-46.24357092163987,-23.777365388659966,0.0]}},{"type":"Feature","properties":{"fonte":"Nascentes das APPs da RMSP","codigo":null,"status":0,"curso_agua":null,"manancial":null},"geometry":{"type":"Point","coordinates":[-46.29189047153385,-23.789977929404444,0.0]}},{"type":"Feature","properties":{"fonte":"Nascentes das APPs da RMSP","codigo":null,"status":0,"curso_agua":null,"manancial":null},"geometry":{"type":"Point","coordinates":[-46.29419297649703,-23.789394985010375,0.0]}},{"type":"Feature","properties":{"fonte":"Nascentes das APPs da RMSP","codigo":null,"status":0,"curso_agua":null,"manancial":null},"geometry":{"type":"Point","coordinates":[-46.29444846429611,-23.7867339299878,0.0]}},{"type":"Feature","properties":{"fonte":"Nascentes das APPs da RMSP","codigo":null,"status":0,"curso_agua":null,"manancial":null},"geometry":{"type":"Point","coordinates":[-46.29457272201865,-23.785525309833005,0.0]}},{"type":"Feature","properties":{"fonte":"Nascentes das APPs da RMSP","codigo":null,"status":0,"curso_agua":null,"manancial":null},"geometry":{"type":"Point","coordinates":[-46.28064667807749,-23.784766872273917,0.0]}},{"type":"Feature","properties":{"fonte":"Nascentes das APPs da RMSP","codigo":null,"status":0,"curso_agua":null,"manancial":null},"geometry":{"type":"Point","coordinates":[-46.29195882306333,-23.782807258601032,0.0]}},{"type":"Feature","properties":{"fonte":"Nascentes das APPs da RMSP","codigo":null,"status":0,"curso_agua":null,"manancial":null},"geometry":{"type":"Point","coordinates":[-46.279858048101296,-23.78235351310517,0.0]}},{"type":"Feature","properties":{"fonte":"Nascentes das APPs da RMSP","codigo":null,"status":0,"curso_agua":null,"manancial":null},"geometry":{"type":"Point","coordinates":[-46.28946941927691,-23.78101217686023,0.0]}},{"type":"Feature","properties":{"fonte":"Nascentes das APPs da RMSP","codigo":null,"status":0,"curso_agua":null,"manancial":null},"geometry":{"type":"Point","coordinates":[-46.281654459219794,-23.780851588060752,0.0]}},{"type":"Feature","properties":{"fonte":"Nascentes das APPs da RMSP","codigo":null,"status":0,"curso_agua":null,"manancial":null},"geometry":{"type":"Point","coordinates":[-46.28808143047393,-23.78000880240776,0.0]}},{"type":"Feature","properties":{"fonte":"Nascentes das APPs da RMSP","codigo":null,"status":0,"curso_agua":null,"manancial":null},"geometry":{"type":"Point","coordinates":[-46.341247003374306,-23.78400176152947,0.0]}},{"type":"Feature","properties":{"fonte":"Nascentes das APPs da RMSP","codigo":null,"status":0,"curso_agua":null,"manancial":"Billings"},"geometry":{"type":"Point","coordinates":[-46.34363049678722,-23.78367209322726,0.0]}},{"type":"Feature","properties":{"fonte":"Nascentes das APPs da RMSP","codigo":null,"status":0,"curso_agua":null,"manancial":null},"geometry":{"type":"Point","coordinates":[-46.3508450111772,-23.783641127063824,0.0]}},{"type":"Feature","properties":{"fonte":"Nascentes das APPs da RMSP","codigo":null,"status":0,"curso_agua":null,"manancial":null},"geometry":{"type":"Point","coordinates":[-46.34860988647215,-23.78311481464591,0.0]}},{"type":"Feature","properties":{"fonte":"Nascentes das APPs da RMSP","codigo":null,"status":0,"curso_agua":null,"manancial":null},"geometry":{"type":"Point","coordinates":[-46.345060564234885,-23.78311299133693,0.0]}},{"type":"Feature","properties":{"fonte":"Nascentes das APPs da RMSP","codigo":null,"status":0,"curso_agua":null,"manancial":null},"geometry":{"type":"Point","coordinates":[-46.33970289762147,-23.783069019357765,0.0]}},{"type":"Feature","properties":{"fonte":"Nascentes das APPs da RMSP","codigo":null,"status":0,"curso_agua":null,"manancial":null},"geometry":{"type":"Point","coordinates":[-46.34927193077927,-23.782319713420694,0.0]}},{"type":"Feature","properties":{"fonte":"Nascentes das APPs da RMSP","codigo":null,"status":0,"curso_agua":null,"manancial":null},"geometry":{"type":"Point","coordinates":[-46.3329097914691,-23.781696096808766,0.0]}},{"type":"Feature","properties":{"fonte":"Nascentes das APPs da RMSP","codigo":null,"status":0,"curso_agua":null,"manancial":null},"geometry":{"type":"Point","coordinates":[-46.337626006646424,-23.78168660645579,0.0]}},{"type":"Feature","properties":{"fonte":"Nascentes das APPs da RMSP","codigo":null,"status":0,"curso_agua":null,"manancial":null},"geometry":{"type":"Point","coordinates":[-46.32961271312911,-23.781417300815363,0.0]}},{"type":"Feature","properties":{"fonte":"Nascentes das APPs da RMSP","codigo":null,"status":0,"curso_agua":null,"manancial":null},"geometry":{"type":"Point","coordinates":[-46.31708660767277,-23.781520640491227,0.0]}},{"type":"Feature","properties":{"fonte":"Nascentes das APPs da RMSP","codigo":null,"status":0,"curso_agua":null,"manancial":null},"geometry":{"type":"Point","coordinates":[-46.30592210449218,-23.780638820848385,0.0]}},{"type":"Feature","properties":{"fonte":"Nascentes das APPs da RMSP","codigo":null,"status":0,"curso_agua":null,"manancial":null},"geometry":{"type":"Point","coordinates":[-46.31193389992119,-23.78027722940442,0.0]}},{"type":"Feature","properties":{"fonte":"Nascentes das APPs da RMSP","codigo":null,"status":0,"curso_agua":null,"manancial":null},"geometry":{"type":"Point","coordinates":[-46.322963550921045,-23.778943915106215,0.0]}},{"type":"Feature","properties":{"fonte":"Nascentes das APPs da RMSP","codigo":null,"status":0,"curso_agua":null,"manancial":null},"geometry":{"type":"Point","coordinates":[-46.30839791910204,-23.778594760844395,0.0]}},{"type":"Feature","properties":{"fonte":"Nascentes das APPs da RMSP","codigo":null,"status":0,"curso_agua":null,"manancial":null},"geometry":{"type":"Point","coordinates":[-46.32519975136426,-23.778576416513392,0.0]}},{"type":"Feature","properties":{"fonte":"Nascentes das APPs da RMSP","codigo":null,"status":0,"curso_agua":null,"manancial":"Billings"},"geometry":{"type":"Point","coordinates":[-46.30586045743072,-23.778307650484393,0.0]}},{"type":"Feature","properties":{"fonte":"Nascentes das APPs da RMSP","codigo":null,"status":0,"curso_agua":null,"manancial":null},"geometry":{"type":"Point","coordinates":[-46.320527888211615,-23.778114969392504,0.0]}},{"type":"Feature","properties":{"fonte":"Nascentes das APPs da RMSP","codigo":null,"status":0,"curso_agua":null,"manancial":"Billings"},"geometry":{"type":"Point","coordinates":[-46.31961294120887,-23.777777449078048,0.0]}},{"type":"Feature","properties":{"fonte":"Nascentes das APPs da RMSP","codigo":null,"status":0,"curso_agua":null,"manancial":"Billings"},"geometry":{"type":"Point","coordinates":[-46.31962562007874,-23.77776115420482,0.0]}},{"type":"Feature","properties":{"fonte":"Nascentes das APPs da RMSP","codigo":null,"status":0,"curso_agua":null,"manancial":null},"geometry":{"type":"Point","coordinates":[-46.34612579254226,-23.780896171524414,0.0]}},{"type":"Feature","properties":{"fonte":"Nascentes das APPs da RMSP","codigo":null,"status":0,"curso_agua":null,"manancial":null},"geometry":{"type":"Point","coordinates":[-46.331448380619804,-23.78088727210495,0.0]}},{"type":"Feature","properties":{"fonte":"Nascentes das APPs da RMSP","codigo":null,"status":0,"curso_agua":null,"manancial":null},"geometry":{"type":"Point","coordinates":[-46.35569066663373,-23.780784549012726,0.0]}},{"type":"Feature","properties":{"fonte":"Nascentes das APPs da RMSP","codigo":null,"status":0,"curso_agua":null,"manancial":null},"geometry":{"type":"Point","coordinates":[-46.35694134488421,-23.780387700195444,0.0]}},{"type":"Feature","properties":{"fonte":"Nascentes das APPs da RMSP","codigo":null,"status":0,"curso_agua":null,"manancial":"Billings"},"geometry":{"type":"Point","coordinates":[-46.33042176341757,-23.780136456490954,0.0]}},{"type":"Feature","properties":{"fonte":"Nascentes das APPs da RMSP","codigo":null,"status":0,"curso_agua":null,"manancial":null},"geometry":{"type":"Point","coordinates":[-46.32933123273901,-23.77969739678415,0.0]}},{"type":"Feature","properties":{"fonte":"Nascentes das APPs da RMSP","codigo":null,"status":0,"curso_agua":null,"manancial":"Billings"},"geometry":{"type":"Point","coordinates":[-46.33347501889911,-23.778795239205028,0.0]}},{"type":"Feature","properties":{"fonte":"Nascentes das APPs da RMSP","codigo":null,"status":0,"curso_agua":null,"manancial":null},"geometry":{"type":"Point","coordinates":[-46.344654072838246,-23.776529189316566,0.0]}},{"type":"Feature","properties":{"fonte":"Nascentes das APPs da RMSP","codigo":null,"status":0,"curso_agua":null,"manancial":"Billings"},"geometry":{"type":"Point","coordinates":[-46.33872795158471,-23.775848347706994,0.0]}},{"type":"Feature","properties":{"fonte":"Nascentes das APPs da RMSP","codigo":null,"status":0,"curso_agua":null,"manancial":null},"geometry":{"type":"Point","coordinates":[-46.34975935581464,-23.77562113688952,0.0]}},{"type":"Feature","properties":{"fonte":"Nascentes das APPs da RMSP","codigo":null,"status":0,"curso_agua":null,"manancial":null},"geometry":{"type":"Point","coordinates":[-46.26914917466144,-23.779858626808014,0.0]}},{"type":"Feature","properties":{"fonte":"Nascentes das APPs da RMSP","codigo":null,"status":0,"curso_agua":null,"manancial":null},"geometry":{"type":"Point","coordinates":[-46.28636802591803,-23.77798933916271,0.0]}},{"type":"Feature","properties":{"fonte":"Nascentes das APPs da RMSP","codigo":null,"status":0,"curso_agua":null,"manancial":null},"geometry":{"type":"Point","coordinates":[-46.2830803183959,-23.777863271513755,0.0]}},{"type":"Feature","properties":{"fonte":"Nascentes das APPs da RMSP","codigo":null,"status":0,"curso_agua":null,"manancial":null},"geometry":{"type":"Point","coordinates":[-46.27906547599329,-23.777636888367038,0.0]}},{"type":"Feature","properties":{"fonte":"Nascentes das APPs da RMSP","codigo":null,"status":0,"curso_agua":null,"manancial":null},"geometry":{"type":"Point","coordinates":[-46.26958831054208,-23.777173013494853,0.0]}},{"type":"Feature","properties":{"fonte":"Nascentes das APPs da RMSP","codigo":null,"status":0,"curso_agua":null,"manancial":"Billings"},"geometry":{"type":"Point","coordinates":[-46.28886982627338,-23.777056926389417,0.0]}},{"type":"Feature","properties":{"fonte":"Nascentes das APPs da RMSP","codigo":null,"status":0,"curso_agua":null,"manancial":"Billings"},"geometry":{"type":"Point","coordinates":[-46.28721890591691,-23.77558029384949,0.0]}},{"type":"Feature","properties":{"fonte":"Nascentes das APPs da RMSP","codigo":null,"status":0,"curso_agua":null,"manancial":"Billings"},"geometry":{"type":"Point","coordinates":[-46.285813899728794,-23.774721135034618,0.0]}},{"type":"Feature","properties":{"fonte":"Nascentes das APPs da RMSP","codigo":null,"status":0,"curso_agua":null,"manancial":null},"geometry":{"type":"Point","coordinates":[-46.28059598754114,-23.774586791962086,0.0]}},{"type":"Feature","properties":{"fonte":"Nascentes das APPs da RMSP","codigo":null,"status":0,"curso_agua":null,"manancial":null},"geometry":{"type":"Point","coordinates":[-46.27432585747818,-23.77404950143845,0.0]}},{"type":"Feature","properties":{"fonte":"Nascentes das APPs da RMSP","codigo":null,"status":0,"curso_agua":null,"manancial":null},"geometry":{"type":"Point","coordinates":[-46.369183750857374,-23.78217533460973,0.0]}},{"type":"Feature","properties":{"fonte":"Nascentes das APPs da RMSP","codigo":null,"status":0,"curso_agua":null,"manancial":null},"geometry":{"type":"Point","coordinates":[-46.37645504892067,-23.781918175706938,0.0]}},{"type":"Feature","properties":{"fonte":"Nascentes das APPs da RMSP","codigo":null,"status":0,"curso_agua":null,"manancial":null},"geometry":{"type":"Point","coordinates":[-46.362216201016764,-23.781596177178578,0.0]}},{"type":"Feature","properties":{"fonte":"Nascentes das APPs da RMSP","codigo":null,"status":0,"curso_agua":null,"manancial":"Billings"},"geometry":{"type":"Point","coordinates":[-46.36980264413093,-23.781108578550924,0.0]}},{"type":"Feature","properties":{"fonte":"Nascentes das APPs da RMSP","codigo":null,"status":0,"curso_agua":null,"manancial":null},"geometry":{"type":"Point","coordinates":[-46.37302043856503,-23.780924886125053,0.0]}},{"type":"Feature","properties":{"fonte":"Nascentes das APPs da RMSP","codigo":null,"status":0,"curso_agua":null,"manancial":null},"geometry":{"type":"Point","coordinates":[-46.38333320840397,-23.780815549198543,0.0]}},{"type":"Feature","properties":{"fonte":"Nascentes das APPs da RMSP","codigo":null,"status":0,"curso_agua":null,"manancial":"Billings"},"geometry":{"type":"Point","coordinates":[-46.363811469380835,-23.779476485423377,0.0]}},{"type":"Feature","properties":{"fonte":"Nascentes das APPs da RMSP","codigo":null,"status":0,"curso_agua":null,"manancial":"Billings"},"geometry":{"type":"Point","coordinates":[-46.35984657536166,-23.778195998527973,0.0]}},{"type":"Feature","properties":{"fonte":"Nascentes das APPs da RMSP","codigo":null,"status":0,"curso_agua":null,"manancial":"Billings"},"geometry":{"type":"Point","coordinates":[-46.37898557979843,-23.77537574379571,0.0]}},{"type":"Feature","properties":{"fonte":"Nascentes das APPs da RMSP","codigo":null,"status":0,"curso_agua":null,"manancial":"Billings"},"geometry":{"type":"Point","coordinates":[-46.37722049511596,-23.771775955156794,0.0]}},{"type":"Feature","properties":{"fonte":"Nascentes das APPs da RMSP","codigo":null,"status":0,"curso_agua":null,"manancial":"Billings"},"geometry":{"type":"Point","coordinates":[-46.398679566983844,-23.77725718981293,0.0]}},{"type":"Feature","properties":{"fonte":"Nascentes das APPs da RMSP","codigo":null,"status":0,"curso_agua":null,"manancial":"Billings"},"geometry":{"type":"Point","coordinates":[-46.39490749520221,-23.77699164392017,0.0]}},{"type":"Feature","properties":{"fonte":"Nascentes das APPs da RMSP","codigo":null,"status":0,"curso_agua":null,"manancial":"Billings"},"geometry":{"type":"Point","coordinates":[-46.392899778133774,-23.77691140957059,0.0]}},{"type":"Feature","properties":{"fonte":"Nascentes das APPs da RMSP","codigo":null,"status":0,"curso_agua":null,"manancial":"Billings"},"geometry":{"type":"Point","coordinates":[-46.39703747274044,-23.769703108974074,0.0]}},{"type":"Feature","properties":{"fonte":"Nascentes das APPs da RMSP","codigo":null,"status":0,"curso_agua":null,"manancial":"Billings"},"geometry":{"type":"Point","coordinates":[-46.3875735271825,-23.76991465260924,0.0]}},{"type":"Feature","properties":{"fonte":"Nascentes das APPs da RMSP","codigo":null,"status":0,"curso_agua":null,"manancial":"Billings"},"geometry":{"type":"Point","coordinates":[-46.3894193771445,-23.76962249226638,0.0]}},{"type":"Feature","properties":{"fonte":"Nascentes das APPs da RMSP","codigo":"0102043061001","status":0,"curso_agua":null,"manancial":"Billings"},"geometry":{"type":"Point","coordinates":[-46.35894821185468,-23.767679672194358,0.0]}},{"type":"Feature","properties":{"fonte":"Nascentes das APPs da RMSP","codigo":null,"status":0,"curso_agua":null,"manancial":"Billings"},"geometry":{"type":"Point","coordinates":[-46.389281687294456,-23.76731746845968,0.0]}},{"type":"Feature","properties":{"fonte":"Nascentes das APPs da RMSP","codigo":null,"status":0,"curso_agua":null,"manancial":"Billings"},"geometry":{"type":"Point","coordinates":[-46.38809917043446,-23.76615503624393,0.0]}},{"type":"Feature","properties":{"fonte":"Nascentes das APPs da RMSP","codigo":null,"status":0,"curso_agua":null,"manancial":"Billings"},"geometry":{"type":"Point","coordinates":[-46.38932876854347,-23.76304583175418,0.0]}},{"type":"Feature","properties":{"fonte":"Nascentes das APPs da RMSP","codigo":null,"status":0,"curso_agua":null,"manancial":"Billings"},"geometry":{"type":"Point","coordinates":[-46.38712927900599,-23.76244824583532,0.0]}},{"type":"Feature","properties":{"fonte":"Nascentes das APPs da RMSP","codigo":null,"status":0,"curso_agua":null,"manancial":"Billings"},"geometry":{"type":"Point","coordinates":[-46.38361583149789,-23.761860632482538,0.0]}},{"type":"Feature","properties":{"fonte":"Nascentes das APPs da RMSP","codigo":null,"status":0,"curso_agua":null,"manancial":"Billings"},"geometry":{"type":"Point","coordinates":[-46.384935530933056,-23.76171522199325,0.0]}},{"type":"Feature","properties":{"fonte":"Nascentes das APPs da RMSP","codigo":null,"status":0,"curso_agua":null,"manancial":"Billings"},"geometry":{"type":"Point","coordinates":[-46.385092161588354,-23.76102178239997,0.0]}},{"type":"Feature","properties":{"fonte":"Nascentes das APPs da RMSP","codigo":null,"status":0,"curso_agua":null,"manancial":"Billings"},"geometry":{"type":"Point","coordinates":[-46.39750445783324,-23.76587044962385,0.0]}},{"type":"Feature","properties":{"fonte":"Nascentes das APPs da RMSP","codigo":null,"status":0,"curso_agua":null,"manancial":"Billings"},"geometry":{"type":"Point","coordinates":[-46.395738025130285,-23.76574825086299,0.0]}},{"type":"Feature","properties":{"fonte":"Nascentes das APPs da RMSP","codigo":null,"status":0,"curso_agua":null,"manancial":"Billings"},"geometry":{"type":"Point","coordinates":[-46.391374929557735,-23.765565290677987,0.0]}},{"type":"Feature","properties":{"fonte":"Nascentes das APPs da RMSP","codigo":null,"status":0,"curso_agua":null,"manancial":"Billings"},"geometry":{"type":"Point","coordinates":[-46.3998973081534,-23.765097506097078,0.0]}},{"type":"Feature","properties":{"fonte":"Nascentes das APPs da RMSP","codigo":"0102043060502","status":0,"curso_agua":null,"manancial":"Billings"},"geometry":{"type":"Point","coordinates":[-46.39100050538189,-23.76406110015836,0.0]}},{"type":"Feature","properties":{"fonte":"Nascentes das APPs da RMSP","codigo":"01020430619","status":0,"curso_agua":null,"manancial":"Billings"},"geometry":{"type":"Point","coordinates":[-46.39125050760104,-23.762835925085522,0.0]}},{"type":"Feature","properties":{"fonte":"Nascentes das APPs da RMSP","codigo":null,"status":0,"curso_agua":null,"manancial":"Billings"},"geometry":{"type":"Point","coordinates":[-46.39598073632584,-23.760738505810085,0.0]}},{"type":"Feature","properties":{"fonte":"Nascentes das APPs da RMSP","codigo":"01020430621","status":0,"curso_agua":null,"manancial":"Billings"},"geometry":{"type":"Point","coordinates":[-46.39349611036689,-23.760498602398773,0.0]}},{"type":"Feature","properties":{"fonte":"Nascentes das APPs da RMSP","codigo":null,"status":0,"curso_agua":null,"manancial":"Billings"},"geometry":{"type":"Point","coordinates":[-46.31632691775799,-23.77596466356663,0.0]}},{"type":"Feature","properties":{"fonte":"Nascentes das APPs da RMSP","codigo":null,"status":0,"curso_agua":null,"manancial":"Billings"},"geometry":{"type":"Point","coordinates":[-46.319888799282005,-23.775551760922234,0.0]}},{"type":"Feature","properties":{"fonte":"Nascentes das APPs da RMSP","codigo":null,"status":0,"curso_agua":null,"manancial":"Billings"},"geometry":{"type":"Point","coordinates":[-46.32241604671151,-23.77306564437674,0.0]}},{"type":"Feature","properties":{"fonte":"Nascentes das APPs da RMSP","codigo":null,"status":0,"curso_agua":null,"manancial":"Billings"},"geometry":{"type":"Point","coordinates":[-46.29710102089105,-23.772544097337143,0.0]}},{"type":"Feature","properties":{"fonte":"Nascentes das APPs da RMSP","codigo":null,"status":0,"curso_agua":null,"manancial":"Billings"},"geometry":{"type":"Point","coordinates":[-46.30683991190255,-23.771384110290494,0.0]}},{"type":"Feature","properties":{"fonte":"Nascentes das APPs da RMSP","codigo":null,"status":0,"curso_agua":null,"manancial":"Billings"},"geometry":{"type":"Point","coordinates":[-46.30574367957775,-23.769463487619863,0.0]}},{"type":"Feature","properties":{"fonte":"Nascentes das APPs da RMSP","codigo":null,"status":0,"curso_agua":null,"manancial":"Billings"},"geometry":{"type":"Point","coordinates":[-46.30176162381548,-23.76808198141977,0.0]}},{"type":"Feature","properties":{"fonte":"Nascentes das APPs da RMSP","codigo":null,"status":0,"curso_agua":null,"manancial":"Billings"},"geometry":{"type":"Point","coordinates":[-46.29714756074605,-23.766601449720373,0.0]}},{"type":"Feature","properties":{"fonte":"Nascentes das APPs da RMSP","codigo":null,"status":0,"curso_agua":null,"manancial":"Billings"},"geometry":{"type":"Point","coordinates":[-46.29636996862184,-23.76455866599511,0.0]}},{"type":"Feature","properties":{"fonte":"Nascentes das APPs da RMSP","codigo":null,"status":0,"curso_agua":null,"manancial":"Billings"},"geometry":{"type":"Point","coordinates":[-46.324902277139124,-23.764355671990877,0.0]}},{"type":"Feature","properties":{"fonte":"Nascentes das APPs da RMSP","codigo":null,"status":0,"curso_agua":null,"manancial":"Billings"},"geometry":{"type":"Point","coordinates":[-46.28472649840557,-23.773947624081774,0.0]}},{"type":"Feature","properties":{"fonte":"Nascentes das APPs da RMSP","codigo":null,"status":0,"curso_agua":null,"manancial":null},"geometry":{"type":"Point","coordinates":[-46.275558160600255,-23.773786361641648,0.0]}},{"type":"Feature","properties":{"fonte":"Nascentes das APPs da RMSP","codigo":null,"status":0,"curso_agua":null,"manancial":null},"geometry":{"type":"Point","coordinates":[-46.26341146502204,-23.77371913608567,0.0]}},{"type":"Feature","properties":{"fonte":"Nascentes das APPs da RMSP","codigo":null,"status":0,"curso_agua":null,"manancial":null},"geometry":{"type":"Point","coordinates":[-46.27479367036257,-23.77182494760302,0.0]}},{"type":"Feature","properties":{"fonte":"Nascentes das APPs da RMSP","codigo":null,"status":0,"curso_agua":null,"manancial":"Billings"},"geometry":{"type":"Point","coordinates":[-46.279330616306176,-23.769674020233964,0.0]}},{"type":"Feature","properties":{"fonte":"Nascentes das APPs da RMSP","codigo":null,"status":0,"curso_agua":null,"manancial":null},"geometry":{"type":"Point","coordinates":[-46.27399916266538,-23.768607593053307,0.0]}},{"type":"Feature","properties":{"fonte":"Nascentes das APPs da RMSP","codigo":null,"status":0,"curso_agua":null,"manancial":null},"geometry":{"type":"Point","coordinates":[-46.27413068100505,-23.767110042896544,0.0]}},{"type":"Feature","properties":{"fonte":"Nascentes das APPs da RMSP","codigo":null,"status":0,"curso_agua":null,"manancial":"Alto Tietn Cabeceiras"},"geometry":{"type":"Point","coordinates":[-46.26658601070301,-23.766790223700813,0.0]}},{"type":"Feature","properties":{"fonte":"Nascentes das APPs da RMSP","codigo":"0102034","status":0,"curso_agua":null,"manancial":"Alto Tietn Cabeceiras"},"geometry":{"type":"Point","coordinates":[-46.28195622203952,-23.765997560426847,0.0]}},{"type":"Feature","properties":{"fonte":"Nascentes das APPs da RMSP","codigo":null,"status":0,"curso_agua":null,"manancial":"Alto Tietn Cabeceiras"},"geometry":{"type":"Point","coordinates":[-46.269235481247,-23.76460422226765,0.0]}},{"type":"Feature","properties":{"fonte":"Nascentes das APPs da RMSP","codigo":null,"status":0,"curso_agua":null,"manancial":null},"geometry":{"type":"Point","coordinates":[-46.34403562936239,-23.774365262372648,0.0]}},{"type":"Feature","properties":{"fonte":"Nascentes das APPs da RMSP","codigo":"01020430610","status":0,"curso_agua":null,"manancial":"Billings"},"geometry":{"type":"Point","coordinates":[-46.35506950603499,-23.77278601049246,0.0]}},{"type":"Feature","properties":{"fonte":"Nascentes das APPs da RMSP","codigo":null,"status":0,"curso_agua":null,"manancial":null},"geometry":{"type":"Point","coordinates":[-46.34690790597371,-23.772696236182025,0.0]}},{"type":"Feature","properties":{"fonte":"Nascentes das APPs da RMSP","codigo":null,"status":0,"curso_agua":null,"manancial":"Billings"},"geometry":{"type":"Point","coordinates":[-46.343037137102485,-23.771262985118916,0.0]}},{"type":"Feature","properties":{"fonte":"Nascentes das APPs da RMSP","codigo":null,"status":0,"curso_agua":null,"manancial":"Billings"},"geometry":{"type":"Point","coordinates":[-46.35791324335618,-23.766392509498626,0.0]}},{"type":"Feature","properties":{"fonte":"Nascentes das APPs da RMSP","codigo":null,"status":0,"curso_agua":null,"manancial":"Billings"},"geometry":{"type":"Point","coordinates":[-46.35850094933836,-23.764964134750798,0.0]}},{"type":"Feature","properties":{"fonte":"Nascentes das APPs da RMSP","codigo":null,"status":0,"curso_agua":null,"manancial":"Billings"},"geometry":{"type":"Point","coordinates":[-46.34583765194009,-23.76460722149104,0.0]}},{"type":"Feature","properties":{"fonte":"Nascentes das APPs da RMSP","codigo":null,"status":0,"curso_agua":null,"manancial":"Billings"},"geometry":{"type":"Point","coordinates":[-46.3443955871495,-23.76327844733773,0.0]}},{"type":"Feature","properties":{"fonte":"Nascentes das APPs da RMSP","codigo":null,"status":0,"curso_agua":null,"manancial":"Billings"},"geometry":{"type":"Point","coordinates":[-46.32642040007876,-23.76318371786394,0.0]}},{"type":"Feature","properties":{"fonte":"Nascentes das APPs da RMSP","codigo":null,"status":0,"curso_agua":null,"manancial":"Billings"},"geometry":{"type":"Point","coordinates":[-46.34681056575986,-23.761774921503537,0.0]}},{"type":"Feature","properties":{"fonte":"Nascentes das APPs da RMSP","codigo":null,"status":0,"curso_agua":null,"manancial":null},"geometry":{"type":"Point","coordinates":[-46.24059296993752,-23.775128860877363,0.0]}},{"type":"Feature","properties":{"fonte":"Nascentes das APPs da RMSP","codigo":null,"status":0,"curso_agua":null,"manancial":null},"geometry":{"type":"Point","coordinates":[-46.25000116230806,-23.77410320331058,0.0]}},{"type":"Feature","properties":{"fonte":"Nascentes das APPs da RMSP","codigo":null,"status":0,"curso_agua":null,"manancial":null},"geometry":{"type":"Point","coordinates":[-46.25000098370323,-23.77005671615755,0.0]}},{"type":"Feature","properties":{"fonte":"Nascentes das APPs da RMSP","codigo":"11","status":0,"curso_agua":null,"manancial":null},"geometry":{"type":"Point","coordinates":[-46.26111301355608,-23.7685120024753,0.0]}},{"type":"Feature","properties":{"fonte":"Nascentes das APPs da RMSP","codigo":null,"status":0,"curso_agua":null,"manancial":null},"geometry":{"type":"Point","coordinates":[-46.25000134357173,-23.767970272232876,0.0]}},{"type":"Feature","properties":{"fonte":"Nascentes das APPs da RMSP","codigo":null,"status":0,"curso_agua":null,"manancial":"Alto Tietn Cabeceiras"},"geometry":{"type":"Point","coordinates":[-46.26042234737149,-23.766136000422105,0.0]}},{"type":"Feature","properties":{"fonte":"Nascentes das APPs da RMSP","codigo":null,"status":0,"curso_agua":null,"manancial":null},"geometry":{"type":"Point","coordinates":[-46.25608225357705,-23.76432391887173,0.0]}},{"type":"Feature","properties":{"fonte":"Nascentes das APPs da RMSP","codigo":null,"status":0,"curso_agua":null,"manancial":"Alto Tietn Cabeceiras"},"geometry":{"type":"Point","coordinates":[-46.255249088786464,-23.761963986593244,0.0]}},{"type":"Feature","properties":{"fonte":"Nascentes das APPs da RMSP","codigo":null,"status":0,"curso_agua":null,"manancial":null},"geometry":{"type":"Point","coordinates":[-46.25458077145195,-23.75976894881191,0.0]}},{"type":"Feature","properties":{"fonte":"Nascentes das APPs da RMSP","codigo":null,"status":0,"curso_agua":null,"manancial":"Alto Tietn Cabeceiras"},"geometry":{"type":"Point","coordinates":[-46.25465767895828,-23.759038395450197,0.0]}},{"type":"Feature","properties":{"fonte":"Nascentes das APPs da RMSP","codigo":null,"status":0,"curso_agua":null,"manancial":"Alto Tietn Cabeceiras"},"geometry":{"type":"Point","coordinates":[-46.27299615345313,-23.76436673019045,0.0]}},{"type":"Feature","properties":{"fonte":"Nascentes das APPs da RMSP","codigo":null,"status":0,"curso_agua":null,"manancial":"Billings"},"geometry":{"type":"Point","coordinates":[-46.293514636879486,-23.76338189110604,0.0]}},{"type":"Feature","properties":{"fonte":"Nascentes das APPs da RMSP","codigo":null,"status":0,"curso_agua":null,"manancial":"Alto Tietn Cabeceiras"},"geometry":{"type":"Point","coordinates":[-46.283246186824094,-23.762447413781008,0.0]}},{"type":"Feature","properties":{"fonte":"Nascentes das APPs da RMSP","codigo":null,"status":0,"curso_agua":null,"manancial":"Billings"},"geometry":{"type":"Point","coordinates":[-46.285527591297985,-23.762081031117408,0.0]}},{"type":"Feature","properties":{"fonte":"Nascentes das APPs da RMSP","codigo":null,"status":0,"curso_agua":null,"manancial":"Billings"},"geometry":{"type":"Point","coordinates":[-46.29105072265832,-23.762047756601145,0.0]}},{"type":"Feature","properties":{"fonte":"Nascentes das APPs da RMSP","codigo":null,"status":0,"curso_agua":null,"manancial":"Billings"},"geometry":{"type":"Point","coordinates":[-46.28846873179495,-23.76012492593222,0.0]}},{"type":"Feature","properties":{"fonte":"Nascentes das APPs da RMSP","codigo":null,"status":0,"curso_agua":null,"manancial":"Alto Tietn Cabeceiras"},"geometry":{"type":"Point","coordinates":[-46.268283526984106,-23.759948535075445,0.0]}},{"type":"Feature","properties":{"fonte":"Nascentes das APPs da RMSP","codigo":null,"status":0,"curso_agua":null,"manancial":"Billings"},"geometry":{"type":"Point","coordinates":[-46.28573074104628,-23.758678637368067,0.0]}},{"type":"Feature","properties":{"fonte":"Nascentes das APPs da RMSP","codigo":null,"status":0,"curso_agua":null,"manancial":"Alto Tietn Cabeceiras"},"geometry":{"type":"Point","coordinates":[-46.283771014398035,-23.75788419992408,0.0]}},{"type":"Feature","properties":{"fonte":"Nascentes das APPs da RMSP","codigo":null,"status":0,"curso_agua":null,"manancial":"Alto Tietn Cabeceiras"},"geometry":{"type":"Point","coordinates":[-46.27143311120083,-23.757327160054686,0.0]}},{"type":"Feature","properties":{"fonte":"Nascentes das APPs da RMSP","codigo":null,"status":0,"curso_agua":null,"manancial":"Billings"},"geometry":{"type":"Point","coordinates":[-46.30942608335916,-23.763082151817258,0.0]}},{"type":"Feature","properties":{"fonte":"Nascentes das APPs da RMSP","codigo":null,"status":0,"curso_agua":null,"manancial":"Billings"},"geometry":{"type":"Point","coordinates":[-46.32549807542645,-23.762475863678436,0.0]}},{"type":"Feature","properties":{"fonte":"Nascentes das APPs da RMSP","codigo":null,"status":0,"curso_agua":null,"manancial":"Billings"},"geometry":{"type":"Point","coordinates":[-46.31906007230429,-23.762416752001492,0.0]}},{"type":"Feature","properties":{"fonte":"Nascentes das APPs da RMSP","codigo":null,"status":0,"curso_agua":null,"manancial":"Billings"},"geometry":{"type":"Point","coordinates":[-46.31855265474025,-23.761461563688147,0.0]}},{"type":"Feature","properties":{"fonte":"Nascentes das APPs da RMSP","codigo":null,"status":0,"curso_agua":null,"manancial":"Billings"},"geometry":{"type":"Point","coordinates":[-46.317095128937694,-23.76139684544342,0.0]}},{"type":"Feature","properties":{"fonte":"Nascentes das APPs da RMSP","codigo":null,"status":0,"curso_agua":null,"manancial":"Billings"},"geometry":{"type":"Point","coordinates":[-46.30978092742518,-23.761172054644664,0.0]}},{"type":"Feature","properties":{"fonte":"Nascentes das APPs da RMSP","codigo":null,"status":0,"curso_agua":null,"manancial":"Billings"},"geometry":{"type":"Point","coordinates":[-46.315337003893006,-23.759946145647174,0.0]}},{"type":"Feature","properties":{"fonte":"Nascentes das APPs da RMSP","codigo":null,"status":0,"curso_agua":null,"manancial":"Billings"},"geometry":{"type":"Point","coordinates":[-46.309233356052395,-23.75977371541955,0.0]}},{"type":"Feature","properties":{"fonte":"Nascentes das APPs da RMSP","codigo":null,"status":0,"curso_agua":null,"manancial":"Billings"},"geometry":{"type":"Point","coordinates":[-46.31115293324778,-23.759745369388394,0.0]}},{"type":"Feature","properties":{"fonte":"Nascentes das APPs da RMSP","codigo":null,"status":0,"curso_agua":null,"manancial":"Billings"},"geometry":{"type":"Point","coordinates":[-46.30728283160244,-23.757778354533837,0.0]}},{"type":"Feature","properties":{"fonte":"Nascentes das APPs da RMSP","codigo":null,"status":0,"curso_agua":null,"manancial":"Billings"},"geometry":{"type":"Point","coordinates":[-46.35727423124247,-23.761651187649566,0.0]}},{"type":"Feature","properties":{"fonte":"Nascentes das APPs da RMSP","codigo":null,"status":0,"curso_agua":null,"manancial":"Billings"},"geometry":{"type":"Point","coordinates":[-46.354553851485115,-23.75339592499311,0.0]}},{"type":"Feature","properties":{"fonte":"Nascentes das APPs da RMSP","codigo":null,"status":0,"curso_agua":null,"manancial":"Billings"},"geometry":{"type":"Point","coordinates":[-46.34026178984524,-23.753134483892648,0.0]}},{"type":"Feature","properties":{"fonte":"Nascentes das APPs da RMSP","codigo":null,"status":0,"curso_agua":null,"manancial":"Billings"},"geometry":{"type":"Point","coordinates":[-46.33854295450255,-23.752100035843316,0.0]}},{"type":"Feature","properties":{"fonte":"Nascentes das APPs da RMSP","codigo":null,"status":0,"curso_agua":null,"manancial":"Billings"},"geometry":{"type":"Point","coordinates":[-46.3536480655934,-23.752092363598724,0.0]}},{"type":"Feature","properties":{"fonte":"Nascentes das APPs da RMSP","codigo":null,"status":0,"curso_agua":null,"manancial":"Billings"},"geometry":{"type":"Point","coordinates":[-46.32816966133564,-23.751591504843756,0.0]}},{"type":"Feature","properties":{"fonte":"Nascentes das APPs da RMSP","codigo":null,"status":0,"curso_agua":null,"manancial":"Billings"},"geometry":{"type":"Point","coordinates":[-46.34891234389706,-23.75121688780164,0.0]}},{"type":"Feature","properties":{"fonte":"Nascentes das APPs da RMSP","codigo":null,"status":0,"curso_agua":null,"manancial":"Billings"},"geometry":{"type":"Point","coordinates":[-46.35147417273776,-23.750618498443703,0.0]}},{"type":"Feature","properties":{"fonte":"Nascentes das APPs da RMSP","codigo":null,"status":0,"curso_agua":null,"manancial":"Billings"},"geometry":{"type":"Point","coordinates":[-46.350420796210685,-23.74950259901159,0.0]}},{"type":"Feature","properties":{"fonte":"Nascentes das APPs da RMSP","codigo":null,"status":0,"curso_agua":null,"manancial":"Billings"},"geometry":{"type":"Point","coordinates":[-46.33721014694919,-23.749490013930178,0.0]}},{"type":"Feature","properties":{"fonte":"Nascentes das APPs da RMSP","codigo":null,"status":0,"curso_agua":null,"manancial":"Billings"},"geometry":{"type":"Point","coordinates":[-46.3088532495246,-23.757682102087323,0.0]}},{"type":"Feature","properties":{"fonte":"Nascentes das APPs da RMSP","codigo":null,"status":0,"curso_agua":null,"manancial":"Billings"},"geometry":{"type":"Point","coordinates":[-46.31021059134104,-23.756173934728853,0.0]}},{"type":"Feature","properties":{"fonte":"Nascentes das APPs da RMSP","codigo":null,"status":0,"curso_agua":null,"manancial":"Billings"},"geometry":{"type":"Point","coordinates":[-46.29882516943649,-23.75565893610749,0.0]}},{"type":"Feature","properties":{"fonte":"Nascentes das APPs da RMSP","codigo":null,"status":0,"curso_agua":null,"manancial":"Billings"},"geometry":{"type":"Point","coordinates":[-46.32090035592329,-23.75518849477964,0.0]}},{"type":"Feature","properties":{"fonte":"Nascentes das APPs da RMSP","codigo":null,"status":0,"curso_agua":null,"manancial":"Billings"},"geometry":{"type":"Point","coordinates":[-46.30578149948163,-23.754497460348972,0.0]}},{"type":"Feature","properties":{"fonte":"Nascentes das APPs da RMSP","codigo":null,"status":0,"curso_agua":null,"manancial":"Billings"},"geometry":{"type":"Point","coordinates":[-46.315916603181,-23.754489379520866,0.0]}},{"type":"Feature","properties":{"fonte":"Nascentes das APPs da RMSP","codigo":null,"status":0,"curso_agua":null,"manancial":"Billings"},"geometry":{"type":"Point","coordinates":[-46.30001371581879,-23.754356308443935,0.0]}},{"type":"Feature","properties":{"fonte":"Nascentes das APPs da RMSP","codigo":null,"status":0,"curso_agua":null,"manancial":"Billings"},"geometry":{"type":"Point","coordinates":[-46.31542185325712,-23.75262204388914,0.0]}},{"type":"Feature","properties":{"fonte":"Nascentes das APPs da RMSP","codigo":null,"status":0,"curso_agua":null,"manancial":"Billings"},"geometry":{"type":"Point","coordinates":[-46.313857044612455,-23.752212627699738,0.0]}},{"type":"Feature","properties":{"fonte":"Nascentes das APPs da RMSP","codigo":null,"status":0,"curso_agua":null,"manancial":"Billings"},"geometry":{"type":"Point","coordinates":[-46.29856839180156,-23.751654118291956,0.0]}},{"type":"Feature","properties":{"fonte":"Nascentes das APPs da RMSP","codigo":null,"status":0,"curso_agua":null,"manancial":"Alto Tietn Cabeceiras"},"geometry":{"type":"Point","coordinates":[-46.26789200382,-23.757007626402906,0.0]}},{"type":"Feature","properties":{"fonte":"Nascentes das APPs da RMSP","codigo":null,"status":0,"curso_agua":null,"manancial":"Alto Tietn Cabeceiras"},"geometry":{"type":"Point","coordinates":[-46.272795563812856,-23.754428396542572,0.0]}},{"type":"Feature","properties":{"fonte":"Nascentes das APPs da RMSP","codigo":null,"status":0,"curso_agua":null,"manancial":"Alto Tietn Cabeceiras"},"geometry":{"type":"Point","coordinates":[-46.28488260278686,-23.75416897037286,0.0]}},{"type":"Feature","properties":{"fonte":"Nascentes das APPs da RMSP","codigo":null,"status":0,"curso_agua":null,"manancial":"Alto Tietn Cabeceiras"},"geometry":{"type":"Point","coordinates":[-46.266138083363664,-23.75385836941034,0.0]}},{"type":"Feature","properties":{"fonte":"Nascentes das APPs da RMSP","codigo":null,"status":0,"curso_agua":null,"manancial":"Alto Tietn Cabeceiras"},"geometry":{"type":"Point","coordinates":[-46.28882907339146,-23.752768436582986,0.0]}},{"type":"Feature","properties":{"fonte":"Nascentes das APPs da RMSP","codigo":null,"status":0,"curso_agua":null,"manancial":"Alto Tietn Cabeceiras"},"geometry":{"type":"Point","coordinates":[-46.279957964313894,-23.752593377905512,0.0]}},{"type":"Feature","properties":{"fonte":"Nascentes das APPs da RMSP","codigo":null,"status":0,"curso_agua":null,"manancial":"Alto Tietn Cabeceiras"},"geometry":{"type":"Point","coordinates":[-46.29101718781407,-23.751822687272252,0.0]}},{"type":"Feature","properties":{"fonte":"Nascentes das APPs da RMSP","codigo":null,"status":0,"curso_agua":null,"manancial":"Alto Tietn Cabeceiras"},"geometry":{"type":"Point","coordinates":[-46.278753799357816,-23.750174342055576,0.0]}},{"type":"Feature","properties":{"fonte":"Nascentes das APPs da RMSP","codigo":null,"status":0,"curso_agua":null,"manancial":"Billings"},"geometry":{"type":"Point","coordinates":[-46.294301946895786,-23.749220812435418,0.0]}},{"type":"Feature","properties":{"fonte":"Nascentes das APPs da RMSP","codigo":null,"status":0,"curso_agua":null,"manancial":"Alto Tietn Cabeceiras"},"geometry":{"type":"Point","coordinates":[-46.27565802637358,-23.749138471440702,0.0]}},{"type":"Feature","properties":{"fonte":"Nascentes das APPs da RMSP","codigo":null,"status":0,"curso_agua":null,"manancial":"Billings"},"geometry":{"type":"Point","coordinates":[-46.29981378397865,-23.75097548717797,0.0]}},{"type":"Feature","properties":{"fonte":"Nascentes das APPs da RMSP","codigo":null,"status":0,"curso_agua":null,"manancial":"Billings"},"geometry":{"type":"Point","coordinates":[-46.29696027030812,-23.749545881583153,0.0]}},{"type":"Feature","properties":{"fonte":"Nascentes das APPs da RMSP","codigo":null,"status":0,"curso_agua":null,"manancial":"Alto Tietn Cabeceiras"},"geometry":{"type":"Point","coordinates":[-46.30227261003415,-23.749545505908902,0.0]}},{"type":"Feature","properties":{"fonte":"Nascentes das APPs da RMSP","codigo":null,"status":0,"curso_agua":null,"manancial":"Billings"},"geometry":{"type":"Point","coordinates":[-46.32540189775876,-23.74890801797716,0.0]}},{"type":"Feature","properties":{"fonte":"Nascentes das APPs da RMSP","codigo":null,"status":0,"curso_agua":null,"manancial":"Billings"},"geometry":{"type":"Point","coordinates":[-46.306918031258775,-23.748406927780742,0.0]}},{"type":"Feature","properties":{"fonte":"Nascentes das APPs da RMSP","codigo":null,"status":0,"curso_agua":null,"manancial":"Alto Tietn Cabeceiras"},"geometry":{"type":"Point","coordinates":[-46.29632420366331,-23.747866243217516,0.0]}},{"type":"Feature","properties":{"fonte":"Nascentes das APPs da RMSP","codigo":null,"status":0,"curso_agua":null,"manancial":"Billings"},"geometry":{"type":"Point","coordinates":[-46.3131411543636,-23.74774101216183,0.0]}},{"type":"Feature","properties":{"fonte":"Nascentes das APPs da RMSP","codigo":null,"status":0,"curso_agua":null,"manancial":"Billings"},"geometry":{"type":"Point","coordinates":[-46.31077613212203,-23.747483382233177,0.0]}},{"type":"Feature","properties":{"fonte":"Nascentes das APPs da RMSP","codigo":null,"status":0,"curso_agua":null,"manancial":"Alto Tietn Cabeceiras"},"geometry":{"type":"Point","coordinates":[-46.30789285537858,-23.746920666439888,0.0]}},{"type":"Feature","properties":{"fonte":"Nascentes das APPs da RMSP","codigo":null,"status":0,"curso_agua":null,"manancial":"Billings"},"geometry":{"type":"Point","coordinates":[-46.312888361003814,-23.746590511382532,0.0]}},{"type":"Feature","properties":{"fonte":"Nascentes das APPs da RMSP","codigo":null,"status":0,"curso_agua":null,"manancial":"Alto Tietn Cabeceiras"},"geometry":{"type":"Point","coordinates":[-46.2512460849037,-23.757248023534228,0.0]}},{"type":"Feature","properties":{"fonte":"Nascentes das APPs da RMSP","codigo":null,"status":0,"curso_agua":null,"manancial":"Alto Tietn Cabeceiras"},"geometry":{"type":"Point","coordinates":[-46.2500010299342,-23.753455252108196,0.0]}},{"type":"Feature","properties":{"fonte":"Nascentes das APPs da RMSP","codigo":null,"status":0,"curso_agua":null,"manancial":"Alto Tietn Cabeceiras"},"geometry":{"type":"Point","coordinates":[-46.251945657603606,-23.746924584264658,0.0]}},{"type":"Feature","properties":{"fonte":"Nascentes das APPs da RMSP","codigo":null,"status":0,"curso_agua":null,"manancial":null},"geometry":{"type":"Point","coordinates":[-46.24626773133158,-23.74687907806596,0.0]}},{"type":"Feature","properties":{"fonte":"Nascentes das APPs da RMSP","codigo":null,"status":0,"curso_agua":null,"manancial":"Alto Tietn Cabeceiras"},"geometry":{"type":"Point","coordinates":[-46.245918647439794,-23.74473611960245,0.0]}},{"type":"Feature","properties":{"fonte":"Nascentes das APPs da RMSP","codigo":null,"status":0,"curso_agua":null,"manancial":"Alto Tietn Cabeceiras"},"geometry":{"type":"Point","coordinates":[-46.26049919132005,-23.74258058472504,0.0]}},{"type":"Feature","properties":{"fonte":"Nascentes das APPs da RMSP","codigo":null,"status":0,"curso_agua":null,"manancial":"Alto Tietn Cabeceiras"},"geometry":{"type":"Point","coordinates":[-46.255894924150475,-23.742047423873807,0.0]}},{"type":"Feature","properties":{"fonte":"Nascentes das APPs da RMSP","codigo":null,"status":0,"curso_agua":null,"manancial":null},"geometry":{"type":"Point","coordinates":[-46.2429939142476,-23.74137977083164,0.0]}},{"type":"Feature","properties":{"fonte":"Nascentes das APPs da RMSP","codigo":"010203407","status":0,"curso_agua":null,"manancial":"Alto Tietn Cabeceiras"},"geometry":{"type":"Point","coordinates":[-46.24407552537611,-23.74064000003939,0.0]}},{"type":"Feature","properties":{"fonte":"Nascentes das APPs da RMSP","codigo":null,"status":0,"curso_agua":null,"manancial":"Alto Tietn Cabeceiras"},"geometry":{"type":"Point","coordinates":[-46.248218144071046,-23.73977665496522,0.0]}},{"type":"Feature","properties":{"fonte":"Nascentes das APPs da RMSP","codigo":null,"status":0,"curso_agua":null,"manancial":"Alto Tietn Cabeceiras"},"geometry":{"type":"Point","coordinates":[-46.27706722517367,-23.748082850951317,0.0]}},{"type":"Feature","properties":{"fonte":"Nascentes das APPs da RMSP","codigo":null,"status":0,"curso_agua":null,"manancial":"Alto Tietn Cabeceiras"},"geometry":{"type":"Point","coordinates":[-46.29465074977236,-23.747699039611067,0.0]}},{"type":"Feature","properties":{"fonte":"Nascentes das APPs da RMSP","codigo":null,"status":0,"curso_agua":null,"manancial":"Alto Tietn Cabeceiras"},"geometry":{"type":"Point","coordinates":[-46.27367413381986,-23.745489315224955,0.0]}},{"type":"Feature","properties":{"fonte":"Nascentes das APPs da RMSP","codigo":null,"status":0,"curso_agua":null,"manancial":"Alto Tietn Cabeceiras"},"geometry":{"type":"Point","coordinates":[-46.29247002941943,-23.7453571781848,0.0]}},{"type":"Feature","properties":{"fonte":"Nascentes das APPs da RMSP","codigo":null,"status":0,"curso_agua":null,"manancial":"Alto Tietn Cabeceiras"},"geometry":{"type":"Point","coordinates":[-46.28955749354403,-23.744829867159687,0.0]}},{"type":"Feature","properties":{"fonte":"Nascentes das APPs da RMSP","codigo":null,"status":0,"curso_agua":null,"manancial":"Alto Tietn Cabeceiras"},"geometry":{"type":"Point","coordinates":[-46.27225332769019,-23.743771732005,0.0]}},{"type":"Feature","properties":{"fonte":"Nascentes das APPs da RMSP","codigo":null,"status":0,"curso_agua":null,"manancial":"Alto Tietn Cabeceiras"},"geometry":{"type":"Point","coordinates":[-46.29015169824592,-23.743455953043796,0.0]}},{"type":"Feature","properties":{"fonte":"Nascentes das APPs da RMSP","codigo":null,"status":0,"curso_agua":null,"manancial":"Alto Tietn Cabeceiras"},"geometry":{"type":"Point","coordinates":[-46.27389812541332,-23.742900055724448,0.0]}},{"type":"Feature","properties":{"fonte":"Nascentes das APPs da RMSP","codigo":null,"status":0,"curso_agua":null,"manancial":"Alto Tietn Cabeceiras"},"geometry":{"type":"Point","coordinates":[-46.29080440669795,-23.741568032440895,0.0]}},{"type":"Feature","properties":{"fonte":"Nascentes das APPs da RMSP","codigo":null,"status":0,"curso_agua":null,"manancial":"Alto Tietn Cabeceiras"},"geometry":{"type":"Point","coordinates":[-46.28409659636987,-23.741341274560842,0.0]}},{"type":"Feature","properties":{"fonte":"Nascentes das APPs da RMSP","codigo":null,"status":0,"curso_agua":null,"manancial":"Alto Tietn Cabeceiras"},"geometry":{"type":"Point","coordinates":[-46.31079520614488,-23.74624621472251,0.0]}},{"type":"Feature","properties":{"fonte":"Nascentes das APPs da RMSP","codigo":null,"status":0,"curso_agua":null,"manancial":"Billings"},"geometry":{"type":"Point","coordinates":[-46.32254045927083,-23.745482621626767,0.0]}},{"type":"Feature","properties":{"fonte":"Nascentes das APPs da RMSP","codigo":null,"status":0,"curso_agua":null,"manancial":"Billings"},"geometry":{"type":"Point","coordinates":[-46.32545926513245,-23.745350066786035,0.0]}},{"type":"Feature","properties":{"fonte":"Nascentes das APPs da RMSP","codigo":null,"status":0,"curso_agua":null,"manancial":"Billings"},"geometry":{"type":"Point","coordinates":[-46.32417151048712,-23.74518832422243,0.0]}},{"type":"Feature","properties":{"fonte":"Nascentes das APPs da RMSP","codigo":null,"status":0,"curso_agua":null,"manancial":"Alto Tietn Cabeceiras"},"geometry":{"type":"Point","coordinates":[-46.29665462952803,-23.74503457581884,0.0]}},{"type":"Feature","properties":{"fonte":"Nascentes das APPs da RMSP","codigo":null,"status":0,"curso_agua":null,"manancial":"Billings"},"geometry":{"type":"Point","coordinates":[-46.31658285397082,-23.744996237921864,0.0]}},{"type":"Feature","properties":{"fonte":"Nascentes das APPs da RMSP","codigo":null,"status":0,"curso_agua":null,"manancial":"Alto Tietn Cabeceiras"},"geometry":{"type":"Point","coordinates":[-46.32135398351288,-23.74492474729879,0.0]}},{"type":"Feature","properties":{"fonte":"Nascentes das APPs da RMSP","codigo":"010203403","status":0,"curso_agua":null,"manancial":"Alto Tietn Cabeceiras"},"geometry":{"type":"Point","coordinates":[-46.32069007067127,-23.744057782653908,0.0]}},{"type":"Feature","properties":{"fonte":"Nascentes das APPs da RMSP","codigo":null,"status":0,"curso_agua":null,"manancial":"Alto Tietn Cabeceiras"},"geometry":{"type":"Point","coordinates":[-46.29942906359638,-23.743383057729584,0.0]}},{"type":"Feature","properties":{"fonte":"Nascentes das APPs da RMSP","codigo":null,"status":0,"curso_agua":null,"manancial":"Alto Tietn Cabeceiras"},"geometry":{"type":"Point","coordinates":[-46.298660332413625,-23.7420990949687,0.0]}},{"type":"Feature","properties":{"fonte":"Nascentes das APPs da RMSP","codigo":null,"status":0,"curso_agua":null,"manancial":"Billings"},"geometry":{"type":"Point","coordinates":[-46.338882916409005,-23.74505026832531,0.0]}},{"type":"Feature","properties":{"fonte":"Nascentes das APPs da RMSP","codigo":null,"status":0,"curso_agua":null,"manancial":"Billings"},"geometry":{"type":"Point","coordinates":[-46.33530028325787,-23.7445780975907,0.0]}},{"type":"Feature","properties":{"fonte":"Nascentes das APPs da RMSP","codigo":null,"status":0,"curso_agua":null,"manancial":"Billings"},"geometry":{"type":"Point","coordinates":[-46.337563933233994,-23.743479180780923,0.0]}},{"type":"Feature","properties":{"fonte":"Nascentes das APPs da RMSP","codigo":null,"status":0,"curso_agua":null,"manancial":"Billings"},"geometry":{"type":"Point","coordinates":[-46.33596646378134,-23.742807604168068,0.0]}},{"type":"Feature","properties":{"fonte":"Nascentes das APPs da RMSP","codigo":null,"status":0,"curso_agua":null,"manancial":"Billings"},"geometry":{"type":"Point","coordinates":[-46.34546469291358,-23.74217502100146,0.0]}},{"type":"Feature","properties":{"fonte":"Nascentes das APPs da RMSP","codigo":null,"status":0,"curso_agua":null,"manancial":"Billings"},"geometry":{"type":"Point","coordinates":[-46.33345699083068,-23.741329020338934,0.0]}},{"type":"Feature","properties":{"fonte":"Nascentes das APPs da RMSP","codigo":null,"status":0,"curso_agua":null,"manancial":"Billings"},"geometry":{"type":"Point","coordinates":[-46.33513126268351,-23.741089383020384,0.0]}},{"type":"Feature","properties":{"fonte":"Nascentes das APPs da RMSP","codigo":null,"status":0,"curso_agua":null,"manancial":"Billings"},"geometry":{"type":"Point","coordinates":[-46.354054660946744,-23.740436948991615,0.0]}},{"type":"Feature","properties":{"fonte":"Nascentes das APPs da RMSP","codigo":null,"status":0,"curso_agua":null,"manancial":"Billings"},"geometry":{"type":"Point","coordinates":[-46.34504099929715,-23.73730998611823,0.0]}},{"type":"Feature","properties":{"fonte":"Nascentes das APPs da RMSP","codigo":null,"status":0,"curso_agua":null,"manancial":"Billings"},"geometry":{"type":"Point","coordinates":[-46.344021245057846,-23.736013834991454,0.0]}},{"type":"Feature","properties":{"fonte":"Nascentes das APPs da RMSP","codigo":null,"status":0,"curso_agua":null,"manancial":"Alto Tietn Cabeceiras"},"geometry":{"type":"Point","coordinates":[-46.304291677114435,-23.7415339392201,0.0]}},{"type":"Feature","properties":{"fonte":"Nascentes das APPs da RMSP","codigo":null,"status":0,"curso_agua":null,"manancial":"Alto Tietn Cabeceiras"},"geometry":{"type":"Point","coordinates":[-46.30329848159716,-23.740400471359234,0.0]}},{"type":"Feature","properties":{"fonte":"Nascentes das APPs da RMSP","codigo":null,"status":0,"curso_agua":null,"manancial":"Alto Tietn Cabeceiras"},"geometry":{"type":"Point","coordinates":[-46.31579425491879,-23.737913300190137,0.0]}},{"type":"Feature","properties":{"fonte":"Nascentes das APPs da RMSP","codigo":null,"status":0,"curso_agua":null,"manancial":"Alto Tietn Cabeceiras"},"geometry":{"type":"Point","coordinates":[-46.3050023124205,-23.737731844661184,0.0]}},{"type":"Feature","properties":{"fonte":"Nascentes das APPs da RMSP","codigo":null,"status":0,"curso_agua":null,"manancial":"Billings"},"geometry":{"type":"Point","coordinates":[-46.323609625490754,-23.737467124177698,0.0]}},{"type":"Feature","properties":{"fonte":"Nascentes das APPs da RMSP","codigo":null,"status":0,"curso_agua":null,"manancial":"Billings"},"geometry":{"type":"Point","coordinates":[-46.3260801272632,-23.73732855879061,0.0]}},{"type":"Feature","properties":{"fonte":"Nascentes das APPs da RMSP","codigo":null,"status":0,"curso_agua":null,"manancial":"Alto Tietn Cabeceiras"},"geometry":{"type":"Point","coordinates":[-46.296260729575884,-23.736764562673272,0.0]}},{"type":"Feature","properties":{"fonte":"Nascentes das APPs da RMSP","codigo":"01020430626","status":0,"curso_agua":null,"manancial":"Billings"},"geometry":{"type":"Point","coordinates":[-46.321970328668684,-23.73572898634519,0.0]}},{"type":"Feature","properties":{"fonte":"Nascentes das APPs da RMSP","codigo":null,"status":0,"curso_agua":null,"manancial":"Alto Tietn Cabeceiras"},"geometry":{"type":"Point","coordinates":[-46.29572981487202,-23.735068270613958,0.0]}},{"type":"Feature","properties":{"fonte":"Nascentes das APPs da RMSP","codigo":null,"status":0,"curso_agua":null,"manancial":"Alto Tietn Cabeceiras"},"geometry":{"type":"Point","coordinates":[-46.31741675024436,-23.73486404802663,0.0]}},{"type":"Feature","properties":{"fonte":"Nascentes das APPs da RMSP","codigo":null,"status":0,"curso_agua":null,"manancial":"Alto Tietn Cabeceiras"},"geometry":{"type":"Point","coordinates":[-46.289338083380954,-23.740003528882895,0.0]}},{"type":"Feature","properties":{"fonte":"Nascentes das APPs da RMSP","codigo":null,"status":0,"curso_agua":null,"manancial":"Alto Tietn Cabeceiras"},"geometry":{"type":"Point","coordinates":[-46.28801236001103,-23.739994531970094,0.0]}},{"type":"Feature","properties":{"fonte":"Nascentes das APPs da RMSP","codigo":null,"status":0,"curso_agua":null,"manancial":"Alto Tietn Cabeceiras"},"geometry":{"type":"Point","coordinates":[-46.262748630612776,-23.73971211649578,0.0]}},{"type":"Feature","properties":{"fonte":"Nascentes das APPs da RMSP","codigo":null,"status":0,"curso_agua":null,"manancial":"Alto Tietn Cabeceiras"},"geometry":{"type":"Point","coordinates":[-46.28253540294475,-23.739576703772208,0.0]}},{"type":"Feature","properties":{"fonte":"Nascentes das APPs da RMSP","codigo":null,"status":0,"curso_agua":null,"manancial":"Alto Tietn Cabeceiras"},"geometry":{"type":"Point","coordinates":[-46.270441103348915,-23.738580341665948,0.0]}},{"type":"Feature","properties":{"fonte":"Nascentes das APPs da RMSP","codigo":null,"status":0,"curso_agua":null,"manancial":"Alto Tietn Cabeceiras"},"geometry":{"type":"Point","coordinates":[-46.28115741341401,-23.73740820437558,0.0]}},{"type":"Feature","properties":{"fonte":"Nascentes das APPs da RMSP","codigo":null,"status":0,"curso_agua":null,"manancial":"Alto Tietn Cabeceiras"},"geometry":{"type":"Point","coordinates":[-46.27109811137085,-23.73731578494001,0.0]}},{"type":"Feature","properties":{"fonte":"Nascentes das APPs da RMSP","codigo":null,"status":0,"curso_agua":null,"manancial":"Alto Tietn Cabeceiras"},"geometry":{"type":"Point","coordinates":[-46.279930970169374,-23.737102427910568,0.0]}},{"type":"Feature","properties":{"fonte":"Nascentes das APPs da RMSP","codigo":null,"status":0,"curso_agua":null,"manancial":"Alto Tietn Cabeceiras"},"geometry":{"type":"Point","coordinates":[-46.28893274018667,-23.736791532481178,0.0]}},{"type":"Feature","properties":{"fonte":"Nascentes das APPs da RMSP","codigo":null,"status":0,"curso_agua":null,"manancial":"Alto Tietn Cabeceiras"},"geometry":{"type":"Point","coordinates":[-46.28668793870213,-23.733644779498402,0.0]}},{"type":"Feature","properties":{"fonte":"Nascentes das APPs da RMSP","codigo":null,"status":0,"curso_agua":null,"manancial":"Billings"},"geometry":{"type":"Point","coordinates":[-46.34960846153981,-23.735654272032807,0.0]}},{"type":"Feature","properties":{"fonte":"Nascentes das APPs da RMSP","codigo":null,"status":0,"curso_agua":null,"manancial":"Billings"},"geometry":{"type":"Point","coordinates":[-46.341506444626155,-23.734797236539773,0.0]}},{"type":"Feature","properties":{"fonte":"Nascentes das APPs da RMSP","codigo":null,"status":0,"curso_agua":null,"manancial":"Billings"},"geometry":{"type":"Point","coordinates":[-46.342108541304384,-23.73343231495474,0.0]}},{"type":"Feature","properties":{"fonte":"Nascentes das APPs da RMSP","codigo":null,"status":0,"curso_agua":null,"manancial":"Billings"},"geometry":{"type":"Point","coordinates":[-46.33955973096068,-23.73278426966603,0.0]}},{"type":"Feature","properties":{"fonte":"Nascentes das APPs da RMSP","codigo":null,"status":0,"curso_agua":null,"manancial":"Billings"},"geometry":{"type":"Point","coordinates":[-46.338431503685534,-23.7321911604363,0.0]}},{"type":"Feature","properties":{"fonte":"Nascentes das APPs da RMSP","codigo":null,"status":0,"curso_agua":null,"manancial":"Billings"},"geometry":{"type":"Point","coordinates":[-46.328970774281174,-23.73021347933701,0.0]}},{"type":"Feature","properties":{"fonte":"Nascentes das APPs da RMSP","codigo":null,"status":0,"curso_agua":null,"manancial":"Billings"},"geometry":{"type":"Point","coordinates":[-46.32733096511711,-23.729947701525454,0.0]}},{"type":"Feature","properties":{"fonte":"Nascentes das APPs da RMSP","codigo":null,"status":0,"curso_agua":null,"manancial":"Billings"},"geometry":{"type":"Point","coordinates":[-46.337262322675684,-23.72987236523831,0.0]}},{"type":"Feature","properties":{"fonte":"Nascentes das APPs da RMSP","codigo":null,"status":0,"curso_agua":null,"manancial":"Billings"},"geometry":{"type":"Point","coordinates":[-46.3502907293088,-23.72922320098918,0.0]}},{"type":"Feature","properties":{"fonte":"Nascentes das APPs da RMSP","codigo":null,"status":0,"curso_agua":null,"manancial":"Billings"},"geometry":{"type":"Point","coordinates":[-46.33868841403346,-23.729105514148834,0.0]}},{"type":"Feature","properties":{"fonte":"Nascentes das APPs da RMSP","codigo":null,"status":0,"curso_agua":null,"manancial":"Alto Tietn Cabeceiras"},"geometry":{"type":"Point","coordinates":[-46.2481455954703,-23.737825593657817,0.0]}},{"type":"Feature","properties":{"fonte":"Nascentes das APPs da RMSP","codigo":null,"status":0,"curso_agua":null,"manancial":"Alto Tietn Cabeceiras"},"geometry":{"type":"Point","coordinates":[-46.25378966423421,-23.736400170452278,0.0]}},{"type":"Feature","properties":{"fonte":"Nascentes das APPs da RMSP","codigo":null,"status":0,"curso_agua":null,"manancial":"Alto Tietn Cabeceiras"},"geometry":{"type":"Point","coordinates":[-46.248944159427,-23.734633905806113,0.0]}},{"type":"Feature","properties":{"fonte":"Nascentes das APPs da RMSP","codigo":null,"status":0,"curso_agua":null,"manancial":"Alto Tietn Cabeceiras"},"geometry":{"type":"Point","coordinates":[-46.24660239616643,-23.734616671409803,0.0]}},{"type":"Feature","properties":{"fonte":"Nascentes das APPs da RMSP","codigo":null,"status":0,"curso_agua":null,"manancial":"Alto Tietn Cabeceiras"},"geometry":{"type":"Point","coordinates":[-46.24041813052039,-23.73441986404043,0.0]}},{"type":"Feature","properties":{"fonte":"Nascentes das APPs da RMSP","codigo":null,"status":0,"curso_agua":null,"manancial":"Alto Tietn Cabeceiras"},"geometry":{"type":"Point","coordinates":[-46.2527166760941,-23.730974888005797,0.0]}},{"type":"Feature","properties":{"fonte":"Nascentes das APPs da RMSP","codigo":null,"status":0,"curso_agua":null,"manancial":"Alto Tietn Cabeceiras"},"geometry":{"type":"Point","coordinates":[-46.25847345482034,-23.72803748161367,0.0]}},{"type":"Feature","properties":{"fonte":"Nascentes das APPs da RMSP","codigo":null,"status":0,"curso_agua":null,"manancial":"Alto Tietn Cabeceiras"},"geometry":{"type":"Point","coordinates":[-46.26000654384738,-23.726938589440756,0.0]}},{"type":"Feature","properties":{"fonte":"Nascentes das APPs da RMSP","codigo":null,"status":0,"curso_agua":null,"manancial":"Alto Tietn Cabeceiras"},"geometry":{"type":"Point","coordinates":[-46.25248443462436,-23.726491548381862,0.0]}},{"type":"Feature","properties":{"fonte":"Nascentes das APPs da RMSP","codigo":null,"status":0,"curso_agua":null,"manancial":"Alto Tietn Cabeceiras"},"geometry":{"type":"Point","coordinates":[-46.25430277041186,-23.72429464864396,0.0]}},{"type":"Feature","properties":{"fonte":"Nascentes das APPs da RMSP","codigo":null,"status":0,"curso_agua":null,"manancial":"Billings"},"geometry":{"type":"Point","coordinates":[-46.32335456890853,-23.73455525421139,0.0]}},{"type":"Feature","properties":{"fonte":"Nascentes das APPs da RMSP","codigo":"010203402","status":0,"curso_agua":null,"manancial":"Alto Tietn Cabeceiras"},"geometry":{"type":"Point","coordinates":[-46.31907789128681,-23.7340914913363,0.0]}},{"type":"Feature","properties":{"fonte":"Nascentes das APPs da RMSP","codigo":null,"status":0,"curso_agua":null,"manancial":"Alto Tietn Cabeceiras"},"geometry":{"type":"Point","coordinates":[-46.31567460562629,-23.732925795320753,0.0]}},{"type":"Feature","properties":{"fonte":"Nascentes das APPs da RMSP","codigo":null,"status":0,"curso_agua":null,"manancial":"Alto Tietn Cabeceiras"},"geometry":{"type":"Point","coordinates":[-46.31146968098896,-23.732661506766014,0.0]}},{"type":"Feature","properties":{"fonte":"Nascentes das APPs da RMSP","codigo":null,"status":0,"curso_agua":null,"manancial":"Alto Tietn Cabeceiras"},"geometry":{"type":"Point","coordinates":[-46.31820660308995,-23.73195719981218,0.0]}},{"type":"Feature","properties":{"fonte":"Nascentes das APPs da RMSP","codigo":null,"status":0,"curso_agua":null,"manancial":"Alto Tietn Cabeceiras"},"geometry":{"type":"Point","coordinates":[-46.31588488544918,-23.73142017184584,0.0]}},{"type":"Feature","properties":{"fonte":"Nascentes das APPs da RMSP","codigo":null,"status":0,"curso_agua":null,"manancial":"Alto Tietn Cabeceiras"},"geometry":{"type":"Point","coordinates":[-46.31383950833531,-23.731130744714296,0.0]}},{"type":"Feature","properties":{"fonte":"Nascentes das APPs da RMSP","codigo":null,"status":0,"curso_agua":null,"manancial":"Alto Tietn Cabeceiras"},"geometry":{"type":"Point","coordinates":[-46.30963111467872,-23.724995268269744,0.0]}},{"type":"Feature","properties":{"fonte":"Nascentes das APPs da RMSP","codigo":null,"status":0,"curso_agua":null,"manancial":"Alto Tietn Cabeceiras"},"geometry":{"type":"Point","coordinates":[-46.32596882177379,-23.72475390111508,0.0]}},{"type":"Feature","properties":{"fonte":"Nascentes das APPs da RMSP","codigo":null,"status":0,"curso_agua":null,"manancial":"Alto Tietn Cabeceiras"},"geometry":{"type":"Point","coordinates":[-46.30873265716779,-23.72165016007629,0.0]}},{"type":"Feature","properties":{"fonte":"Nascentes das APPs da RMSP","codigo":null,"status":0,"curso_agua":null,"manancial":"Alto Tietn Cabeceiras"},"geometry":{"type":"Point","coordinates":[-46.29498951756265,-23.731129106837038,0.0]}},{"type":"Feature","properties":{"fonte":"Nascentes das APPs da RMSP","codigo":null,"status":0,"curso_agua":null,"manancial":"Alto Tietn Cabeceiras"},"geometry":{"type":"Point","coordinates":[-46.28701868276913,-23.730921457384248,0.0]}},{"type":"Feature","properties":{"fonte":"Nascentes das APPs da RMSP","codigo":null,"status":0,"curso_agua":null,"manancial":"Alto Tietn Cabeceiras"},"geometry":{"type":"Point","coordinates":[-46.285521426757036,-23.730756553533567,0.0]}},{"type":"Feature","properties":{"fonte":"Nascentes das APPs da RMSP","codigo":null,"status":0,"curso_agua":null,"manancial":"Alto Tietn Cabeceiras"},"geometry":{"type":"Point","coordinates":[-46.29381558275502,-23.72915315443869,0.0]}},{"type":"Feature","properties":{"fonte":"Nascentes das APPs da RMSP","codigo":null,"status":0,"curso_agua":null,"manancial":"Alto Tietn Cabeceiras"},"geometry":{"type":"Point","coordinates":[-46.29329476622061,-23.72529823983682,0.0]}},{"type":"Feature","properties":{"fonte":"Nascentes das APPs da RMSP","codigo":null,"status":0,"curso_agua":null,"manancial":"Alto Tietn Cabeceiras"},"geometry":{"type":"Point","coordinates":[-46.292374251330926,-23.725267678542973,0.0]}},{"type":"Feature","properties":{"fonte":"Nascentes das APPs da RMSP","codigo":null,"status":0,"curso_agua":null,"manancial":"Alto Tietn Cabeceiras"},"geometry":{"type":"Point","coordinates":[-46.273148548648614,-23.725150006653717,0.0]}},{"type":"Feature","properties":{"fonte":"Nascentes das APPs da RMSP","codigo":null,"status":0,"curso_agua":null,"manancial":"Alto Tietn Cabeceiras"},"geometry":{"type":"Point","coordinates":[-46.271815472166566,-23.724354953568646,0.0]}},{"type":"Feature","properties":{"fonte":"Nascentes das APPs da RMSP","codigo":null,"status":0,"curso_agua":null,"manancial":"Alto Tietn Cabeceiras"},"geometry":{"type":"Point","coordinates":[-46.29044331472585,-23.723931748137396,0.0]}},{"type":"Feature","properties":{"fonte":"Nascentes das APPs da RMSP","codigo":null,"status":0,"curso_agua":null,"manancial":"Alto Tietn Cabeceiras"},"geometry":{"type":"Point","coordinates":[-46.262979332705534,-23.723194883850763,0.0]}},{"type":"Feature","properties":{"fonte":"Nascentes das APPs da RMSP","codigo":null,"status":0,"curso_agua":null,"manancial":"Billings"},"geometry":{"type":"Point","coordinates":[-46.39466318231079,-23.756774353015725,0.0]}},{"type":"Feature","properties":{"fonte":"Nascentes das APPs da RMSP","codigo":null,"status":0,"curso_agua":null,"manancial":"Billings"},"geometry":{"type":"Point","coordinates":[-46.39523993204641,-23.75563473195321,0.0]}},{"type":"Feature","properties":{"fonte":"Nascentes das APPs da RMSP","codigo":"0102043062101","status":0,"curso_agua":null,"manancial":"Billings"},"geometry":{"type":"Point","coordinates":[-46.39419469952764,-23.753877944075573,0.0]}},{"type":"Feature","properties":{"fonte":"Nascentes das APPs da RMSP","codigo":"01020430620","status":0,"curso_agua":null,"manancial":"Billings"},"geometry":{"type":"Point","coordinates":[-46.39544878180469,-23.75179870964746,0.0]}},{"type":"Feature","properties":{"fonte":"Nascentes das APPs da RMSP","codigo":null,"status":0,"curso_agua":null,"manancial":"Billings"},"geometry":{"type":"Point","coordinates":[-46.37365800378565,-23.75508300851088,0.0]}},{"type":"Feature","properties":{"fonte":"Nascentes das APPs da RMSP","codigo":null,"status":0,"curso_agua":null,"manancial":"Billings"},"geometry":{"type":"Point","coordinates":[-46.365648201024094,-23.753415462955527,0.0]}},{"type":"Feature","properties":{"fonte":"Nascentes das APPs da RMSP","codigo":null,"status":0,"curso_agua":null,"manancial":"Billings"},"geometry":{"type":"Point","coordinates":[-46.379482009325095,-23.75328934465821,0.0]}},{"type":"Feature","properties":{"fonte":"Nascentes das APPs da RMSP","codigo":null,"status":0,"curso_agua":null,"manancial":"Billings"},"geometry":{"type":"Point","coordinates":[-46.36957079446327,-23.75322302892766,0.0]}},{"type":"Feature","properties":{"fonte":"Nascentes das APPs da RMSP","codigo":null,"status":0,"curso_agua":null,"manancial":"Billings"},"geometry":{"type":"Point","coordinates":[-46.37142015015059,-23.75293111871057,0.0]}},{"type":"Feature","properties":{"fonte":"Nascentes das APPs da RMSP","codigo":null,"status":0,"curso_agua":null,"manancial":"Billings"},"geometry":{"type":"Point","coordinates":[-46.39087192559822,-23.7525884400595,0.0]}},{"type":"Feature","properties":{"fonte":"Nascentes das APPs da RMSP","codigo":null,"status":0,"curso_agua":null,"manancial":"Billings"},"geometry":{"type":"Point","coordinates":[-46.36600782015624,-23.7521737362729,0.0]}},{"type":"Feature","properties":{"fonte":"Nascentes das APPs da RMSP","codigo":null,"status":0,"curso_agua":null,"manancial":"Billings"},"geometry":{"type":"Point","coordinates":[-46.36233198635602,-23.751366750930515,0.0]}},{"type":"Feature","properties":{"fonte":"Nascentes das APPs da RMSP","codigo":null,"status":0,"curso_agua":null,"manancial":"Billings"},"geometry":{"type":"Point","coordinates":[-46.371790101050905,-23.749982380036034,0.0]}},{"type":"Feature","properties":{"fonte":"Nascentes das APPs da RMSP","codigo":null,"status":0,"curso_agua":null,"manancial":"Billings"},"geometry":{"type":"Point","coordinates":[-46.362014326924836,-23.74934834209635,0.0]}},{"type":"Feature","properties":{"fonte":"Nascentes das APPs da RMSP","codigo":null,"status":0,"curso_agua":null,"manancial":"Billings"},"geometry":{"type":"Point","coordinates":[-46.33679701344896,-23.747524517456416,0.0]}},{"type":"Feature","properties":{"fonte":"Nascentes das APPs da RMSP","codigo":null,"status":0,"curso_agua":null,"manancial":"Billings"},"geometry":{"type":"Point","coordinates":[-46.34944476850872,-23.74712324368433,0.0]}},{"type":"Feature","properties":{"fonte":"Nascentes das APPs da RMSP","codigo":null,"status":0,"curso_agua":null,"manancial":"Billings"},"geometry":{"type":"Point","coordinates":[-46.357926246305134,-23.746937126057954,0.0]}},{"type":"Feature","properties":{"fonte":"Nascentes das APPs da RMSP","codigo":null,"status":0,"curso_agua":null,"manancial":"Billings"},"geometry":{"type":"Point","coordinates":[-46.34009617752249,-23.74624966091697,0.0]}},{"type":"Feature","properties":{"fonte":"Nascentes das APPs da RMSP","codigo":null,"status":0,"curso_agua":null,"manancial":"Billings"},"geometry":{"type":"Point","coordinates":[-46.333428307684805,-23.746115795878648,0.0]}},{"type":"Feature","properties":{"fonte":"Nascentes das APPs da RMSP","codigo":null,"status":0,"curso_agua":null,"manancial":"Billings"},"geometry":{"type":"Point","coordinates":[-46.33714657192592,-23.74603884240191,0.0]}},{"type":"Feature","properties":{"fonte":"Nascentes das APPs da RMSP","codigo":null,"status":0,"curso_agua":null,"manancial":"Billings"},"geometry":{"type":"Point","coordinates":[-46.348646132315004,-23.745956550112016,0.0]}},{"type":"Feature","properties":{"fonte":"Nascentes das APPs da RMSP","codigo":null,"status":0,"curso_agua":null,"manancial":"Billings"},"geometry":{"type":"Point","coordinates":[-46.35758462895434,-23.745595851709087,0.0]}},{"type":"Feature","properties":{"fonte":"Nascentes das APPs da RMSP","codigo":null,"status":0,"curso_agua":null,"manancial":"Billings"},"geometry":{"type":"Point","coordinates":[-46.331120207281025,-23.74539857375342,0.0]}},{"type":"Feature","properties":{"fonte":"Nascentes das APPs da RMSP","codigo":null,"status":0,"curso_agua":null,"manancial":"Billings"},"geometry":{"type":"Point","coordinates":[-46.34533945447593,-23.74512691665447,0.0]}},{"type":"Feature","properties":{"fonte":"Nascentes das APPs da RMSP","codigo":null,"status":0,"curso_agua":null,"manancial":"Billings"},"geometry":{"type":"Point","coordinates":[-46.35951994947238,-23.74876456135693,0.0]}},{"type":"Feature","properties":{"fonte":"Nascentes das APPs da RMSP","codigo":null,"status":0,"curso_agua":null,"manancial":"Billings"},"geometry":{"type":"Point","coordinates":[-46.376764024985185,-23.748141599486384,0.0]}},{"type":"Feature","properties":{"fonte":"Nascentes das APPs da RMSP","codigo":null,"status":0,"curso_agua":null,"manancial":"Billings"},"geometry":{"type":"Point","coordinates":[-46.37968812754538,-23.747746205954858,0.0]}},{"type":"Feature","properties":{"fonte":"Nascentes das APPs da RMSP","codigo":null,"status":0,"curso_agua":null,"manancial":"Billings"},"geometry":{"type":"Point","coordinates":[-46.383193633535846,-23.747466716163725,0.0]}},{"type":"Feature","properties":{"fonte":"Nascentes das APPs da RMSP","codigo":null,"status":0,"curso_agua":null,"manancial":"Billings"},"geometry":{"type":"Point","coordinates":[-46.375664508831,-23.746944016728868,0.0]}},{"type":"Feature","properties":{"fonte":"Nascentes das APPs da RMSP","codigo":null,"status":0,"curso_agua":null,"manancial":"Billings"},"geometry":{"type":"Point","coordinates":[-46.368068961942626,-23.74687170927055,0.0]}},{"type":"Feature","properties":{"fonte":"Nascentes das APPs da RMSP","codigo":null,"status":0,"curso_agua":null,"manancial":"Billings"},"geometry":{"type":"Point","coordinates":[-46.37903192187079,-23.746193136294107,0.0]}},{"type":"Feature","properties":{"fonte":"Nascentes das APPs da RMSP","codigo":null,"status":0,"curso_agua":null,"manancial":"Billings"},"geometry":{"type":"Point","coordinates":[-46.36038640079056,-23.743600437819804,0.0]}},{"type":"Feature","properties":{"fonte":"Nascentes das APPs da RMSP","codigo":null,"status":0,"curso_agua":null,"manancial":"Billings"},"geometry":{"type":"Point","coordinates":[-46.373185930175445,-23.74327157750384,0.0]}},{"type":"Feature","properties":{"fonte":"Nascentes das APPs da RMSP","codigo":null,"status":0,"curso_agua":null,"manancial":"Billings"},"geometry":{"type":"Point","coordinates":[-46.363436460396976,-23.7429450578564,0.0]}},{"type":"Feature","properties":{"fonte":"Nascentes das APPs da RMSP","codigo":null,"status":0,"curso_agua":null,"manancial":"Billings"},"geometry":{"type":"Point","coordinates":[-46.39700114931449,-23.74813360792942,0.0]}},{"type":"Feature","properties":{"fonte":"Nascentes das APPs da RMSP","codigo":null,"status":0,"curso_agua":null,"manancial":"Billings"},"geometry":{"type":"Point","coordinates":[-46.39847911831482,-23.746328207223748,0.0]}},{"type":"Feature","properties":{"fonte":"Nascentes das APPs da RMSP","codigo":null,"status":0,"curso_agua":null,"manancial":"Billings"},"geometry":{"type":"Point","coordinates":[-46.3957095429571,-23.741713003648965,0.0]}},{"type":"Feature","properties":{"fonte":"Nascentes das APPs da RMSP","codigo":null,"status":0,"curso_agua":null,"manancial":"Billings"},"geometry":{"type":"Point","coordinates":[-46.39954695871721,-23.734572852372178,0.0]}},{"type":"Feature","properties":{"fonte":"Nascentes das APPs da RMSP","codigo":"0102043062601","status":0,"curso_agua":null,"manancial":"Billings"},"geometry":{"type":"Point","coordinates":[-46.359845398766666,-23.741750735160227,0.0]}},{"type":"Feature","properties":{"fonte":"Nascentes das APPs da RMSP","codigo":null,"status":0,"curso_agua":null,"manancial":"Billings"},"geometry":{"type":"Point","coordinates":[-46.36229995918101,-23.74089781502349,0.0]}},{"type":"Feature","properties":{"fonte":"Nascentes das APPs da RMSP","codigo":null,"status":0,"curso_agua":null,"manancial":"Billings"},"geometry":{"type":"Point","coordinates":[-46.36392959028307,-23.739419872767364,0.0]}},{"type":"Feature","properties":{"fonte":"Nascentes das APPs da RMSP","codigo":null,"status":0,"curso_agua":null,"manancial":"Billings"},"geometry":{"type":"Point","coordinates":[-46.35981774267901,-23.738318059044246,0.0]}},{"type":"Feature","properties":{"fonte":"Nascentes das APPs da RMSP","codigo":null,"status":0,"curso_agua":null,"manancial":"Billings"},"geometry":{"type":"Point","coordinates":[-46.38692666091987,-23.737028737073643,0.0]}},{"type":"Feature","properties":{"fonte":"Nascentes das APPs da RMSP","codigo":null,"status":0,"curso_agua":null,"manancial":"Billings"},"geometry":{"type":"Point","coordinates":[-46.36126402656455,-23.736485423964098,0.0]}},{"type":"Feature","properties":{"fonte":"Nascentes das APPs da RMSP","codigo":null,"status":0,"curso_agua":null,"manancial":"Billings"},"geometry":{"type":"Point","coordinates":[-46.38841995416013,-23.73590099280503,0.0]}},{"type":"Feature","properties":{"fonte":"Nascentes das APPs da RMSP","codigo":null,"status":0,"curso_agua":null,"manancial":"Billings"},"geometry":{"type":"Point","coordinates":[-46.36754383736189,-23.73551112535447,0.0]}},{"type":"Feature","properties":{"fonte":"Nascentes das APPs da RMSP","codigo":null,"status":0,"curso_agua":null,"manancial":"Billings"},"geometry":{"type":"Point","coordinates":[-46.37411864175132,-23.734847540111435,0.0]}},{"type":"Feature","properties":{"fonte":"Nascentes das APPs da RMSP","codigo":null,"status":0,"curso_agua":null,"manancial":"Billings"},"geometry":{"type":"Point","coordinates":[-46.369584487385765,-23.73298173444049,0.0]}},{"type":"Feature","properties":{"fonte":"Nascentes das APPs da RMSP","codigo":null,"status":0,"curso_agua":null,"manancial":"Billings"},"geometry":{"type":"Point","coordinates":[-46.374524857408566,-23.73272118353727,0.0]}},{"type":"Feature","properties":{"fonte":"Nascentes das APPs da RMSP","codigo":null,"status":0,"curso_agua":null,"manancial":"Billings"},"geometry":{"type":"Point","coordinates":[-46.384671495973244,-23.732374794649896,0.0]}},{"type":"Feature","properties":{"fonte":"Nascentes das APPs da RMSP","codigo":null,"status":0,"curso_agua":null,"manancial":"Billings"},"geometry":{"type":"Point","coordinates":[-46.37206387879774,-23.732255443648707,0.0]}},{"type":"Feature","properties":{"fonte":"Nascentes das APPs da RMSP","codigo":null,"status":0,"curso_agua":null,"manancial":"Billings"},"geometry":{"type":"Point","coordinates":[-46.37320289055619,-23.731601955615723,0.0]}},{"type":"Feature","properties":{"fonte":"Nascentes das APPs da RMSP","codigo":null,"status":0,"curso_agua":null,"manancial":"Billings"},"geometry":{"type":"Point","coordinates":[-46.36973056992021,-23.73126746480185,0.0]}},{"type":"Feature","properties":{"fonte":"Nascentes das APPs da RMSP","codigo":null,"status":0,"curso_agua":null,"manancial":"Billings"},"geometry":{"type":"Point","coordinates":[-46.371908336620805,-23.731052110642366,0.0]}},{"type":"Feature","properties":{"fonte":"Nascentes das APPs da RMSP","codigo":null,"status":0,"curso_agua":null,"manancial":"Billings"},"geometry":{"type":"Point","coordinates":[-46.3829379467574,-23.72910060228149,0.0]}},{"type":"Feature","properties":{"fonte":"Nascentes das APPs da RMSP","codigo":null,"status":0,"curso_agua":null,"manancial":"Billings"},"geometry":{"type":"Point","coordinates":[-46.359993949212374,-23.728276356547127,0.0]}},{"type":"Feature","properties":{"fonte":"Nascentes das APPs da RMSP","codigo":null,"status":0,"curso_agua":null,"manancial":"Billings"},"geometry":{"type":"Point","coordinates":[-46.38593783097925,-23.72681828602072,0.0]}},{"type":"Feature","properties":{"fonte":"Nascentes das APPs da RMSP","codigo":null,"status":0,"curso_agua":null,"manancial":"Billings"},"geometry":{"type":"Point","coordinates":[-46.366513556989666,-23.724821316259877,0.0]}},{"type":"Feature","properties":{"fonte":"Nascentes das APPs da RMSP","codigo":null,"status":0,"curso_agua":null,"manancial":"Alto Tietn Cabeceiras"},"geometry":{"type":"Point","coordinates":[-46.326577573858046,-23.72795051269514,0.0]}},{"type":"Feature","properties":{"fonte":"Nascentes das APPs da RMSP","codigo":null,"status":0,"curso_agua":null,"manancial":"Billings"},"geometry":{"type":"Point","coordinates":[-46.33073122042137,-23.72776211043722,0.0]}},{"type":"Feature","properties":{"fonte":"Nascentes das APPs da RMSP","codigo":null,"status":0,"curso_agua":null,"manancial":"Billings"},"geometry":{"type":"Point","coordinates":[-46.33674041450183,-23.727652450673624,0.0]}},{"type":"Feature","properties":{"fonte":"Nascentes das APPs da RMSP","codigo":null,"status":0,"curso_agua":null,"manancial":"Billings"},"geometry":{"type":"Point","coordinates":[-46.350863794246465,-23.727352004638924,0.0]}},{"type":"Feature","properties":{"fonte":"Nascentes das APPs da RMSP","codigo":null,"status":0,"curso_agua":null,"manancial":"Billings"},"geometry":{"type":"Point","coordinates":[-46.35818190962351,-23.727096311947566,0.0]}},{"type":"Feature","properties":{"fonte":"Nascentes das APPs da RMSP","codigo":null,"status":0,"curso_agua":null,"manancial":"Billings"},"geometry":{"type":"Point","coordinates":[-46.327175938995175,-23.726946840392404,0.0]}},{"type":"Feature","properties":{"fonte":"Nascentes das APPs da RMSP","codigo":null,"status":0,"curso_agua":null,"manancial":"Billings"},"geometry":{"type":"Point","coordinates":[-46.356926764280416,-23.726501702519332,0.0]}},{"type":"Feature","properties":{"fonte":"Nascentes das APPs da RMSP","codigo":null,"status":0,"curso_agua":null,"manancial":"Billings"},"geometry":{"type":"Point","coordinates":[-46.337879819032274,-23.726276623079627,0.0]}},{"type":"Feature","properties":{"fonte":"Nascentes das APPs da RMSP","codigo":null,"status":0,"curso_agua":null,"manancial":"Billings"},"geometry":{"type":"Point","coordinates":[-46.33305815874686,-23.725860169120057,0.0]}},{"type":"Feature","properties":{"fonte":"Nascentes das APPs da RMSP","codigo":null,"status":0,"curso_agua":null,"manancial":"Billings"},"geometry":{"type":"Point","coordinates":[-46.33552503353107,-23.725468507646227,0.0]}},{"type":"Feature","properties":{"fonte":"Nascentes das APPs da RMSP","codigo":null,"status":0,"curso_agua":null,"manancial":"Billings"},"geometry":{"type":"Point","coordinates":[-46.349237182772484,-23.72541563635675,0.0]}},{"type":"Feature","properties":{"fonte":"Nascentes das APPs da RMSP","codigo":null,"status":0,"curso_agua":null,"manancial":"Billings"},"geometry":{"type":"Point","coordinates":[-46.351963688722115,-23.725198775242205,0.0]}},{"type":"Feature","properties":{"fonte":"Nascentes das APPs da RMSP","codigo":null,"status":0,"curso_agua":null,"manancial":"Billings"},"geometry":{"type":"Point","coordinates":[-46.32668902332711,-23.723526093324107,0.0]}},{"type":"Feature","properties":{"fonte":"Nascentes das APPs da RMSP","codigo":null,"status":0,"curso_agua":null,"manancial":"Billings"},"geometry":{"type":"Point","coordinates":[-46.34969990922652,-23.7234256048303,0.0]}},{"type":"Feature","properties":{"fonte":"Nascentes das APPs da RMSP","codigo":null,"status":0,"curso_agua":null,"manancial":"Billings"},"geometry":{"type":"Point","coordinates":[-46.34833410145501,-23.72175456628171,0.0]}},{"type":"Feature","properties":{"fonte":"Nascentes das APPs da RMSP","codigo":null,"status":0,"curso_agua":null,"manancial":"Billings"},"geometry":{"type":"Point","coordinates":[-46.32711852535726,-23.721291756404614,0.0]}},{"type":"Feature","properties":{"fonte":"Nascentes das APPs da RMSP","codigo":null,"status":0,"curso_agua":null,"manancial":"Billings"},"geometry":{"type":"Point","coordinates":[-46.34881197259654,-23.72040603323306,0.0]}},{"type":"Feature","properties":{"fonte":"Nascentes das APPs da RMSP","codigo":null,"status":0,"curso_agua":null,"manancial":"Billings"},"geometry":{"type":"Point","coordinates":[-46.355337236134105,-23.718947660992935,0.0]}},{"type":"Feature","properties":{"fonte":"Nascentes das APPs da RMSP","codigo":null,"status":0,"curso_agua":null,"manancial":"Billings"},"geometry":{"type":"Point","coordinates":[-46.326334883350874,-23.71779472816696,0.0]}},{"type":"Feature","properties":{"fonte":"Nascentes das APPs da RMSP","codigo":null,"status":0,"curso_agua":null,"manancial":"Alto Tietn Cabeceiras"},"geometry":{"type":"Point","coordinates":[-46.35546729592498,-23.71720612616122,0.0]}},{"type":"Feature","properties":{"fonte":"Nascentes das APPs da RMSP","codigo":null,"status":0,"curso_agua":null,"manancial":"Alto Tietn Cabeceiras"},"geometry":{"type":"Point","coordinates":[-46.25483379447337,-23.722486459982967,0.0]}},{"type":"Feature","properties":{"fonte":"Nascentes das APPs da RMSP","codigo":"010203404","status":0,"curso_agua":null,"manancial":"Alto Tietn Cabeceiras"},"geometry":{"type":"Point","coordinates":[-46.25346321665658,-23.72226881302998,0.0]}},{"type":"Feature","properties":{"fonte":"Nascentes das APPs da RMSP","codigo":"01020340401","status":0,"curso_agua":null,"manancial":"Alto Tietn Cabeceiras"},"geometry":{"type":"Point","coordinates":[-46.25721344839596,-23.720270177886896,0.0]}},{"type":"Feature","properties":{"fonte":"Nascentes das APPs da RMSP","codigo":null,"status":0,"curso_agua":null,"manancial":"Alto Tietn Cabeceiras"},"geometry":{"type":"Point","coordinates":[-46.24615301317627,-23.716970742600793,0.0]}},{"type":"Feature","properties":{"fonte":"Nascentes das APPs da RMSP","codigo":null,"status":0,"curso_agua":null,"manancial":"Alto Tietn Cabeceiras"},"geometry":{"type":"Point","coordinates":[-46.251654978583396,-23.716896504305648,0.0]}},{"type":"Feature","properties":{"fonte":"Nascentes das APPs da RMSP","codigo":null,"status":0,"curso_agua":null,"manancial":"Alto Tietn Cabeceiras"},"geometry":{"type":"Point","coordinates":[-46.24687669124406,-23.71632913784117,0.0]}},{"type":"Feature","properties":{"fonte":"Nascentes das APPs da RMSP","codigo":null,"status":0,"curso_agua":null,"manancial":"Alto Tietn Cabeceiras"},"geometry":{"type":"Point","coordinates":[-46.24355609146925,-23.71463997346559,0.0]}},{"type":"Feature","properties":{"fonte":"Nascentes das APPs da RMSP","codigo":null,"status":0,"curso_agua":null,"manancial":"Alto Tietn Cabeceiras"},"geometry":{"type":"Point","coordinates":[-46.24265969105268,-23.714238952655073,0.0]}},{"type":"Feature","properties":{"fonte":"Nascentes das APPs da RMSP","codigo":null,"status":0,"curso_agua":null,"manancial":"Alto Tietn Cabeceiras"},"geometry":{"type":"Point","coordinates":[-46.25306069011963,-23.713826827703137,0.0]}},{"type":"Feature","properties":{"fonte":"Nascentes das APPs da RMSP","codigo":null,"status":0,"curso_agua":null,"manancial":"Alto Tietn Cabeceiras"},"geometry":{"type":"Point","coordinates":[-46.255274761372206,-23.71310767242777,0.0]}},{"type":"Feature","properties":{"fonte":"Nascentes das APPs da RMSP","codigo":null,"status":0,"curso_agua":null,"manancial":"Alto Tietn Cabeceiras"},"geometry":{"type":"Point","coordinates":[-46.302507729704494,-23.721268070827367,0.0]}},{"type":"Feature","properties":{"fonte":"Nascentes das APPs da RMSP","codigo":null,"status":0,"curso_agua":null,"manancial":"Alto Tietn Cabeceiras"},"geometry":{"type":"Point","coordinates":[-46.325805407963514,-23.721003229288964,0.0]}},{"type":"Feature","properties":{"fonte":"Nascentes das APPs da RMSP","codigo":null,"status":0,"curso_agua":null,"manancial":"Alto Tietn Cabeceiras"},"geometry":{"type":"Point","coordinates":[-46.301171007565074,-23.720924830481657,0.0]}},{"type":"Feature","properties":{"fonte":"Nascentes das APPs da RMSP","codigo":null,"status":0,"curso_agua":null,"manancial":"Alto Tietn Cabeceiras"},"geometry":{"type":"Point","coordinates":[-46.30659550301204,-23.720817456331137,0.0]}},{"type":"Feature","properties":{"fonte":"Nascentes das APPs da RMSP","codigo":null,"status":0,"curso_agua":null,"manancial":"Alto Tietn Cabeceiras"},"geometry":{"type":"Point","coordinates":[-46.325014244830825,-23.718255783439062,0.0]}},{"type":"Feature","properties":{"fonte":"Nascentes das APPs da RMSP","codigo":null,"status":0,"curso_agua":null,"manancial":"Alto Tietn Cabeceiras"},"geometry":{"type":"Point","coordinates":[-46.30641219353539,-23.718041984635523,0.0]}},{"type":"Feature","properties":{"fonte":"Nascentes das APPs da RMSP","codigo":null,"status":0,"curso_agua":null,"manancial":"Alto Tietn Cabeceiras"},"geometry":{"type":"Point","coordinates":[-46.30868585417448,-23.716184868594976,0.0]}},{"type":"Feature","properties":{"fonte":"Nascentes das APPs da RMSP","codigo":null,"status":0,"curso_agua":null,"manancial":"Alto Tietn Cabeceiras"},"geometry":{"type":"Point","coordinates":[-46.32486458697507,-23.715851158224165,0.0]}},{"type":"Feature","properties":{"fonte":"Nascentes das APPs da RMSP","codigo":null,"status":0,"curso_agua":null,"manancial":"Alto Tietn Cabeceiras"},"geometry":{"type":"Point","coordinates":[-46.306748666146525,-23.715047755668625,0.0]}},{"type":"Feature","properties":{"fonte":"Nascentes das APPs da RMSP","codigo":null,"status":0,"curso_agua":null,"manancial":"Alto Tietn Cabeceiras"},"geometry":{"type":"Point","coordinates":[-46.30365350851009,-23.714202081626112,0.0]}},{"type":"Feature","properties":{"fonte":"Nascentes das APPs da RMSP","codigo":null,"status":0,"curso_agua":null,"manancial":"Alto Tietn Cabeceiras"},"geometry":{"type":"Point","coordinates":[-46.26925929135383,-23.722034649417697,0.0]}},{"type":"Feature","properties":{"fonte":"Nascentes das APPs da RMSP","codigo":null,"status":0,"curso_agua":null,"manancial":"Alto Tietn Cabeceiras"},"geometry":{"type":"Point","coordinates":[-46.291617473034435,-23.72202375101653,0.0]}},{"type":"Feature","properties":{"fonte":"Nascentes das APPs da RMSP","codigo":null,"status":0,"curso_agua":null,"manancial":"Alto Tietn Cabeceiras"},"geometry":{"type":"Point","coordinates":[-46.28858911277134,-23.717701167777502,0.0]}},{"type":"Feature","properties":{"fonte":"Nascentes das APPs da RMSP","codigo":null,"status":0,"curso_agua":null,"manancial":"Alto Tietn Cabeceiras"},"geometry":{"type":"Point","coordinates":[-46.26348206563306,-23.71704157462263,0.0]}},{"type":"Feature","properties":{"fonte":"Nascentes das APPs da RMSP","codigo":null,"status":0,"curso_agua":null,"manancial":"Alto Tietn Cabeceiras"},"geometry":{"type":"Point","coordinates":[-46.28959432628573,-23.715312206114522,0.0]}},{"type":"Feature","properties":{"fonte":"Nascentes das APPs da RMSP","codigo":null,"status":0,"curso_agua":null,"manancial":"Alto Tietn Cabeceiras"},"geometry":{"type":"Point","coordinates":[-46.26722070495698,-23.713543200820254,0.0]}},{"type":"Feature","properties":{"fonte":"Nascentes das APPs da RMSP","codigo":null,"status":0,"curso_agua":null,"manancial":"Alto Tietn Cabeceiras"},"geometry":{"type":"Point","coordinates":[-46.27069863724068,-23.712922482314884,0.0]}},{"type":"Feature","properties":{"fonte":"Nascentes das APPs da RMSP","codigo":null,"status":0,"curso_agua":null,"manancial":"Alto Tietn Cabeceiras"},"geometry":{"type":"Point","coordinates":[-46.28973072174369,-23.71170103016444,0.0]}},{"type":"Feature","properties":{"fonte":"Nascentes das APPs da RMSP","codigo":null,"status":0,"curso_agua":null,"manancial":"Alto Tietn Cabeceiras"},"geometry":{"type":"Point","coordinates":[-46.287575473368314,-23.711364608846193,0.0]}},{"type":"Feature","properties":{"fonte":"Nascentes das APPs da RMSP","codigo":null,"status":0,"curso_agua":null,"manancial":"Alto Tietn Cabeceiras"},"geometry":{"type":"Point","coordinates":[-46.29126736225061,-23.71108060961493,0.0]}},{"type":"Feature","properties":{"fonte":"Nascentes das APPs da RMSP","codigo":null,"status":0,"curso_agua":null,"manancial":"Billings"},"geometry":{"type":"Point","coordinates":[-46.338026391237065,-23.71470799092126,0.0]}},{"type":"Feature","properties":{"fonte":"Nascentes das APPs da RMSP","codigo":null,"status":0,"curso_agua":null,"manancial":"Alto Tietn Cabeceiras"},"geometry":{"type":"Point","coordinates":[-46.340883253893544,-23.714258207751044,0.0]}},{"type":"Feature","properties":{"fonte":"Nascentes das APPs da RMSP","codigo":null,"status":0,"curso_agua":null,"manancial":"Billings"},"geometry":{"type":"Point","coordinates":[-46.33815412743101,-23.713481235902346,0.0]}},{"type":"Feature","properties":{"fonte":"Nascentes das APPs da RMSP","codigo":null,"status":0,"curso_agua":null,"manancial":"Alto Tietn Cabeceiras"},"geometry":{"type":"Point","coordinates":[-46.33684463126501,-23.711910239663514,0.0]}},{"type":"Feature","properties":{"fonte":"Nascentes das APPs da RMSP","codigo":"01020340103","status":0,"curso_agua":null,"manancial":"Alto Tietn Cabeceiras"},"geometry":{"type":"Point","coordinates":[-46.350643132506875,-23.71052161801698,0.0]}},{"type":"Feature","properties":{"fonte":"Nascentes das APPs da RMSP","codigo":null,"status":0,"curso_agua":null,"manancial":"Alto Tietn Cabeceiras"},"geometry":{"type":"Point","coordinates":[-46.33036443200436,-23.707009544970855,0.0]}},{"type":"Feature","properties":{"fonte":"Nascentes das APPs da RMSP","codigo":null,"status":0,"curso_agua":null,"manancial":"Alto Tietn Cabeceiras"},"geometry":{"type":"Point","coordinates":[-46.33749082124072,-23.70648126224627,0.0]}},{"type":"Feature","properties":{"fonte":"Nascentes das APPs da RMSP","codigo":null,"status":0,"curso_agua":null,"manancial":"Alto Tietn Cabeceiras"},"geometry":{"type":"Point","coordinates":[-46.336615153045386,-23.70547604085012,0.0]}},{"type":"Feature","properties":{"fonte":"Nascentes das APPs da RMSP","codigo":null,"status":0,"curso_agua":null,"manancial":"Alto Tietn Cabeceiras"},"geometry":{"type":"Point","coordinates":[-46.353107204104205,-23.70528817968014,0.0]}},{"type":"Feature","properties":{"fonte":"Nascentes das APPs da RMSP","codigo":null,"status":0,"curso_agua":null,"manancial":"Billings"},"geometry":{"type":"Point","coordinates":[-46.33372590167707,-23.70491363671753,0.0]}},{"type":"Feature","properties":{"fonte":"Nascentes das APPs da RMSP","codigo":null,"status":0,"curso_agua":null,"manancial":"Alto Tietn Cabeceiras"},"geometry":{"type":"Point","coordinates":[-46.29991033624594,-23.712435256370476,0.0]}},{"type":"Feature","properties":{"fonte":"Nascentes das APPs da RMSP","codigo":null,"status":0,"curso_agua":null,"manancial":"Alto Tietn Cabeceiras"},"geometry":{"type":"Point","coordinates":[-46.32471010129801,-23.710565072240584,0.0]}},{"type":"Feature","properties":{"fonte":"Nascentes das APPs da RMSP","codigo":null,"status":0,"curso_agua":null,"manancial":"Alto Tietn Cabeceiras"},"geometry":{"type":"Point","coordinates":[-46.319036432423985,-23.70993807435258,0.0]}},{"type":"Feature","properties":{"fonte":"Nascentes das APPs da RMSP","codigo":null,"status":0,"curso_agua":null,"manancial":"Alto Tietn Cabeceiras"},"geometry":{"type":"Point","coordinates":[-46.30771694511411,-23.706597311154958,0.0]}},{"type":"Feature","properties":{"fonte":"Nascentes das APPs da RMSP","codigo":null,"status":0,"curso_agua":null,"manancial":"Alto Tietn Cabeceiras"},"geometry":{"type":"Point","coordinates":[-46.323659410995795,-23.706088930884455,0.0]}},{"type":"Feature","properties":{"fonte":"Nascentes das APPs da RMSP","codigo":null,"status":0,"curso_agua":null,"manancial":"Alto Tietn Cabeceiras"},"geometry":{"type":"Point","coordinates":[-46.32271985965261,-23.7056789209023,0.0]}},{"type":"Feature","properties":{"fonte":"Nascentes das APPs da RMSP","codigo":null,"status":0,"curso_agua":null,"manancial":"Alto Tietn Cabeceiras"},"geometry":{"type":"Point","coordinates":[-46.32331766719072,-23.703076496574663,0.0]}},{"type":"Feature","properties":{"fonte":"Nascentes das APPs da RMSP","codigo":"01020430604","status":0,"curso_agua":null,"manancial":"Alto Tietn Cabeceiras"},"geometry":{"type":"Point","coordinates":[-46.32480794092786,-23.702464171292995,0.0]}},{"type":"Feature","properties":{"fonte":"Nascentes das APPs da RMSP","codigo":null,"status":0,"curso_agua":null,"manancial":"Alto Tietn Cabeceiras"},"geometry":{"type":"Point","coordinates":[-46.31662789017068,-23.701324802261475,0.0]}},{"type":"Feature","properties":{"fonte":"Nascentes das APPs da RMSP","codigo":null,"status":0,"curso_agua":null,"manancial":"Alto Tietn Cabeceiras"},"geometry":{"type":"Point","coordinates":[-46.324355075525865,-23.70008252162552,0.0]}},{"type":"Feature","properties":{"fonte":"Nascentes das APPs da RMSP","codigo":null,"status":0,"curso_agua":null,"manancial":"Alto Tietn Cabeceiras"},"geometry":{"type":"Point","coordinates":[-46.268629455154965,-23.710943076529585,0.0]}},{"type":"Feature","properties":{"fonte":"Nascentes das APPs da RMSP","codigo":null,"status":0,"curso_agua":null,"manancial":"Alto Tietn Cabeceiras"},"geometry":{"type":"Point","coordinates":[-46.289411659334284,-23.70770429029569,0.0]}},{"type":"Feature","properties":{"fonte":"Nascentes das APPs da RMSP","codigo":null,"status":0,"curso_agua":null,"manancial":"Alto Tietn Cabeceiras"},"geometry":{"type":"Point","coordinates":[-46.291252142431865,-23.706636376134938,0.0]}},{"type":"Feature","properties":{"fonte":"Nascentes das APPs da RMSP","codigo":null,"status":0,"curso_agua":null,"manancial":"Alto Tietn Cabeceiras"},"geometry":{"type":"Point","coordinates":[-46.291285681626356,-23.704198012375254,0.0]}},{"type":"Feature","properties":{"fonte":"Nascentes das APPs da RMSP","codigo":null,"status":0,"curso_agua":null,"manancial":"Alto Tietn Cabeceiras"},"geometry":{"type":"Point","coordinates":[-46.26506417669482,-23.704173866125412,0.0]}},{"type":"Feature","properties":{"fonte":"Nascentes das APPs da RMSP","codigo":null,"status":0,"curso_agua":null,"manancial":"Alto Tietn Cabeceiras"},"geometry":{"type":"Point","coordinates":[-46.26854396175133,-23.702098981930305,0.0]}},{"type":"Feature","properties":{"fonte":"Nascentes das APPs da RMSP","codigo":null,"status":0,"curso_agua":null,"manancial":"Alto Tietn Cabeceiras"},"geometry":{"type":"Point","coordinates":[-46.28587222744121,-23.70144171094806,0.0]}},{"type":"Feature","properties":{"fonte":"Nascentes das APPs da RMSP","codigo":null,"status":0,"curso_agua":null,"manancial":"Alto Tietn Cabeceiras"},"geometry":{"type":"Point","coordinates":[-46.2719279011362,-23.70139569924749,0.0]}},{"type":"Feature","properties":{"fonte":"Nascentes das APPs da RMSP","codigo":null,"status":0,"curso_agua":null,"manancial":"Alto Tietn Cabeceiras"},"geometry":{"type":"Point","coordinates":[-46.27315671739276,-23.700319600782922,0.0]}},{"type":"Feature","properties":{"fonte":"Nascentes das APPs da RMSP","codigo":null,"status":0,"curso_agua":null,"manancial":"Alto Tietn Cabeceiras"},"geometry":{"type":"Point","coordinates":[-46.27482807654446,-23.696666198157267,0.0]}},{"type":"Feature","properties":{"fonte":"Nascentes das APPs da RMSP","codigo":null,"status":0,"curso_agua":null,"manancial":"Alto Tietn Cabeceiras"},"geometry":{"type":"Point","coordinates":[-46.354812106340376,-23.703639684262207,0.0]}},{"type":"Feature","properties":{"fonte":"Nascentes das APPs da RMSP","codigo":null,"status":0,"curso_agua":null,"manancial":"Alto Tietn Cabeceiras"},"geometry":{"type":"Point","coordinates":[-46.35781893780391,-23.702676734028316,0.0]}},{"type":"Feature","properties":{"fonte":"Nascentes das APPs da RMSP","codigo":null,"status":0,"curso_agua":null,"manancial":"Alto Tietn Cabeceiras"},"geometry":{"type":"Point","coordinates":[-46.33453808418415,-23.701257274551853,0.0]}},{"type":"Feature","properties":{"fonte":"Nascentes das APPs da RMSP","codigo":null,"status":0,"curso_agua":null,"manancial":"Alto Tietn Cabeceiras"},"geometry":{"type":"Point","coordinates":[-46.34547988720421,-23.70112266049324,0.0]}},{"type":"Feature","properties":{"fonte":"Nascentes das APPs da RMSP","codigo":null,"status":0,"curso_agua":null,"manancial":"Alto Tietn Cabeceiras"},"geometry":{"type":"Point","coordinates":[-46.3266292644242,-23.700645860939385,0.0]}},{"type":"Feature","properties":{"fonte":"Nascentes das APPs da RMSP","codigo":null,"status":0,"curso_agua":null,"manancial":"Alto Tietn Cabeceiras"},"geometry":{"type":"Point","coordinates":[-46.354189132050145,-23.7002984398143,0.0]}},{"type":"Feature","properties":{"fonte":"Nascentes das APPs da RMSP","codigo":null,"status":0,"curso_agua":null,"manancial":"Alto Tietn Cabeceiras"},"geometry":{"type":"Point","coordinates":[-46.35492146729879,-23.699133884553103,0.0]}},{"type":"Feature","properties":{"fonte":"Nascentes das APPs da RMSP","codigo":null,"status":0,"curso_agua":null,"manancial":"Alto Tietn Cabeceiras"},"geometry":{"type":"Point","coordinates":[-46.34846706962021,-23.697449833262155,0.0]}},{"type":"Feature","properties":{"fonte":"Nascentes das APPs da RMSP","codigo":null,"status":0,"curso_agua":null,"manancial":"Alto Tietn Cabeceiras"},"geometry":{"type":"Point","coordinates":[-46.355924135095336,-23.69734061807378,0.0]}},{"type":"Feature","properties":{"fonte":"Nascentes das APPs da RMSP","codigo":null,"status":0,"curso_agua":null,"manancial":"Alto Tietn Cabeceiras"},"geometry":{"type":"Point","coordinates":[-46.32660875189842,-23.69545185406029,0.0]}},{"type":"Feature","properties":{"fonte":"Nascentes das APPs da RMSP","codigo":null,"status":0,"curso_agua":null,"manancial":"Alto Tietn Cabeceiras"},"geometry":{"type":"Point","coordinates":[-46.30613857675441,-23.699178313070654,0.0]}},{"type":"Feature","properties":{"fonte":"Nascentes das APPs da RMSP","codigo":null,"status":0,"curso_agua":null,"manancial":"Alto Tietn Cabeceiras"},"geometry":{"type":"Point","coordinates":[-46.30383782782418,-23.698289155719074,0.0]}},{"type":"Feature","properties":{"fonte":"Nascentes das APPs da RMSP","codigo":null,"status":0,"curso_agua":null,"manancial":"Alto Tietn Cabeceiras"},"geometry":{"type":"Point","coordinates":[-46.32498697017019,-23.697101220430138,0.0]}},{"type":"Feature","properties":{"fonte":"Nascentes das APPs da RMSP","codigo":null,"status":0,"curso_agua":null,"manancial":"Alto Tietn Cabeceiras"},"geometry":{"type":"Point","coordinates":[-46.30405532588895,-23.69656688216294,0.0]}},{"type":"Feature","properties":{"fonte":"Nascentes das APPs da RMSP","codigo":null,"status":0,"curso_agua":null,"manancial":"Alto Tietn Cabeceiras"},"geometry":{"type":"Point","coordinates":[-46.32078274850443,-23.695969997034112,0.0]}},{"type":"Feature","properties":{"fonte":"Nascentes das APPs da RMSP","codigo":null,"status":0,"curso_agua":null,"manancial":"Alto Tietn Cabeceiras"},"geometry":{"type":"Point","coordinates":[-46.32280118791851,-23.695175086145557,0.0]}},{"type":"Feature","properties":{"fonte":"Nascentes das APPs da RMSP","codigo":null,"status":0,"curso_agua":null,"manancial":"Alto Tietn Cabeceiras"},"geometry":{"type":"Point","coordinates":[-46.31365771632697,-23.695052358354975,0.0]}},{"type":"Feature","properties":{"fonte":"Nascentes das APPs da RMSP","codigo":null,"status":0,"curso_agua":null,"manancial":"Alto Tietn Cabeceiras"},"geometry":{"type":"Point","coordinates":[-46.30205889140672,-23.694932063523126,0.0]}},{"type":"Feature","properties":{"fonte":"Nascentes das APPs da RMSP","codigo":null,"status":0,"curso_agua":null,"manancial":"Alto Tietn Cabeceiras"},"geometry":{"type":"Point","coordinates":[-46.296734465011156,-23.694823849407612,0.0]}},{"type":"Feature","properties":{"fonte":"Nascentes das APPs da RMSP","codigo":null,"status":0,"curso_agua":null,"manancial":"Alto Tietn Cabeceiras"},"geometry":{"type":"Point","coordinates":[-46.31919609153035,-23.694774490041226,0.0]}},{"type":"Feature","properties":{"fonte":"Nascentes das APPs da RMSP","codigo":null,"status":0,"curso_agua":null,"manancial":"Billings"},"geometry":{"type":"Point","coordinates":[-46.39901491715357,-23.73226270257239,0.0]}},{"type":"Feature","properties":{"fonte":"Nascentes das APPs da RMSP","codigo":null,"status":0,"curso_agua":null,"manancial":"Billings"},"geometry":{"type":"Point","coordinates":[-46.392809970718396,-23.723475169749133,0.0]}},{"type":"Feature","properties":{"fonte":"Nascentes das APPs da RMSP","codigo":"0102043060803","status":0,"curso_agua":null,"manancial":"Billings"},"geometry":{"type":"Point","coordinates":[-46.39903761425596,-23.723456409568243,0.0]}},{"type":"Feature","properties":{"fonte":"Nascentes das APPs da RMSP","codigo":"0102043060804","status":0,"curso_agua":null,"manancial":"Billings"},"geometry":{"type":"Point","coordinates":[-46.39138493322304,-23.722914754072853,0.0]}},{"type":"Feature","properties":{"fonte":"Nascentes das APPs da RMSP","codigo":null,"status":0,"curso_agua":null,"manancial":"Billings"},"geometry":{"type":"Point","coordinates":[-46.38833037396351,-23.72450097370963,0.0]}},{"type":"Feature","properties":{"fonte":"Nascentes das APPs da RMSP","codigo":null,"status":0,"curso_agua":null,"manancial":"Billings"},"geometry":{"type":"Point","coordinates":[-46.36558295473526,-23.723698122946125,0.0]}},{"type":"Feature","properties":{"fonte":"Nascentes das APPs da RMSP","codigo":null,"status":0,"curso_agua":null,"manancial":"Billings"},"geometry":{"type":"Point","coordinates":[-46.38422719934037,-23.723490157013057,0.0]}},{"type":"Feature","properties":{"fonte":"Nascentes das APPs da RMSP","codigo":null,"status":0,"curso_agua":null,"manancial":"Billings"},"geometry":{"type":"Point","coordinates":[-46.36278677747905,-23.722441977243395,0.0]}},{"type":"Feature","properties":{"fonte":"Nascentes das APPs da RMSP","codigo":null,"status":0,"curso_agua":null,"manancial":"Billings"},"geometry":{"type":"Point","coordinates":[-46.384297272933786,-23.722000732778064,0.0]}},{"type":"Feature","properties":{"fonte":"Nascentes das APPs da RMSP","codigo":null,"status":0,"curso_agua":null,"manancial":"Billings"},"geometry":{"type":"Point","coordinates":[-46.38186320590917,-23.721788392559933,0.0]}},{"type":"Feature","properties":{"fonte":"Nascentes das APPs da RMSP","codigo":null,"status":0,"curso_agua":null,"manancial":"Billings"},"geometry":{"type":"Point","coordinates":[-46.383280263972175,-23.720190057677698,0.0]}},{"type":"Feature","properties":{"fonte":"Nascentes das APPs da RMSP","codigo":null,"status":0,"curso_agua":null,"manancial":"Billings"},"geometry":{"type":"Point","coordinates":[-46.359007869347366,-23.719637384904086,0.0]}},{"type":"Feature","properties":{"fonte":"Nascentes das APPs da RMSP","codigo":null,"status":0,"curso_agua":null,"manancial":"Billings"},"geometry":{"type":"Point","coordinates":[-46.371584596764514,-23.71917924375086,0.0]}},{"type":"Feature","properties":{"fonte":"Nascentes das APPs da RMSP","codigo":null,"status":0,"curso_agua":null,"manancial":"Billings"},"geometry":{"type":"Point","coordinates":[-46.36114394693759,-23.718933878538003,0.0]}},{"type":"Feature","properties":{"fonte":"Nascentes das APPs da RMSP","codigo":null,"status":0,"curso_agua":null,"manancial":"Billings"},"geometry":{"type":"Point","coordinates":[-46.352237488943025,-23.717073165529182,0.0]}},{"type":"Feature","properties":{"fonte":"Nascentes das APPs da RMSP","codigo":null,"status":0,"curso_agua":null,"manancial":"Billings"},"geometry":{"type":"Point","coordinates":[-46.342073062676,-23.717019857540464,0.0]}},{"type":"Feature","properties":{"fonte":"Nascentes das APPs da RMSP","codigo":null,"status":0,"curso_agua":null,"manancial":"Billings"},"geometry":{"type":"Point","coordinates":[-46.35834811137383,-23.716955065252336,0.0]}},{"type":"Feature","properties":{"fonte":"Nascentes das APPs da RMSP","codigo":null,"status":0,"curso_agua":null,"manancial":"Alto Tietn Cabeceiras"},"geometry":{"type":"Point","coordinates":[-46.35440732455106,-23.716487613938543,0.0]}},{"type":"Feature","properties":{"fonte":"Nascentes das APPs da RMSP","codigo":null,"status":0,"curso_agua":null,"manancial":"Billings"},"geometry":{"type":"Point","coordinates":[-46.347058949314736,-23.716011105550706,0.0]}},{"type":"Feature","properties":{"fonte":"Nascentes das APPs da RMSP","codigo":"010203401","status":0,"curso_agua":null,"manancial":"Alto Tietn Cabeceiras"},"geometry":{"type":"Point","coordinates":[-46.34963443454831,-23.715557442417882,0.0]}},{"type":"Feature","properties":{"fonte":"Nascentes das APPs da RMSP","codigo":null,"status":0,"curso_agua":null,"manancial":"Alto Tietn Cabeceiras"},"geometry":{"type":"Point","coordinates":[-46.34160192205327,-23.715234219044714,0.0]}},{"type":"Feature","properties":{"fonte":"Nascentes das APPs da RMSP","codigo":null,"status":0,"curso_agua":null,"manancial":"Alto Tietn Cabeceiras"},"geometry":{"type":"Point","coordinates":[-46.34874147599585,-23.715103040889637,0.0]}},{"type":"Feature","properties":{"fonte":"Nascentes das APPs da RMSP","codigo":null,"status":0,"curso_agua":null,"manancial":"Alto Tietn Cabeceiras"},"geometry":{"type":"Point","coordinates":[-46.34420458335207,-23.715042942397684,0.0]}},{"type":"Feature","properties":{"fonte":"Nascentes das APPs da RMSP","codigo":null,"status":0,"curso_agua":null,"manancial":"Billings"},"geometry":{"type":"Point","coordinates":[-46.35834286009573,-23.714886578038495,0.0]}},{"type":"Feature","properties":{"fonte":"Nascentes das APPs da RMSP","codigo":null,"status":0,"curso_agua":null,"manancial":"Billings"},"geometry":{"type":"Point","coordinates":[-46.38327774770984,-23.71843770304202,0.0]}},{"type":"Feature","properties":{"fonte":"Nascentes das APPs da RMSP","codigo":null,"status":0,"curso_agua":null,"manancial":"Billings"},"geometry":{"type":"Point","coordinates":[-46.372584421194624,-23.717169079046972,0.0]}},{"type":"Feature","properties":{"fonte":"Nascentes das APPs da RMSP","codigo":null,"status":0,"curso_agua":null,"manancial":"Billings"},"geometry":{"type":"Point","coordinates":[-46.38811648418914,-23.71457150724032,0.0]}},{"type":"Feature","properties":{"fonte":"Nascentes das APPs da RMSP","codigo":null,"status":0,"curso_agua":null,"manancial":"Billings"},"geometry":{"type":"Point","coordinates":[-46.38629371331168,-23.712488435706685,0.0]}},{"type":"Feature","properties":{"fonte":"Nascentes das APPs da RMSP","codigo":null,"status":0,"curso_agua":null,"manancial":"Billings"},"geometry":{"type":"Point","coordinates":[-46.37855794335231,-23.711493464867903,0.0]}},{"type":"Feature","properties":{"fonte":"Nascentes das APPs da RMSP","codigo":null,"status":0,"curso_agua":null,"manancial":"Billings"},"geometry":{"type":"Point","coordinates":[-46.38634167923037,-23.711197427938938,0.0]}},{"type":"Feature","properties":{"fonte":"Nascentes das APPs da RMSP","codigo":null,"status":0,"curso_agua":null,"manancial":"Alto Tietn Cabeceiras"},"geometry":{"type":"Point","coordinates":[-46.360189145604664,-23.71104497583687,0.0]}},{"type":"Feature","properties":{"fonte":"Nascentes das APPs da RMSP","codigo":null,"status":0,"curso_agua":null,"manancial":"Billings"},"geometry":{"type":"Point","coordinates":[-46.37381448051318,-23.710763097649544,0.0]}},{"type":"Feature","properties":{"fonte":"Nascentes das APPs da RMSP","codigo":"0102043060806","status":0,"curso_agua":null,"manancial":"Billings"},"geometry":{"type":"Point","coordinates":[-46.37566310866108,-23.71039887177656,0.0]}},{"type":"Feature","properties":{"fonte":"Nascentes das APPs da RMSP","codigo":null,"status":0,"curso_agua":null,"manancial":"Billings"},"geometry":{"type":"Point","coordinates":[-46.365314425924026,-23.70845678264522,0.0]}},{"type":"Feature","properties":{"fonte":"Nascentes das APPs da RMSP","codigo":null,"status":0,"curso_agua":null,"manancial":"Billings"},"geometry":{"type":"Point","coordinates":[-46.39409474825754,-23.721134377192808,0.0]}},{"type":"Feature","properties":{"fonte":"Nascentes das APPs da RMSP","codigo":null,"status":0,"curso_agua":null,"manancial":"Billings"},"geometry":{"type":"Point","coordinates":[-46.39983572155011,-23.7192847061248,0.0]}},{"type":"Feature","properties":{"fonte":"Nascentes das APPs da RMSP","codigo":null,"status":0,"curso_agua":null,"manancial":"Billings"},"geometry":{"type":"Point","coordinates":[-46.399440932099374,-23.717391845232175,0.0]}},{"type":"Feature","properties":{"fonte":"Nascentes das APPs da RMSP","codigo":null,"status":0,"curso_agua":null,"manancial":"Billings"},"geometry":{"type":"Point","coordinates":[-46.39258801492187,-23.707033251139105,0.0]}},{"type":"Feature","properties":{"fonte":"Nascentes das APPs da RMSP","codigo":null,"status":0,"curso_agua":null,"manancial":"Billings"},"geometry":{"type":"Point","coordinates":[-46.392777293396065,-23.705039497901375,0.0]}},{"type":"Feature","properties":{"fonte":"Nascentes das APPs da RMSP","codigo":null,"status":0,"curso_agua":null,"manancial":"Billings"},"geometry":{"type":"Point","coordinates":[-46.383254201246054,-23.708113292506038,0.0]}},{"type":"Feature","properties":{"fonte":"Nascentes das APPs da RMSP","codigo":null,"status":0,"curso_agua":null,"manancial":"Billings"},"geometry":{"type":"Point","coordinates":[-46.38114073395553,-23.708040597163432,0.0]}},{"type":"Feature","properties":{"fonte":"Nascentes das APPs da RMSP","codigo":null,"status":0,"curso_agua":null,"manancial":"Billings"},"geometry":{"type":"Point","coordinates":[-46.38339243268173,-23.707175721850128,0.0]}},{"type":"Feature","properties":{"fonte":"Nascentes das APPs da RMSP","codigo":null,"status":0,"curso_agua":null,"manancial":"Alto Tietn Cabeceiras"},"geometry":{"type":"Point","coordinates":[-46.36490879947949,-23.706897878688164,0.0]}},{"type":"Feature","properties":{"fonte":"Nascentes das APPs da RMSP","codigo":null,"status":0,"curso_agua":null,"manancial":"Alto Tietn Cabeceiras"},"geometry":{"type":"Point","coordinates":[-46.372065949915275,-23.70583557307656,0.0]}},{"type":"Feature","properties":{"fonte":"Nascentes das APPs da RMSP","codigo":null,"status":0,"curso_agua":null,"manancial":"Billings"},"geometry":{"type":"Point","coordinates":[-46.38551414240372,-23.705830361931415,0.0]}},{"type":"Feature","properties":{"fonte":"Nascentes das APPs da RMSP","codigo":null,"status":0,"curso_agua":null,"manancial":"Billings"},"geometry":{"type":"Point","coordinates":[-46.38429256534287,-23.70385443256257,0.0]}},{"type":"Feature","properties":{"fonte":"Nascentes das APPs da RMSP","codigo":null,"status":0,"curso_agua":null,"manancial":"Alto Tietn Cabeceiras"},"geometry":{"type":"Point","coordinates":[-46.37693125290662,-23.70055189719993,0.0]}},{"type":"Feature","properties":{"fonte":"Nascentes das APPs da RMSP","codigo":null,"status":0,"curso_agua":null,"manancial":"Alto Tietn Cabeceiras"},"geometry":{"type":"Point","coordinates":[-46.36032427490153,-23.699972851156303,0.0]}},{"type":"Feature","properties":{"fonte":"Nascentes das APPs da RMSP","codigo":null,"status":0,"curso_agua":null,"manancial":"Alto Tietn Cabeceiras"},"geometry":{"type":"Point","coordinates":[-46.375821925111126,-23.69882128386108,0.0]}},{"type":"Feature","properties":{"fonte":"Nascentes das APPs da RMSP","codigo":null,"status":0,"curso_agua":null,"manancial":"Alto Tietn Cabeceiras"},"geometry":{"type":"Point","coordinates":[-46.362338966218275,-23.698102540250588,0.0]}},{"type":"Feature","properties":{"fonte":"Nascentes das APPs da RMSP","codigo":null,"status":0,"curso_agua":null,"manancial":"Billings"},"geometry":{"type":"Point","coordinates":[-46.37632734117187,-23.696497423760523,0.0]}},{"type":"Feature","properties":{"fonte":"Nascentes das APPs da RMSP","codigo":null,"status":0,"curso_agua":null,"manancial":"Billings"},"geometry":{"type":"Point","coordinates":[-46.375857872560665,-23.694856412733476,0.0]}},{"type":"Feature","properties":{"fonte":"Nascentes das APPs da RMSP","codigo":null,"status":0,"curso_agua":null,"manancial":"Billings"},"geometry":{"type":"Point","coordinates":[-46.388270980997135,-23.694602658519347,0.0]}},{"type":"Feature","properties":{"fonte":"Nascentes das APPs da RMSP","codigo":"01020340104","status":0,"curso_agua":null,"manancial":"Alto Tietn Cabeceiras"},"geometry":{"type":"Point","coordinates":[-46.373621453549795,-23.69458329523952,0.0]}},{"type":"Feature","properties":{"fonte":"Nascentes das APPs da RMSP","codigo":null,"status":0,"curso_agua":null,"manancial":"Billings"},"geometry":{"type":"Point","coordinates":[-46.38719041957522,-23.693387298735356,0.0]}},{"type":"Feature","properties":{"fonte":"Nascentes das APPs da RMSP","codigo":"01020340105","status":0,"curso_agua":null,"manancial":"Alto Tietn Cabeceiras"},"geometry":{"type":"Point","coordinates":[-46.37409870709132,-23.692774009547545,0.0]}},{"type":"Feature","properties":{"fonte":"Nascentes das APPs da RMSP","codigo":null,"status":0,"curso_agua":null,"manancial":"Alto Tietn Cabeceiras"},"geometry":{"type":"Point","coordinates":[-46.372664921195906,-23.692050672228163,0.0]}},{"type":"Feature","properties":{"fonte":"Nascentes das APPs da RMSP","codigo":null,"status":0,"curso_agua":null,"manancial":"Alto Tietn Cabeceiras"},"geometry":{"type":"Point","coordinates":[-46.35984746136516,-23.69162950404748,0.0]}},{"type":"Feature","properties":{"fonte":"Nascentes das APPs da RMSP","codigo":null,"status":0,"curso_agua":null,"manancial":"Billings"},"geometry":{"type":"Point","coordinates":[-46.376402125756115,-23.69100661026528,0.0]}},{"type":"Feature","properties":{"fonte":"Nascentes das APPs da RMSP","codigo":null,"status":0,"curso_agua":null,"manancial":"Billings"},"geometry":{"type":"Point","coordinates":[-46.39127165310052,-23.695337113473197,0.0]}},{"type":"Feature","properties":{"fonte":"Nascentes das APPs da RMSP","codigo":null,"status":0,"curso_agua":null,"manancial":"Alto Tietn Cabeceiras"},"geometry":{"type":"Point","coordinates":[-46.25738514659785,-23.7120528990008,0.0]}},{"type":"Feature","properties":{"fonte":"Nascentes das APPs da RMSP","codigo":null,"status":0,"curso_agua":null,"manancial":"Alto Tietn Cabeceiras"},"geometry":{"type":"Point","coordinates":[-46.25826634992321,-23.71053855992931,0.0]}},{"type":"Feature","properties":{"fonte":"Nascentes das APPs da RMSP","codigo":null,"status":0,"curso_agua":null,"manancial":"Alto Tietn Cabeceiras"},"geometry":{"type":"Point","coordinates":[-46.242543829018175,-23.710392623772965,0.0]}},{"type":"Feature","properties":{"fonte":"Nascentes das APPs da RMSP","codigo":null,"status":0,"curso_agua":null,"manancial":"Alto Tietn Cabeceiras"},"geometry":{"type":"Point","coordinates":[-46.24333204308909,-23.709732433169464,0.0]}},{"type":"Feature","properties":{"fonte":"Nascentes das APPs da RMSP","codigo":null,"status":0,"curso_agua":null,"manancial":"Alto Tietn Cabeceiras"},"geometry":{"type":"Point","coordinates":[-46.2572367631892,-23.708022308280984,0.0]}},{"type":"Feature","properties":{"fonte":"Nascentes das APPs da RMSP","codigo":null,"status":0,"curso_agua":null,"manancial":"Alto Tietn Cabeceiras"},"geometry":{"type":"Point","coordinates":[-46.24824750925851,-23.704739247374164,0.0]}},{"type":"Feature","properties":{"fonte":"Nascentes das APPs da RMSP","codigo":null,"status":0,"curso_agua":null,"manancial":"Alto Tietn Cabeceiras"},"geometry":{"type":"Point","coordinates":[-46.240160268915126,-23.702183447365876,0.0]}},{"type":"Feature","properties":{"fonte":"Nascentes das APPs da RMSP","codigo":null,"status":0,"curso_agua":null,"manancial":"Alto Tietn Cabeceiras"},"geometry":{"type":"Point","coordinates":[-46.257898652724144,-23.70148280821568,0.0]}},{"type":"Feature","properties":{"fonte":"Nascentes das APPs da RMSP","codigo":null,"status":0,"curso_agua":null,"manancial":"Alto Tietn Cabeceiras"},"geometry":{"type":"Point","coordinates":[-46.25005050889535,-23.697973922876034,0.0]}},{"type":"Feature","properties":{"fonte":"Nascentes das APPs da RMSP","codigo":null,"status":0,"curso_agua":null,"manancial":"Alto Tietn Cabeceiras"},"geometry":{"type":"Point","coordinates":[-46.25281746314247,-23.695125888999534,0.0]}},{"type":"Feature","properties":{"fonte":"Nascentes das APPs da RMSP","codigo":null,"status":0,"curso_agua":null,"manancial":"Alto Tietn Cabeceiras"},"geometry":{"type":"Point","coordinates":[-46.220398952891294,-23.69462246672026,0.0]}},{"type":"Feature","properties":{"fonte":"Nascentes das APPs da RMSP","codigo":null,"status":0,"curso_agua":null,"manancial":"Alto Tietn Cabeceiras"},"geometry":{"type":"Point","coordinates":[-46.224980629666675,-23.694176270586695,0.0]}},{"type":"Feature","properties":{"fonte":"Nascentes das APPs da RMSP","codigo":null,"status":0,"curso_agua":null,"manancial":"Alto Tietn Cabeceiras"},"geometry":{"type":"Point","coordinates":[-46.23142815492899,-23.69379185953553,0.0]}},{"type":"Feature","properties":{"fonte":"Nascentes das APPs da RMSP","codigo":null,"status":0,"curso_agua":null,"manancial":"Alto Tietn Cabeceiras"},"geometry":{"type":"Point","coordinates":[-46.23308699968756,-23.691647266544244,0.0]}},{"type":"Feature","properties":{"fonte":"Nascentes das APPs da RMSP","codigo":null,"status":0,"curso_agua":null,"manancial":"Alto Tietn Cabeceiras"},"geometry":{"type":"Point","coordinates":[-46.239579695170946,-23.690243462355358,0.0]}},{"type":"Feature","properties":{"fonte":"Nascentes das APPs da RMSP","codigo":"010203406","status":0,"curso_agua":null,"manancial":"Alto Tietn Cabeceiras"},"geometry":{"type":"Point","coordinates":[-46.23424010532878,-23.68942727998323,0.0]}},{"type":"Feature","properties":{"fonte":"Nascentes das APPs da RMSP","codigo":null,"status":0,"curso_agua":null,"manancial":"Alto Tietn Cabeceiras"},"geometry":{"type":"Point","coordinates":[-46.23088131103299,-23.68902139965937,0.0]}},{"type":"Feature","properties":{"fonte":"Nascentes das APPs da RMSP","codigo":null,"status":0,"curso_agua":null,"manancial":"Alto Tietn Cabeceiras"},"geometry":{"type":"Point","coordinates":[-46.2383945844317,-23.688639069431744,0.0]}},{"type":"Feature","properties":{"fonte":"Nascentes das APPs da RMSP","codigo":null,"status":0,"curso_agua":null,"manancial":"Alto Tietn Cabeceiras"},"geometry":{"type":"Point","coordinates":[-46.22907841048035,-23.685833277480253,0.0]}},{"type":"Feature","properties":{"fonte":"Nascentes das APPs da RMSP","codigo":null,"status":0,"curso_agua":null,"manancial":"Alto Tietn Cabeceiras"},"geometry":{"type":"Point","coordinates":[-46.22651432599901,-23.68576241917615,0.0]}},{"type":"Feature","properties":{"fonte":"Nascentes das APPs da RMSP","codigo":null,"status":0,"curso_agua":null,"manancial":"Alto Tietn Cabeceiras"},"geometry":{"type":"Point","coordinates":[-46.235603740376796,-23.683968751770706,0.0]}},{"type":"Feature","properties":{"fonte":"Nascentes das APPs da RMSP","codigo":null,"status":0,"curso_agua":null,"manancial":"Alto Tietn Cabeceiras"},"geometry":{"type":"Point","coordinates":[-46.222945614046644,-23.683856162086407,0.0]}},{"type":"Feature","properties":{"fonte":"Nascentes das APPs da RMSP","codigo":null,"status":0,"curso_agua":null,"manancial":"Alto Tietn Cabeceiras"},"geometry":{"type":"Point","coordinates":[-46.23637755070238,-23.68230983240813,0.0]}},{"type":"Feature","properties":{"fonte":"Nascentes das APPs da RMSP","codigo":null,"status":0,"curso_agua":null,"manancial":"Alto Tietn Cabeceiras"},"geometry":{"type":"Point","coordinates":[-46.22562181081365,-23.681858870628478,0.0]}},{"type":"Feature","properties":{"fonte":"Nascentes das APPs da RMSP","codigo":null,"status":0,"curso_agua":null,"manancial":"Alto Tietn Cabeceiras"},"geometry":{"type":"Point","coordinates":[-46.222489239159415,-23.6806536355055,0.0]}},{"type":"Feature","properties":{"fonte":"Nascentes das APPs da RMSP","codigo":null,"status":0,"curso_agua":null,"manancial":null},"geometry":{"type":"Point","coordinates":[-46.233044439427495,-23.780101364664194,0.0]}},{"type":"Feature","properties":{"fonte":"Nascentes das APPs da RMSP","codigo":null,"status":0,"curso_agua":null,"manancial":null},"geometry":{"type":"Point","coordinates":[-46.222144280134295,-23.771365499516186,0.0]}},{"type":"Feature","properties":{"fonte":"Nascentes das APPs da RMSP","codigo":null,"status":0,"curso_agua":null,"manancial":null},"geometry":{"type":"Point","coordinates":[-46.235154388114694,-23.770546756873408,0.0]}},{"type":"Feature","properties":{"fonte":"Nascentes das APPs da RMSP","codigo":null,"status":0,"curso_agua":null,"manancial":null},"geometry":{"type":"Point","coordinates":[-46.232538041693914,-23.760732771669208,0.0]}},{"type":"Feature","properties":{"fonte":"Nascentes das APPs da RMSP","codigo":null,"status":0,"curso_agua":null,"manancial":null},"geometry":{"type":"Point","coordinates":[-46.226289910967395,-23.74829243177898,0.0]}},{"type":"Feature","properties":{"fonte":"Nascentes das APPs da RMSP","codigo":null,"status":0,"curso_agua":null,"manancial":null},"geometry":{"type":"Point","coordinates":[-46.23251611839505,-23.74767211817378,0.0]}},{"type":"Feature","properties":{"fonte":"Nascentes das APPs da RMSP","codigo":null,"status":0,"curso_agua":null,"manancial":"Alto Tietn Cabeceiras"},"geometry":{"type":"Point","coordinates":[-46.22237172479491,-23.73940428150284,0.0]}},{"type":"Feature","properties":{"fonte":"Nascentes das APPs da RMSP","codigo":null,"status":0,"curso_agua":null,"manancial":null},"geometry":{"type":"Point","coordinates":[-46.22601846166925,-23.737629514329253,0.0]}},{"type":"Feature","properties":{"fonte":"Nascentes das APPs da RMSP","codigo":null,"status":0,"curso_agua":null,"manancial":null},"geometry":{"type":"Point","coordinates":[-46.23170835654513,-23.737419948681847,0.0]}},{"type":"Feature","properties":{"fonte":"Nascentes das APPs da RMSP","codigo":null,"status":0,"curso_agua":null,"manancial":null},"geometry":{"type":"Point","coordinates":[-46.23607665542543,-23.736868650025993,0.0]}},{"type":"Feature","properties":{"fonte":"Nascentes das APPs da RMSP","codigo":null,"status":0,"curso_agua":null,"manancial":"Alto Tietn Cabeceiras"},"geometry":{"type":"Point","coordinates":[-46.235335204909745,-23.734704407415204,0.0]}},{"type":"Feature","properties":{"fonte":"Nascentes das APPs da RMSP","codigo":null,"status":0,"curso_agua":null,"manancial":"Alto Tietn Cabeceiras"},"geometry":{"type":"Point","coordinates":[-46.234371393278764,-23.732054227894864,0.0]}},{"type":"Feature","properties":{"fonte":"Nascentes das APPs da RMSP","codigo":null,"status":0,"curso_agua":null,"manancial":"Alto Tietn Cabeceiras"},"geometry":{"type":"Point","coordinates":[-46.22903690493367,-23.731654192391908,0.0]}},{"type":"Feature","properties":{"fonte":"Nascentes das APPs da RMSP","codigo":null,"status":0,"curso_agua":null,"manancial":"Alto Tietn Cabeceiras"},"geometry":{"type":"Point","coordinates":[-46.232432209874716,-23.730199333825848,0.0]}},{"type":"Feature","properties":{"fonte":"Nascentes das APPs da RMSP","codigo":null,"status":0,"curso_agua":null,"manancial":"Alto Tietn Cabeceiras"},"geometry":{"type":"Point","coordinates":[-46.22753085939359,-23.727754787059542,0.0]}},{"type":"Feature","properties":{"fonte":"Nascentes das APPs da RMSP","codigo":null,"status":0,"curso_agua":null,"manancial":"Alto Tietn Cabeceiras"},"geometry":{"type":"Point","coordinates":[-46.227912377377,-23.726278751072176,0.0]}},{"type":"Feature","properties":{"fonte":"Nascentes das APPs da RMSP","codigo":null,"status":0,"curso_agua":null,"manancial":"Alto Tietn Cabeceiras"},"geometry":{"type":"Point","coordinates":[-46.237800463452736,-23.726078006673543,0.0]}},{"type":"Feature","properties":{"fonte":"Nascentes das APPs da RMSP","codigo":null,"status":0,"curso_agua":null,"manancial":"Alto Tietn Cabeceiras"},"geometry":{"type":"Point","coordinates":[-46.237251259359105,-23.723808358908986,0.0]}},{"type":"Feature","properties":{"fonte":"Nascentes das APPs da RMSP","codigo":null,"status":0,"curso_agua":null,"manancial":"Alto Tietn Cabeceiras"},"geometry":{"type":"Point","coordinates":[-46.22595347228486,-23.723771906237978,0.0]}},{"type":"Feature","properties":{"fonte":"Nascentes das APPs da RMSP","codigo":"0102033030202","status":0,"curso_agua":null,"manancial":"Alto Tietn Cabeceiras"},"geometry":{"type":"Point","coordinates":[-46.223742369926036,-23.72103036948797,0.0]}},{"type":"Feature","properties":{"fonte":"Nascentes das APPs da RMSP","codigo":null,"status":0,"curso_agua":null,"manancial":"Alto Tietn Cabeceiras"},"geometry":{"type":"Point","coordinates":[-46.22152933055114,-23.720496948353375,0.0]}},{"type":"Feature","properties":{"fonte":"Nascentes das APPs da RMSP","codigo":null,"status":0,"curso_agua":null,"manancial":"Alto Tietn Cabeceiras"},"geometry":{"type":"Point","coordinates":[-46.22006609809165,-23.715573885375303,0.0]}},{"type":"Feature","properties":{"fonte":"Nascentes das APPs da RMSP","codigo":"01020330302021","status":0,"curso_agua":null,"manancial":"Alto Tietn Cabeceiras"},"geometry":{"type":"Point","coordinates":[-46.22142491028842,-23.714865952411603,0.0]}},{"type":"Feature","properties":{"fonte":"Nascentes das APPs da RMSP","codigo":null,"status":0,"curso_agua":null,"manancial":"Alto Tietn Cabeceiras"},"geometry":{"type":"Point","coordinates":[-46.2313522605811,-23.709634911194925,0.0]}},{"type":"Feature","properties":{"fonte":"Nascentes das APPs da RMSP","codigo":null,"status":0,"curso_agua":null,"manancial":"Alto Tietn Cabeceiras"},"geometry":{"type":"Point","coordinates":[-46.326637731554726,-23.69544320902835,0.0]}},{"type":"Feature","properties":{"fonte":"Nascentes das APPs da RMSP","codigo":null,"status":0,"curso_agua":null,"manancial":"Alto Tietn Cabeceiras"},"geometry":{"type":"Point","coordinates":[-46.350014541136865,-23.69488697201222,0.0]}},{"type":"Feature","properties":{"fonte":"Nascentes das APPs da RMSP","codigo":null,"status":0,"curso_agua":null,"manancial":"Alto Tietn Cabeceiras"},"geometry":{"type":"Point","coordinates":[-46.34816022514718,-23.694212094755112,0.0]}},{"type":"Feature","properties":{"fonte":"Nascentes das APPs da RMSP","codigo":null,"status":0,"curso_agua":null,"manancial":"Alto Tietn Cabeceiras"},"geometry":{"type":"Point","coordinates":[-46.33999667765139,-23.690824970309183,0.0]}},{"type":"Feature","properties":{"fonte":"Nascentes das APPs da RMSP","codigo":null,"status":0,"curso_agua":null,"manancial":"Alto Tietn Cabeceiras"},"geometry":{"type":"Point","coordinates":[-46.34997016955373,-23.690577836004813,0.0]}},{"type":"Feature","properties":{"fonte":"Nascentes das APPs da RMSP","codigo":null,"status":0,"curso_agua":null,"manancial":"Alto Tietn Cabeceiras"},"geometry":{"type":"Point","coordinates":[-46.32919290401076,-23.689877144794096,0.0]}},{"type":"Feature","properties":{"fonte":"Nascentes das APPs da RMSP","codigo":null,"status":0,"curso_agua":null,"manancial":"Alto Tietn Cabeceiras"},"geometry":{"type":"Point","coordinates":[-46.327086219800925,-23.689587051663928,0.0]}},{"type":"Feature","properties":{"fonte":"Nascentes das APPs da RMSP","codigo":null,"status":0,"curso_agua":null,"manancial":"Alto Tietn Cabeceiras"},"geometry":{"type":"Point","coordinates":[-46.34832138277846,-23.68789142444899,0.0]}},{"type":"Feature","properties":{"fonte":"Nascentes das APPs da RMSP","codigo":null,"status":0,"curso_agua":null,"manancial":"Alto Tietn Cabeceiras"},"geometry":{"type":"Point","coordinates":[-46.326653947229666,-23.68776573125017,0.0]}},{"type":"Feature","properties":{"fonte":"Nascentes das APPs da RMSP","codigo":null,"status":0,"curso_agua":null,"manancial":"Alto Tietn Cabeceiras"},"geometry":{"type":"Point","coordinates":[-46.32770450195055,-23.686840345575376,0.0]}},{"type":"Feature","properties":{"fonte":"Nascentes das APPs da RMSP","codigo":null,"status":0,"curso_agua":null,"manancial":"Alto Tietn Cabeceiras"},"geometry":{"type":"Point","coordinates":[-46.263673204083766,-23.6956640513438,0.0]}},{"type":"Feature","properties":{"fonte":"Nascentes das APPs da RMSP","codigo":null,"status":0,"curso_agua":null,"manancial":"Alto Tietn Cabeceiras"},"geometry":{"type":"Point","coordinates":[-46.29500701365012,-23.69186484647239,0.0]}},{"type":"Feature","properties":{"fonte":"Nascentes das APPs da RMSP","codigo":null,"status":0,"curso_agua":null,"manancial":"Alto Tietn Cabeceiras"},"geometry":{"type":"Point","coordinates":[-46.290900714698346,-23.689659294736543,0.0]}},{"type":"Feature","properties":{"fonte":"Nascentes das APPs da RMSP","codigo":null,"status":0,"curso_agua":null,"manancial":"Alto Tietn Cabeceiras"},"geometry":{"type":"Point","coordinates":[-46.29223496116843,-23.689027078224722,0.0]}},{"type":"Feature","properties":{"fonte":"Nascentes das APPs da RMSP","codigo":null,"status":0,"curso_agua":null,"manancial":"Alto Tietn Cabeceiras"},"geometry":{"type":"Point","coordinates":[-46.29296495959578,-23.687158216675055,0.0]}},{"type":"Feature","properties":{"fonte":"Nascentes das APPs da RMSP","codigo":null,"status":0,"curso_agua":null,"manancial":"Alto Tietn Cabeceiras"},"geometry":{"type":"Point","coordinates":[-46.290063531499136,-23.68689293377106,0.0]}},{"type":"Feature","properties":{"fonte":"Nascentes das APPs da RMSP","codigo":null,"status":0,"curso_agua":null,"manancial":"Alto Tietn Cabeceiras"},"geometry":{"type":"Point","coordinates":[-46.29239475257657,-23.686247170144547,0.0]}},{"type":"Feature","properties":{"fonte":"Nascentes das APPs da RMSP","codigo":null,"status":0,"curso_agua":null,"manancial":"Alto Tietn Cabeceiras"},"geometry":{"type":"Point","coordinates":[-46.287020059903455,-23.685776646401933,0.0]}},{"type":"Feature","properties":{"fonte":"Nascentes das APPs da RMSP","codigo":null,"status":0,"curso_agua":null,"manancial":"Alto Tietn Cabeceiras"},"geometry":{"type":"Point","coordinates":[-46.274385289416514,-23.68551380082398,0.0]}},{"type":"Feature","properties":{"fonte":"Nascentes das APPs da RMSP","codigo":null,"status":0,"curso_agua":null,"manancial":"Alto Tietn Cabeceiras"},"geometry":{"type":"Point","coordinates":[-46.2948328045803,-23.68378727246374,0.0]}},{"type":"Feature","properties":{"fonte":"Nascentes das APPs da RMSP","codigo":null,"status":0,"curso_agua":null,"manancial":"Alto Tietn Cabeceiras"},"geometry":{"type":"Point","coordinates":[-46.317828131887225,-23.69428643974827,0.0]}},{"type":"Feature","properties":{"fonte":"Nascentes das APPs da RMSP","codigo":null,"status":0,"curso_agua":null,"manancial":"Alto Tietn Cabeceiras"},"geometry":{"type":"Point","coordinates":[-46.310906703760246,-23.693524964670285,0.0]}},{"type":"Feature","properties":{"fonte":"Nascentes das APPs da RMSP","codigo":null,"status":0,"curso_agua":null,"manancial":"Alto Tietn Cabeceiras"},"geometry":{"type":"Point","coordinates":[-46.32393667022614,-23.692643164863828,0.0]}},{"type":"Feature","properties":{"fonte":"Nascentes das APPs da RMSP","codigo":null,"status":0,"curso_agua":null,"manancial":"Alto Tietn Cabeceiras"},"geometry":{"type":"Point","coordinates":[-46.30088881541326,-23.69245938595572,0.0]}},{"type":"Feature","properties":{"fonte":"Nascentes das APPs da RMSP","codigo":null,"status":0,"curso_agua":null,"manancial":"Alto Tietn Cabeceiras"},"geometry":{"type":"Point","coordinates":[-46.3004590407436,-23.68992441089134,0.0]}},{"type":"Feature","properties":{"fonte":"Nascentes das APPs da RMSP","codigo":null,"status":0,"curso_agua":null,"manancial":"Alto Tietn Cabeceiras"},"geometry":{"type":"Point","coordinates":[-46.325652317342715,-23.68966723410155,0.0]}},{"type":"Feature","properties":{"fonte":"Nascentes das APPs da RMSP","codigo":null,"status":0,"curso_agua":null,"manancial":"Alto Tietn Cabeceiras"},"geometry":{"type":"Point","coordinates":[-46.32612090774753,-23.686620456981213,0.0]}},{"type":"Feature","properties":{"fonte":"Nascentes das APPs da RMSP","codigo":null,"status":0,"curso_agua":null,"manancial":"Alto Tietn Cabeceiras"},"geometry":{"type":"Point","coordinates":[-46.31006673141794,-23.684345516569852,0.0]}},{"type":"Feature","properties":{"fonte":"Nascentes das APPs da RMSP","codigo":null,"status":0,"curso_agua":null,"manancial":"Alto Tietn Cabeceiras"},"geometry":{"type":"Point","coordinates":[-46.32112157478343,-23.68387987665929,0.0]}},{"type":"Feature","properties":{"fonte":"Nascentes das APPs da RMSP","codigo":null,"status":0,"curso_agua":null,"manancial":"Alto Tietn Cabeceiras"},"geometry":{"type":"Point","coordinates":[-46.315918170426,-23.68335840872149,0.0]}},{"type":"Feature","properties":{"fonte":"Nascentes das APPs da RMSP","codigo":null,"status":0,"curso_agua":null,"manancial":"Alto Tietn Cabeceiras"},"geometry":{"type":"Point","coordinates":[-46.25332420114496,-23.691718576118404,0.0]}},{"type":"Feature","properties":{"fonte":"Nascentes das APPs da RMSP","codigo":null,"status":0,"curso_agua":null,"manancial":"Alto Tietn Cabeceiras"},"geometry":{"type":"Point","coordinates":[-46.25228410384339,-23.69008731650171,0.0]}},{"type":"Feature","properties":{"fonte":"Nascentes das APPs da RMSP","codigo":null,"status":0,"curso_agua":null,"manancial":"Alto Tietn Cabeceiras"},"geometry":{"type":"Point","coordinates":[-46.25806962116177,-23.6892729927024,0.0]}},{"type":"Feature","properties":{"fonte":"Nascentes das APPs da RMSP","codigo":null,"status":0,"curso_agua":null,"manancial":"Alto Tietn Cabeceiras"},"geometry":{"type":"Point","coordinates":[-46.260738112823645,-23.686292843233723,0.0]}},{"type":"Feature","properties":{"fonte":"Nascentes das APPs da RMSP","codigo":null,"status":0,"curso_agua":null,"manancial":"Alto Tietn Cabeceiras"},"geometry":{"type":"Point","coordinates":[-46.24227543673221,-23.6831766347718,0.0]}},{"type":"Feature","properties":{"fonte":"Nascentes das APPs da RMSP","codigo":null,"status":0,"curso_agua":null,"manancial":"Alto Tietn Cabeceiras"},"geometry":{"type":"Point","coordinates":[-46.348147615849314,-23.68539610034304,0.0]}},{"type":"Feature","properties":{"fonte":"Nascentes das APPs da RMSP","codigo":null,"status":0,"curso_agua":null,"manancial":"Alto Tietn Cabeceiras"},"geometry":{"type":"Point","coordinates":[-46.34056020078553,-23.68420253241181,0.0]}},{"type":"Feature","properties":{"fonte":"Nascentes das APPs da RMSP","codigo":null,"status":0,"curso_agua":null,"manancial":"Alto Tietn Cabeceiras"},"geometry":{"type":"Point","coordinates":[-46.35509805160381,-23.682191049623814,0.0]}},{"type":"Feature","properties":{"fonte":"Nascentes das APPs da RMSP","codigo":null,"status":0,"curso_agua":null,"manancial":"Alto Tietn Cabeceiras"},"geometry":{"type":"Point","coordinates":[-46.341589280395,-23.681939953383615,0.0]}},{"type":"Feature","properties":{"fonte":"Nascentes das APPs da RMSP","codigo":null,"status":0,"curso_agua":null,"manancial":"Alto Tietn Cabeceiras"},"geometry":{"type":"Point","coordinates":[-46.34918338387162,-23.68148060785998,0.0]}},{"type":"Feature","properties":{"fonte":"Nascentes das APPs da RMSP","codigo":null,"status":0,"curso_agua":null,"manancial":"Alto Tietn Cabeceiras"},"geometry":{"type":"Point","coordinates":[-46.34226880045087,-23.680548929027047,0.0]}},{"type":"Feature","properties":{"fonte":"Nascentes das APPs da RMSP","codigo":null,"status":0,"curso_agua":null,"manancial":"Alto Tietn Cabeceiras"},"geometry":{"type":"Point","coordinates":[-46.31252060137254,-23.682644261401506,0.0]}},{"type":"Feature","properties":{"fonte":"Nascentes das APPs da RMSP","codigo":null,"status":0,"curso_agua":null,"manancial":"Alto Tietn Cabeceiras"},"geometry":{"type":"Point","coordinates":[-46.317877090638696,-23.68143363919961,0.0]}},{"type":"Feature","properties":{"fonte":"Nascentes das APPs da RMSP","codigo":null,"status":0,"curso_agua":null,"manancial":"Alto Tietn Cabeceiras"},"geometry":{"type":"Point","coordinates":[-46.321055035424436,-23.681187232788048,0.0]}},{"type":"Feature","properties":{"fonte":"Nascentes das APPs da RMSP","codigo":null,"status":0,"curso_agua":null,"manancial":"Alto Tietn Cabeceiras"},"geometry":{"type":"Point","coordinates":[-46.291729926028104,-23.682019873165203,0.0]}},{"type":"Feature","properties":{"fonte":"Nascentes das APPs da RMSP","codigo":null,"status":0,"curso_agua":null,"manancial":"Alto Tietn Cabeceiras"},"geometry":{"type":"Point","coordinates":[-46.27329313687968,-23.68056698983414,0.0]}},{"type":"Feature","properties":{"fonte":"Nascentes das APPs da RMSP","codigo":null,"status":0,"curso_agua":null,"manancial":"Alto Tietn Cabeceiras"},"geometry":{"type":"Point","coordinates":[-46.283779723797785,-23.680285789769783,0.0]}},{"type":"Feature","properties":{"fonte":"Nascentes das APPs da RMSP","codigo":null,"status":0,"curso_agua":null,"manancial":"Alto Tietn Cabeceiras"},"geometry":{"type":"Point","coordinates":[-46.285180198694654,-23.68010616302919,0.0]}},{"type":"Feature","properties":{"fonte":"Nascentes das APPs da RMSP","codigo":null,"status":0,"curso_agua":null,"manancial":"Billings"},"geometry":{"type":"Point","coordinates":[-46.38141114194579,-23.689292575344567,0.0]}},{"type":"Feature","properties":{"fonte":"Nascentes das APPs da RMSP","codigo":null,"status":0,"curso_agua":null,"manancial":"Alto Tietn Cabeceiras"},"geometry":{"type":"Point","coordinates":[-46.371119988178116,-23.688923266550358,0.0]}},{"type":"Feature","properties":{"fonte":"Nascentes das APPs da RMSP","codigo":null,"status":0,"curso_agua":null,"manancial":"Billings"},"geometry":{"type":"Point","coordinates":[-46.38250040066405,-23.68758151814984,0.0]}},{"type":"Feature","properties":{"fonte":"Nascentes das APPs da RMSP","codigo":null,"status":0,"curso_agua":null,"manancial":"Alto Tietn Cabeceiras"},"geometry":{"type":"Point","coordinates":[-46.38106312719046,-23.68589177414716,0.0]}},{"type":"Feature","properties":{"fonte":"Nascentes das APPs da RMSP","codigo":null,"status":0,"curso_agua":null,"manancial":"Alto Tietn Cabeceiras"},"geometry":{"type":"Point","coordinates":[-46.36716511329937,-23.685574506726617,0.0]}},{"type":"Feature","properties":{"fonte":"Nascentes das APPs da RMSP","codigo":null,"status":0,"curso_agua":null,"manancial":"Billings"},"geometry":{"type":"Point","coordinates":[-46.38326654436294,-23.684954006338113,0.0]}},{"type":"Feature","properties":{"fonte":"Nascentes das APPs da RMSP","codigo":null,"status":0,"curso_agua":null,"manancial":"Billings"},"geometry":{"type":"Point","coordinates":[-46.38178253718713,-23.683832706233815,0.0]}},{"type":"Feature","properties":{"fonte":"Nascentes das APPs da RMSP","codigo":null,"status":0,"curso_agua":null,"manancial":"Alto Tietn Cabeceiras"},"geometry":{"type":"Point","coordinates":[-46.37940763086073,-23.68105580573347,0.0]}},{"type":"Feature","properties":{"fonte":"Nascentes das APPs da RMSP","codigo":null,"status":0,"curso_agua":null,"manancial":"Billings"},"geometry":{"type":"Point","coordinates":[-46.388640371577175,-23.68009210418268,0.0]}},{"type":"Feature","properties":{"fonte":"Nascentes das APPs da RMSP","codigo":null,"status":0,"curso_agua":null,"manancial":"Billings"},"geometry":{"type":"Point","coordinates":[-46.39099495481928,-23.681685301001135,0.0]}}]}