{"type":"FeatureCollection","features":[{"type":"Feature","properties":{"lote":"0_PMSA_LOTE"},"geometry":{"type":"LineString","coordinates":[[-46.301116,-23.7803523333,0.0],[-46.301535,-23.7801053333,0.0]]}},{"type":"Feature","properties":{"lote":"0_PMSA_LOTE"},"geometry":{"type":"LineString","coordinates":[[-46.301063,-23.7797173333,0.0],[-46.300943,-23.7795413333,0.0]]}},{"type":"Feature","properties":{"lote":"0_PMSA_LOTE"},"geometry":{"type":"LineString","coordinates":[[-46.301129,-23.7796793333,0.0],[-46.30101,-23.7795033333,0.0]]}},{"type":"Feature","properties":{"lote":"0_PMSA_LOTE"},"geometry":{"type":"LineString","coordinates":[[-46.301263,-23.7796033333,0.0],[-46.301143,-23.7794273333,0.0]]}},{"type":"Feature","properties":{"lote":"0_PMSA_LOTE"},"geometry":{"type":"LineString","coordinates":[[-46.301345,-23.7795433333,0.0],[-46.301231,-23.7793763333,0.0]]}},{"type":"Feature","properties":{"lote":"0_PMSA_LOTE"},"geometry":{"type":"LineString","coordinates":[[-46.301775,-23.7799163333,0.0],[-46.301972,-23.7798373333,0.0]]}},{"type":"Feature","properties":{"lote":"0_PMSA_LOTE"},"geometry":{"type":"LineString","coordinates":[[-46.301798,-23.7799643333,0.0],[-46.301995,-23.7798853333,0.0]]}},{"type":"Feature","properties":{"lote":"0_PMSA_LOTE"},"geometry":{"type":"LineString","coordinates":[[-46.3016,-23.7800533333,0.0],[-46.301791,-23.7799503333,0.0]]}},{"type":"Feature","properties":{"lote":"0_PMSA_LOTE"},"geometry":{"type":"LineString","coordinates":[[-46.301538,-23.7799553333,0.0],[-46.301697,-23.7798703333,0.0]]}},{"type":"Feature","properties":{"lote":"0_PMSA_LOTE"},"geometry":{"type":"LineString","coordinates":[[-46.301672,-23.7783143333,0.0],[-46.301845,-23.7781503333,0.0]]}},{"type":"Feature","properties":{"lote":"0_PMSA_LOTE"},"geometry":{"type":"LineString","coordinates":[[-46.301845,-23.7781503333,0.0],[-46.301849,-23.7781503333,0.0]]}},{"type":"Feature","properties":{"lote":"0_PMSA_LOTE"},"geometry":{"type":"LineString","coordinates":[[-46.301532,-23.7800913333,0.0],[-46.301533,-23.7800943333,0.0]]}},{"type":"Feature","properties":{"lote":"0_PMSA_LOTE"},"geometry":{"type":"LineString","coordinates":[[-46.297852,-23.7765203333,0.0],[-46.297794,-23.7762893333,0.0],[-46.298373,-23.7761563333,0.0]]}},{"type":"Feature","properties":{"lote":"0_PMSA_LOTE"},"geometry":{"type":"LineString","coordinates":[[-46.298861,-23.7792273333,0.0],[-46.298757,-23.7789623333,0.0]]}},{"type":"Feature","properties":{"lote":"0_PMSA_LOTE"},"geometry":{"type":"LineString","coordinates":[[-46.298757,-23.7789623333,0.0],[-46.298767,-23.7788163333,0.0]]}},{"type":"Feature","properties":{"lote":"0_PMSA_LOTE"},"geometry":{"type":"LineString","coordinates":[[-46.298767,-23.7788163333,0.0],[-46.298729,-23.7786113333,0.0]]}},{"type":"Feature","properties":{"lote":"0_PMSA_LOTE"},"geometry":{"type":"LineString","coordinates":[[-46.301838,-23.7785413333,0.0],[-46.301851,-23.7785913333,0.0]]}},{"type":"Feature","properties":{"lote":"0_PMSA_LOTE"},"geometry":{"type":"LineString","coordinates":[[-46.298599,-23.7756633333,0.0],[-46.298481,-23.7752433333,0.0]]}},{"type":"Feature","properties":{"lote":"0_PMSA_LOTE"},"geometry":{"type":"LineString","coordinates":[[-46.298158,-23.7764383333,0.0],[-46.298092,-23.7762203333,0.0]]}},{"type":"Feature","properties":{"lote":"0_PMSA_LOTE"},"geometry":{"type":"LineString","coordinates":[[-46.297957,-23.7764843333,0.0],[-46.297891,-23.7762663333,0.0]]}},{"type":"Feature","properties":{"lote":"0_PMSA_LOTE"},"geometry":{"type":"LineString","coordinates":[[-46.298424,-23.7774983333,0.0],[-46.298493,-23.7777573333,0.0]]}},{"type":"Feature","properties":{"lote":"0_PMSA_LOTE"},"geometry":{"type":"LineString","coordinates":[[-46.301845,-23.7781503333,0.0],[-46.301856,-23.7781113333,0.0]]}},{"type":"Feature","properties":{"lote":"0_PMSA_LOTE"},"geometry":{"type":"LineString","coordinates":[[-46.301658,-23.7766433333,0.0],[-46.301589,-23.7767723333,0.0],[-46.301369,-23.7766723333,0.0],[-46.301144,-23.7771003333,0.0],[-46.301152,-23.7771673333,0.0],[-46.30118,-23.7771753333,0.0],[-46.301245,-23.7771733333,0.0],[-46.301361,-23.7771863333,0.0],[-46.301513,-23.7772253333,0.0],[-46.301899,-23.7773463333,0.0],[-46.301955,-23.7773363333,0.0]]}},{"type":"Feature","properties":{"lote":"0_PMSA_LOTE"},"geometry":{"type":"LineString","coordinates":[[-46.30192,-23.7781853333,0.0],[-46.3019,-23.7782463333,0.0],[-46.301888,-23.7783713333,0.0],[-46.30189,-23.7784533333,0.0],[-46.301902,-23.7785463333,0.0],[-46.301926,-23.7786533333,0.0],[-46.301958,-23.7787573333,0.0],[-46.302056,-23.7787813333,0.0],[-46.302061,-23.7787573333,0.0]]}},{"type":"Feature","properties":{"lote":"0_PMSA_LOTE"},"geometry":{"type":"LineString","coordinates":[[-46.298605,-23.7781533333,0.0],[-46.298845,-23.7780983333,0.0],[-46.298901,-23.7781193333,0.0],[-46.298937,-23.7782263333,0.0],[-46.29896,-23.7782193333,0.0],[-46.298992,-23.7783113333,0.0],[-46.298971,-23.7783263333,0.0],[-46.29899,-23.7783993333,0.0],[-46.298979,-23.7784263333,0.0],[-46.298729,-23.7786113333,0.0],[-46.298525,-23.7778583333,0.0],[-46.298529,-23.7778483333,0.0],[-46.299734,-23.7775613333,0.0],[-46.299743,-23.7775683333,0.0],[-46.299845,-23.7779463333,0.0]]}},{"type":"Feature","properties":{"lote":"0_PMSA_LOTE"},"geometry":{"type":"LineString","coordinates":[[-46.296979,-23.7764093333,0.0],[-46.296962,-23.7763463333,0.0],[-46.296964,-23.7763383333,0.0],[-46.297041,-23.7763503333,0.0],[-46.297124,-23.7763753333,0.0],[-46.297036,-23.7766103333,0.0],[-46.296979,-23.7764093333,0.0]]}},{"type":"Feature","properties":{"lote":"0_PMSA_LOTE"},"geometry":{"type":"LineString","coordinates":[[-46.297175,-23.7765143333,0.0],[-46.297225,-23.7764243333,0.0],[-46.297316,-23.7764733333,0.0],[-46.29719,-23.7767023333,0.0],[-46.297181,-23.7767043333,0.0],[-46.297092,-23.7766573333,0.0],[-46.297175,-23.7765143333,0.0]]}},{"type":"Feature","properties":{"lote":"0_PMSA_LOTE"},"geometry":{"type":"LineString","coordinates":[[-46.297316,-23.7764733333,0.0],[-46.297495,-23.7765673333,0.0],[-46.297433,-23.7766693333,0.0],[-46.29719,-23.7767023333,0.0],[-46.297316,-23.7764733333,0.0]]}},{"type":"Feature","properties":{"lote":"0_PMSA_LOTE"},"geometry":{"type":"LineString","coordinates":[[-46.300377,-23.7794333333,0.0],[-46.300402,-23.7794183333,0.0],[-46.300515,-23.7795983333,0.0],[-46.300428,-23.7796433333,0.0],[-46.300307,-23.7796043333,0.0],[-46.300377,-23.7794333333,0.0]]}},{"type":"Feature","properties":{"lote":"0_PMSA_LOTE"},"geometry":{"type":"LineString","coordinates":[[-46.301406,-23.7790083333,0.0],[-46.301618,-23.7789693333,0.0],[-46.301628,-23.7790083333,0.0],[-46.30146,-23.7790913333,0.0],[-46.301406,-23.7790083333,0.0]]}},{"type":"Feature","properties":{"lote":"0_PMSA_LOTE"},"geometry":{"type":"LineString","coordinates":[[-46.301845,-23.7781503333,0.0],[-46.301806,-23.7782803333,0.0],[-46.301672,-23.7783143333,0.0],[-46.301542,-23.7784373333,0.0],[-46.301595,-23.7785073333,0.0],[-46.301408,-23.7786173333,0.0],[-46.301436,-23.7787203333,0.0],[-46.301407,-23.7787263333,0.0],[-46.301441,-23.7788683333,0.0],[-46.301328,-23.7788913333,0.0],[-46.301304,-23.7788563333,0.0],[-46.301009,-23.7790233333,0.0],[-46.301064,-23.7791043333,0.0],[-46.300774,-23.7792683333,0.0],[-46.300681,-23.7791303333,0.0],[-46.300898,-23.7787003333,0.0],[-46.301646,-23.7778933333,0.0],[-46.301783,-23.7778953333,0.0],[-46.301985,-23.7776823333,0.0],[-46.301856,-23.7781113333,0.0]]}},{"type":"Feature","properties":{"lote":"0_PMSA_LOTE"},"geometry":{"type":"LineString","coordinates":[[-46.298332,-23.7780753333,0.0],[-46.29829,-23.7779063333,0.0]]}},{"type":"Feature","properties":{"lote":"0_PMSA_LOTE"},"geometry":{"type":"LineString","coordinates":[[-46.29829,-23.7779063333,0.0],[-46.298356,-23.7781703333,0.0]]}},{"type":"Feature","properties":{"lote":"0_PMSA_LOTE"},"geometry":{"type":"LineString","coordinates":[[-46.298658,-23.7790413333,0.0],[-46.298636,-23.7789803333,0.0],[-46.298656,-23.7789013333,0.0],[-46.298644,-23.7787483333,0.0],[-46.298634,-23.7786973333,0.0],[-46.298498,-23.7782113333,0.0],[-46.298414,-23.7778833333,0.0],[-46.298404,-23.7778803333,0.0],[-46.297335,-23.7781243333,0.0],[-46.297053,-23.7771213333,0.0]]}},{"type":"Feature","properties":{"lote":"0_PMSA_LOTE"},"geometry":{"type":"LineString","coordinates":[[-46.296831,-23.7763253333,0.0],[-46.296549,-23.7763323333,0.0]]}},{"type":"Feature","properties":{"lote":"0_PMSA_LOTE"},"geometry":{"type":"LineString","coordinates":[[-46.29848,-23.7781413333,0.0],[-46.297442,-23.7783833333,0.0]]}},{"type":"Feature","properties":{"lote":"0_PMSA_LOTE"},"geometry":{"type":"LineString","coordinates":[[-46.29848,-23.7781413333,0.0],[-46.29848,-23.7781433333,0.0]]}},{"type":"Feature","properties":{"lote":"0_PMSA_LOTE"},"geometry":{"type":"LineString","coordinates":[[-46.297008,-23.7769633333,0.0],[-46.297052,-23.7771193333,0.0]]}},{"type":"Feature","properties":{"lote":"0_PMSA_LOTE"},"geometry":{"type":"LineString","coordinates":[[-46.297052,-23.7771193333,0.0],[-46.297053,-23.7771213333,0.0]]}},{"type":"Feature","properties":{"lote":"0_PMSA_LOTE"},"geometry":{"type":"LineString","coordinates":[[-46.297044,-23.7781263333,0.0],[-46.296549,-23.7763323333,0.0]]}},{"type":"Feature","properties":{"lote":"0_PMSA_LOTE"},"geometry":{"type":"LineString","coordinates":[[-46.296985,-23.7768813333,0.0],[-46.297008,-23.7769633333,0.0]]}},{"type":"Feature","properties":{"lote":"0_PMSA_LOTE"},"geometry":{"type":"LineString","coordinates":[[-46.296942,-23.7767243333,0.0],[-46.296963,-23.7768013333,0.0]]}},{"type":"Feature","properties":{"lote":"0_PMSA_LOTE"},"geometry":{"type":"LineString","coordinates":[[-46.296918,-23.7766403333,0.0],[-46.296942,-23.7767243333,0.0]]}},{"type":"Feature","properties":{"lote":"0_PMSA_LOTE"},"geometry":{"type":"LineString","coordinates":[[-46.296801,-23.7767573333,0.0],[-46.296801,-23.7767573333,0.0]]}},{"type":"Feature","properties":{"lote":"0_PMSA_LOTE"},"geometry":{"type":"LineString","coordinates":[[-46.296801,-23.7767573333,0.0],[-46.296801,-23.7767573333,0.0]]}},{"type":"Feature","properties":{"lote":"0_PMSA_LOTE"},"geometry":{"type":"LineString","coordinates":[[-46.296874,-23.7764823333,0.0],[-46.296918,-23.7766403333,0.0]]}},{"type":"Feature","properties":{"lote":"0_PMSA_LOTE"},"geometry":{"type":"LineString","coordinates":[[-46.296831,-23.7763253333,0.0],[-46.296852,-23.7764033333,0.0]]}},{"type":"Feature","properties":{"lote":"0_PMSA_LOTE"},"geometry":{"type":"LineString","coordinates":[[-46.296963,-23.7768013333,0.0],[-46.29698,-23.7768633333,0.0]]}},{"type":"Feature","properties":{"lote":"0_PMSA_LOTE"},"geometry":{"type":"LineString","coordinates":[[-46.29698,-23.7768633333,0.0],[-46.296985,-23.7768813333,0.0]]}},{"type":"Feature","properties":{"lote":"0_PMSA_LOTE"},"geometry":{"type":"LineString","coordinates":[[-46.296852,-23.7764033333,0.0],[-46.296874,-23.7764823333,0.0]]}},{"type":"Feature","properties":{"lote":"0_PMSA_LOTE"},"geometry":{"type":"LineString","coordinates":[[-46.299558,-23.7769103333,0.0],[-46.29963,-23.7771653333,0.0]]}},{"type":"Feature","properties":{"lote":"0_PMSA_LOTE"},"geometry":{"type":"LineString","coordinates":[[-46.299845,-23.7779463333,0.0],[-46.299894,-23.7781273333,0.0]]}},{"type":"Feature","properties":{"lote":"0_PMSA_LOTE"},"geometry":{"type":"LineString","coordinates":[[-46.299894,-23.7781273333,0.0],[-46.299896,-23.7781593333,0.0],[-46.299883,-23.7781953333,0.0]]}},{"type":"Feature","properties":{"lote":"0_PMSA_LOTE"},"geometry":{"type":"LineString","coordinates":[[-46.299883,-23.7781953333,0.0],[-46.299039,-23.7794813333,0.0]]}},{"type":"Feature","properties":{"lote":"0_PMSA_LOTE"},"geometry":{"type":"LineString","coordinates":[[-46.299786,-23.7783423333,0.0],[-46.299536,-23.7781993333,0.0]]}},{"type":"Feature","properties":{"lote":"0_PMSA_LOTE"},"geometry":{"type":"LineString","coordinates":[[-46.299675,-23.7785123333,0.0],[-46.299425,-23.7783693333,0.0]]}},{"type":"Feature","properties":{"lote":"0_PMSA_LOTE"},"geometry":{"type":"LineString","coordinates":[[-46.299527,-23.7778933333,0.0],[-46.298595,-23.7781153333,0.0]]}},{"type":"Feature","properties":{"lote":"0_PMSA_LOTE"},"geometry":{"type":"LineString","coordinates":[[-46.299208,-23.7779693333,0.0],[-46.299134,-23.7777033333,0.0]]}},{"type":"Feature","properties":{"lote":"0_PMSA_LOTE"},"geometry":{"type":"LineString","coordinates":[[-46.299619,-23.7785973333,0.0],[-46.299369,-23.7784543333,0.0]]}},{"type":"Feature","properties":{"lote":"0_PMSA_LOTE"},"geometry":{"type":"LineString","coordinates":[[-46.299039,-23.7794813333,0.0],[-46.298861,-23.7792273333,0.0]]}},{"type":"Feature","properties":{"lote":"0_PMSA_LOTE"},"geometry":{"type":"LineString","coordinates":[[-46.299142,-23.7793243333,0.0],[-46.298892,-23.7791813333,0.0]]}},{"type":"Feature","properties":{"lote":"0_PMSA_LOTE"},"geometry":{"type":"LineString","coordinates":[[-46.30028,-23.7781793333,0.0],[-46.299918,-23.7787443333,0.0]]}},{"type":"Feature","properties":{"lote":"0_PMSA_LOTE"},"geometry":{"type":"LineString","coordinates":[[-46.299918,-23.7787443333,0.0],[-46.299834,-23.7788223333,0.0]]}},{"type":"Feature","properties":{"lote":"0_PMSA_LOTE"},"geometry":{"type":"LineString","coordinates":[[-46.299212,-23.7768963333,0.0],[-46.298966,-23.7769563333,0.0]]}},{"type":"Feature","properties":{"lote":"0_PMSA_LOTE"},"geometry":{"type":"LineString","coordinates":[[-46.298722,-23.7764083333,0.0],[-46.298475,-23.7764663333,0.0]]}},{"type":"Feature","properties":{"lote":"0_PMSA_LOTE"},"geometry":{"type":"LineString","coordinates":[[-46.298413,-23.7769623333,0.0],[-46.298376,-23.7768233333,0.0]]}},{"type":"Feature","properties":{"lote":"0_PMSA_LOTE"},"geometry":{"type":"LineString","coordinates":[[-46.298376,-23.7768233333,0.0],[-46.298446,-23.7770883333,0.0]]}},{"type":"Feature","properties":{"lote":"0_PMSA_LOTE"},"geometry":{"type":"LineString","coordinates":[[-46.298499,-23.7767933333,0.0],[-46.29857,-23.7770593333,0.0]]}},{"type":"Feature","properties":{"lote":"0_PMSA_LOTE"},"geometry":{"type":"LineString","coordinates":[[-46.298252,-23.7768523333,0.0],[-46.298323,-23.7771183333,0.0]]}},{"type":"Feature","properties":{"lote":"0_PMSA_LOTE"},"geometry":{"type":"LineString","coordinates":[[-46.298289,-23.7765063333,0.0],[-46.298413,-23.7764773333,0.0]]}},{"type":"Feature","properties":{"lote":"0_PMSA_LOTE"},"geometry":{"type":"LineString","coordinates":[[-46.298166,-23.7765343333,0.0],[-46.298289,-23.7765063333,0.0]]}},{"type":"Feature","properties":{"lote":"0_PMSA_LOTE"},"geometry":{"type":"LineString","coordinates":[[-46.298289,-23.7765063333,0.0],[-46.298359,-23.7767663333,0.0]]}},{"type":"Feature","properties":{"lote":"0_PMSA_LOTE"},"geometry":{"type":"LineString","coordinates":[[-46.298413,-23.7764773333,0.0],[-46.298482,-23.7767363333,0.0]]}},{"type":"Feature","properties":{"lote":"0_PMSA_LOTE"},"geometry":{"type":"LineString","coordinates":[[-46.298166,-23.7765343333,0.0],[-46.298235,-23.7767953333,0.0]]}},{"type":"Feature","properties":{"lote":"0_PMSA_LOTE"},"geometry":{"type":"LineString","coordinates":[[-46.298289,-23.7765063333,0.0],[-46.298413,-23.7764773333,0.0]]}},{"type":"Feature","properties":{"lote":"0_PMSA_LOTE"},"geometry":{"type":"LineString","coordinates":[[-46.299643,-23.7772123333,0.0],[-46.299717,-23.7774743333,0.0]]}},{"type":"Feature","properties":{"lote":"0_PMSA_LOTE"},"geometry":{"type":"LineString","coordinates":[[-46.298546,-23.7774693333,0.0],[-46.298616,-23.7777293333,0.0]]}},{"type":"Feature","properties":{"lote":"0_PMSA_LOTE"},"geometry":{"type":"LineString","coordinates":[[-46.298674,-23.7774383333,0.0],[-46.298747,-23.7777003333,0.0]]}},{"type":"Feature","properties":{"lote":"0_PMSA_LOTE"},"geometry":{"type":"LineString","coordinates":[[-46.299076,-23.7773473333,0.0],[-46.299149,-23.7776093333,0.0]]}},{"type":"Feature","properties":{"lote":"0_PMSA_LOTE"},"geometry":{"type":"LineString","coordinates":[[-46.299149,-23.7776093333,0.0],[-46.299396,-23.7775493333,0.0]]}},{"type":"Feature","properties":{"lote":"0_PMSA_LOTE"},"geometry":{"type":"LineString","coordinates":[[-46.298674,-23.7774383333,0.0],[-46.298424,-23.7774983333,0.0]]}},{"type":"Feature","properties":{"lote":"0_PMSA_LOTE"},"geometry":{"type":"LineString","coordinates":[[-46.298235,-23.7767953333,0.0],[-46.298482,-23.7767363333,0.0]]}},{"type":"Feature","properties":{"lote":"0_PMSA_LOTE"},"geometry":{"type":"LineString","coordinates":[[-46.297429,-23.7780013333,0.0],[-46.297188,-23.7771483333,0.0]]}},{"type":"Feature","properties":{"lote":"0_PMSA_LOTE"},"geometry":{"type":"LineString","coordinates":[[-46.297519,-23.7774433333,0.0],[-46.297519,-23.7774453333,0.0]]}},{"type":"Feature","properties":{"lote":"0_PMSA_LOTE"},"geometry":{"type":"LineString","coordinates":[[-46.29763,-23.7778553333,0.0],[-46.297403,-23.7779093333,0.0]]}},{"type":"Feature","properties":{"lote":"0_PMSA_LOTE"},"geometry":{"type":"LineString","coordinates":[[-46.297165,-23.7770673333,0.0],[-46.297139,-23.7769763333,0.0]]}},{"type":"Feature","properties":{"lote":"0_PMSA_LOTE"},"geometry":{"type":"LineString","coordinates":[[-46.297188,-23.7771483333,0.0],[-46.297165,-23.7770673333,0.0]]}},{"type":"Feature","properties":{"lote":"0_PMSA_LOTE"},"geometry":{"type":"LineString","coordinates":[[-46.29712,-23.7769083333,0.0],[-46.297097,-23.7768253333,0.0]]}},{"type":"Feature","properties":{"lote":"0_PMSA_LOTE"},"geometry":{"type":"LineString","coordinates":[[-46.297188,-23.7767033333,0.0],[-46.29731,-23.7766863333,0.0]]}},{"type":"Feature","properties":{"lote":"0_PMSA_LOTE"},"geometry":{"type":"LineString","coordinates":[[-46.297328,-23.7767703333,0.0],[-46.297097,-23.7768253333,0.0]]}},{"type":"Feature","properties":{"lote":"0_PMSA_LOTE"},"geometry":{"type":"LineString","coordinates":[[-46.297097,-23.7768253333,0.0],[-46.297041,-23.7766313333,0.0]]}},{"type":"Feature","properties":{"lote":"0_PMSA_LOTE"},"geometry":{"type":"LineString","coordinates":[[-46.298065,-23.7764593333,0.0],[-46.297849,-23.7765093333,0.0]]}},{"type":"Feature","properties":{"lote":"0_PMSA_LOTE"},"geometry":{"type":"LineString","coordinates":[[-46.298159,-23.7764383333,0.0],[-46.298065,-23.7764593333,0.0]]}},{"type":"Feature","properties":{"lote":"0_PMSA_LOTE"},"geometry":{"type":"LineString","coordinates":[[-46.298065,-23.7764593333,0.0],[-46.298009,-23.7762403333,0.0]]}},{"type":"Feature","properties":{"lote":"0_PMSA_LOTE"},"geometry":{"type":"LineString","coordinates":[[-46.298251,-23.7764173333,0.0],[-46.298159,-23.7764383333,0.0]]}},{"type":"Feature","properties":{"lote":"0_PMSA_LOTE"},"geometry":{"type":"LineString","coordinates":[[-46.298438,-23.7763733333,0.0],[-46.298251,-23.7764173333,0.0]]}},{"type":"Feature","properties":{"lote":"0_PMSA_LOTE"},"geometry":{"type":"LineString","coordinates":[[-46.298251,-23.7764173333,0.0],[-46.298193,-23.7761973333,0.0]]}},{"type":"Feature","properties":{"lote":"0_PMSA_LOTE"},"geometry":{"type":"LineString","coordinates":[[-46.298344,-23.7763953333,0.0],[-46.298278,-23.7761783333,0.0]]}},{"type":"Feature","properties":{"lote":"0_PMSA_LOTE"},"geometry":{"type":"LineString","coordinates":[[-46.299009,-23.7762383333,0.0],[-46.298851,-23.7756943333,0.0]]}},{"type":"Feature","properties":{"lote":"0_PMSA_LOTE"},"geometry":{"type":"LineString","coordinates":[[-46.299009,-23.7762383333,0.0],[-46.298438,-23.7763733333,0.0]]}},{"type":"Feature","properties":{"lote":"0_PMSA_LOTE"},"geometry":{"type":"LineString","coordinates":[[-46.300052,-23.7757253333,0.0],[-46.301086,-23.7754893333,0.0]]}},{"type":"Feature","properties":{"lote":"0_PMSA_LOTE"},"geometry":{"type":"LineString","coordinates":[[-46.299352,-23.7761603333,0.0],[-46.299009,-23.7762383333,0.0]]}},{"type":"Feature","properties":{"lote":"0_PMSA_LOTE"},"geometry":{"type":"LineString","coordinates":[[-46.299359,-23.7761493333,0.0],[-46.299213,-23.7756143333,0.0]]}},{"type":"Feature","properties":{"lote":"0_PMSA_LOTE"},"geometry":{"type":"LineString","coordinates":[[-46.299359,-23.7761493333,0.0],[-46.299352,-23.7761603333,0.0]]}},{"type":"Feature","properties":{"lote":"0_PMSA_LOTE"},"geometry":{"type":"LineString","coordinates":[[-46.299294,-23.7759123333,0.0],[-46.299248,-23.7759233333,0.0]]}},{"type":"Feature","properties":{"lote":"0_PMSA_LOTE"},"geometry":{"type":"LineString","coordinates":[[-46.299201,-23.7756083333,0.0],[-46.298241,-23.7758443333,0.0]]}},{"type":"Feature","properties":{"lote":"0_PMSA_LOTE"},"geometry":{"type":"LineString","coordinates":[[-46.299201,-23.7756083333,0.0],[-46.299213,-23.7756143333,0.0]]}},{"type":"Feature","properties":{"lote":"0_PMSA_LOTE"},"geometry":{"type":"LineString","coordinates":[[-46.299866,-23.7756733333,0.0],[-46.299668,-23.7749493333,0.0]]}},{"type":"Feature","properties":{"lote":"0_PMSA_LOTE"},"geometry":{"type":"LineString","coordinates":[[-46.300406,-23.7775803333,0.0],[-46.300575,-23.7776733333,0.0]]}},{"type":"Feature","properties":{"lote":"0_PMSA_LOTE"},"geometry":{"type":"LineString","coordinates":[[-46.300318,-23.7777153333,0.0],[-46.300407,-23.7775793333,0.0]]}},{"type":"Feature","properties":{"lote":"0_PMSA_LOTE"},"geometry":{"type":"LineString","coordinates":[[-46.300407,-23.7775793333,0.0],[-46.300469,-23.7774843333,0.0]]}},{"type":"Feature","properties":{"lote":"0_PMSA_LOTE"},"geometry":{"type":"LineString","coordinates":[[-46.30047,-23.7774833333,0.0],[-46.300637,-23.7775783333,0.0]]}},{"type":"Feature","properties":{"lote":"0_PMSA_LOTE"},"geometry":{"type":"LineString","coordinates":[[-46.300469,-23.7774843333,0.0],[-46.300542,-23.7773783333,0.0]]}},{"type":"Feature","properties":{"lote":"0_PMSA_LOTE"},"geometry":{"type":"LineString","coordinates":[[-46.300542,-23.7773783333,0.0],[-46.300611,-23.7773633333,0.0]]}},{"type":"Feature","properties":{"lote":"0_PMSA_LOTE"},"geometry":{"type":"LineString","coordinates":[[-46.300662,-23.7775633333,0.0],[-46.300662,-23.7775643333,0.0]]}},{"type":"Feature","properties":{"lote":"0_PMSA_LOTE"},"geometry":{"type":"LineString","coordinates":[[-46.301065,-23.7772623333,0.0],[-46.300611,-23.7773633333,0.0]]}},{"type":"Feature","properties":{"lote":"0_PMSA_LOTE"},"geometry":{"type":"LineString","coordinates":[[-46.301146,-23.7774633333,0.0],[-46.300637,-23.7775783333,0.0]]}},{"type":"Feature","properties":{"lote":"0_PMSA_LOTE"},"geometry":{"type":"LineString","coordinates":[[-46.300962,-23.7797743333,0.0],[-46.301265,-23.7796013333,0.0]]}},{"type":"Feature","properties":{"lote":"0_PMSA_LOTE"},"geometry":{"type":"LineString","coordinates":[[-46.298967,-23.7751233333,0.0],[-46.297987,-23.7753653333,0.0]]}},{"type":"Feature","properties":{"lote":"0_PMSA_LOTE"},"geometry":{"type":"LineString","coordinates":[[-46.301371,-23.7754203333,0.0],[-46.301421,-23.7755863333,0.0]]}},{"type":"Feature","properties":{"lote":"0_PMSA_LOTE"},"geometry":{"type":"LineString","coordinates":[[-46.301371,-23.7754203333,0.0],[-46.301086,-23.7754893333,0.0]]}},{"type":"Feature","properties":{"lote":"0_PMSA_LOTE"},"geometry":{"type":"LineString","coordinates":[[-46.300271,-23.7756753333,0.0],[-46.300115,-23.7751053333,0.0]]}},{"type":"Feature","properties":{"lote":"0_PMSA_LOTE"},"geometry":{"type":"LineString","coordinates":[[-46.299735,-23.7751923333,0.0],[-46.300115,-23.7751053333,0.0]]}},{"type":"Feature","properties":{"lote":"0_PMSA_LOTE"},"geometry":{"type":"LineString","coordinates":[[-46.301513,-23.7791863333,0.0],[-46.301531,-23.7792263333,0.0]]}},{"type":"Feature","properties":{"lote":"0_PMSA_LOTE"},"geometry":{"type":"LineString","coordinates":[[-46.301649,-23.7791183333,0.0],[-46.301763,-23.7793653333,0.0]]}},{"type":"Feature","properties":{"lote":"0_PMSA_LOTE"},"geometry":{"type":"LineString","coordinates":[[-46.301715,-23.7792633333,0.0],[-46.301715,-23.7792633333,0.0]]}},{"type":"Feature","properties":{"lote":"0_PMSA_LOTE"},"geometry":{"type":"LineString","coordinates":[[-46.298645,-23.7787553333,0.0],[-46.298408,-23.7788093333,0.0]]}},{"type":"Feature","properties":{"lote":"0_PMSA_LOTE"},"geometry":{"type":"LineString","coordinates":[[-46.298242,-23.7781973333,0.0],[-46.298408,-23.7788093333,0.0]]}},{"type":"Feature","properties":{"lote":"0_PMSA_LOTE"},"geometry":{"type":"LineString","coordinates":[[-46.302009,-23.7793383333,0.0],[-46.301846,-23.7794063333,0.0]]}},{"type":"Feature","properties":{"lote":"0_PMSA_LOTE"},"geometry":{"type":"LineString","coordinates":[[-46.301834,-23.7793793333,0.0],[-46.302005,-23.7793093333,0.0]]}},{"type":"Feature","properties":{"lote":"0_PMSA_LOTE"},"geometry":{"type":"LineString","coordinates":[[-46.301803,-23.7793153333,0.0],[-46.301983,-23.7792413333,0.0]]}},{"type":"Feature","properties":{"lote":"0_PMSA_LOTE"},"geometry":{"type":"LineString","coordinates":[[-46.301996,-23.7792713333,0.0],[-46.301817,-23.7793443333,0.0]]}},{"type":"Feature","properties":{"lote":"0_PMSA_LOTE"},"geometry":{"type":"LineString","coordinates":[[-46.301788,-23.7792823333,0.0],[-46.301886,-23.7792433333,0.0]]}},{"type":"Feature","properties":{"lote":"0_PMSA_LOTE"},"geometry":{"type":"LineString","coordinates":[[-46.302017,-23.7793763333,0.0],[-46.301862,-23.7794403333,0.0]]}},{"type":"Feature","properties":{"lote":"0_PMSA_LOTE"},"geometry":{"type":"LineString","coordinates":[[-46.297374,-23.7781153333,0.0],[-46.297442,-23.7783833333,0.0],[-46.297137,-23.7784563333,0.0],[-46.297044,-23.7781263333,0.0]]}},{"type":"Feature","properties":{"lote":"0_PMSA_LOTE"},"geometry":{"type":"LineString","coordinates":[[-46.298658,-23.7790413333,0.0],[-46.298869,-23.7794933333,0.0],[-46.298951,-23.7795763333,0.0],[-46.298969,-23.7796093333,0.0]]}},{"type":"Feature","properties":{"lote":"0_PMSA_LOTE"},"geometry":{"type":"LineString","coordinates":[[-46.299445,-23.7792713333,0.0],[-46.299332,-23.7792123333,0.0]]}},{"type":"Feature","properties":{"lote":"0_PMSA_LOTE"},"geometry":{"type":"LineString","coordinates":[[-46.299742,-23.7791103333,0.0],[-46.299495,-23.7789683333,0.0]]}},{"type":"Feature","properties":{"lote":"0_PMSA_LOTE"},"geometry":{"type":"LineString","coordinates":[[-46.301485,-23.7775783333,0.0],[-46.301566,-23.7778393333,0.0],[-46.301646,-23.7778933333,0.0]]}},{"type":"Feature","properties":{"lote":"0_PMSA_LOTE"},"geometry":{"type":"LineString","coordinates":[[-46.30146,-23.7790913333,0.0],[-46.300745,-23.7794973333,0.0]]}},{"type":"Feature","properties":{"lote":"0_PMSA_LOTE"},"geometry":{"type":"LineString","coordinates":[[-46.301175,-23.7799603333,0.0],[-46.301315,-23.7801243333,0.0]]}},{"type":"Feature","properties":{"lote":"0_PMSA_LOTE"},"geometry":{"type":"LineString","coordinates":[[-46.301463,-23.7798043333,0.0],[-46.301464,-23.7798053333,0.0]]}},{"type":"Feature","properties":{"lote":"0_PMSA_LOTE"},"geometry":{"type":"LineString","coordinates":[[-46.30149,-23.7800133333,0.0],[-46.301034,-23.7803013333,0.0]]}},{"type":"Feature","properties":{"lote":"0_PMSA_LOTE"},"geometry":{"type":"LineString","coordinates":[[-46.301568,-23.7800023333,0.0],[-46.301767,-23.7798993333,0.0]]}},{"type":"Feature","properties":{"lote":"0_PMSA_LOTE"},"geometry":{"type":"LineString","coordinates":[[-46.301697,-23.7798703333,0.0],[-46.301941,-23.7797713333,0.0]]}},{"type":"Feature","properties":{"lote":"0_PMSA_LOTE"},"geometry":{"type":"LineString","coordinates":[[-46.301995,-23.7798853333,0.0],[-46.301968,-23.7800053333,0.0]]}},{"type":"Feature","properties":{"lote":"0_PMSA_LOTE"},"geometry":{"type":"LineString","coordinates":[[-46.301447,-23.7797073333,0.0],[-46.301508,-23.7799073333,0.0]]}},{"type":"Feature","properties":{"lote":"0_PMSA_LOTE"},"geometry":{"type":"LineString","coordinates":[[-46.301508,-23.7799073333,0.0],[-46.301643,-23.7798353333,0.0]]}},{"type":"Feature","properties":{"lote":"0_PMSA_LOTE"},"geometry":{"type":"LineString","coordinates":[[-46.301643,-23.7798353333,0.0],[-46.301795,-23.7797653333,0.0]]}},{"type":"Feature","properties":{"lote":"0_PMSA_LOTE"},"geometry":{"type":"LineString","coordinates":[[-46.301748,-23.7793713333,0.0],[-46.301786,-23.7794513333,0.0]]}},{"type":"Feature","properties":{"lote":"0_PMSA_LOTE"},"geometry":{"type":"LineString","coordinates":[[-46.301786,-23.7794513333,0.0],[-46.301792,-23.7794633333,0.0]]}},{"type":"Feature","properties":{"lote":"0_PMSA_LOTE"},"geometry":{"type":"LineString","coordinates":[[-46.301792,-23.7794633333,0.0],[-46.301795,-23.7794703333,0.0]]}},{"type":"Feature","properties":{"lote":"0_PMSA_LOTE"},"geometry":{"type":"LineString","coordinates":[[-46.301795,-23.7794703333,0.0],[-46.30183,-23.7795423333,0.0]]}},{"type":"Feature","properties":{"lote":"0_PMSA_LOTE"},"geometry":{"type":"LineString","coordinates":[[-46.30183,-23.7795423333,0.0],[-46.301835,-23.7795533333,0.0]]}},{"type":"Feature","properties":{"lote":"0_PMSA_LOTE"},"geometry":{"type":"LineString","coordinates":[[-46.30233,-23.7783343333,0.0],[-46.302274,-23.7783233333,0.0],[-46.302266,-23.7783593333,0.0],[-46.302176,-23.7784883333,0.0],[-46.302112,-23.7786443333,0.0],[-46.302073,-23.7787083333,0.0],[-46.302056,-23.7787813333,0.0],[-46.302367,-23.7787383333,0.0],[-46.302336,-23.7785473333,0.0],[-46.30233,-23.7783343333,0.0]]}},{"type":"Feature","properties":{"lote":"0_PMSA_LOTE"},"geometry":{"type":"LineString","coordinates":[[-46.302132,-23.7788723333,0.0],[-46.302223,-23.7790903333,0.0]]}},{"type":"Feature","properties":{"lote":"0_PMSA_LOTE"},"geometry":{"type":"LineString","coordinates":[[-46.302223,-23.7790903333,0.0],[-46.301991,-23.7791683333,0.0]]}},{"type":"Feature","properties":{"lote":"0_PMSA_LOTE"},"geometry":{"type":"LineString","coordinates":[[-46.301786,-23.7790303333,0.0],[-46.302132,-23.7788723333,0.0]]}},{"type":"Feature","properties":{"lote":"0_PMSA_LOTE"},"geometry":{"type":"LineString","coordinates":[[-46.301885,-23.7789853333,0.0],[-46.301962,-23.7791793333,0.0]]}},{"type":"Feature","properties":{"lote":"0_PMSA_LOTE"},"geometry":{"type":"LineString","coordinates":[[-46.301991,-23.7791683333,0.0],[-46.301761,-23.7792573333,0.0]]}},{"type":"Feature","properties":{"lote":"0_PMSA_LOTE"},"geometry":{"type":"LineString","coordinates":[[-46.301682,-23.7790913333,0.0],[-46.301786,-23.7790303333,0.0]]}},{"type":"Feature","properties":{"lote":"0_PMSA_LOTE"},"geometry":{"type":"LineString","coordinates":[[-46.301785,-23.7790313333,0.0],[-46.301864,-23.7792173333,0.0]]}},{"type":"Feature","properties":{"lote":"0_PMSA_LOTE"},"geometry":{"type":"LineString","coordinates":[[-46.302154,-23.7788593333,0.0],[-46.302457,-23.7787833333,0.0],[-46.302563,-23.7791283333,0.0],[-46.302583,-23.7792393333,0.0],[-46.30251,-23.7793253333,0.0],[-46.302417,-23.7793523333,0.0],[-46.30233,-23.7792873333,0.0],[-46.302154,-23.7788593333,0.0]]}},{"type":"Feature","properties":{"lote":"0_PMSA_LOTE"},"geometry":{"type":"LineString","coordinates":[[-46.302146,-23.7792583333,0.0],[-46.302146,-23.7792583333,0.0]]}},{"type":"Feature","properties":{"lote":"0_PMSA_LOTE"},"geometry":{"type":"LineString","coordinates":[[-46.302234,-23.7791173333,0.0],[-46.302292,-23.7792613333,0.0]]}},{"type":"Feature","properties":{"lote":"0_PMSA_LOTE"},"geometry":{"type":"LineString","coordinates":[[-46.302371,-23.7793833333,0.0],[-46.302399,-23.7793653333,0.0],[-46.30242,-23.7794463333,0.0],[-46.302359,-23.7795493333,0.0],[-46.302338,-23.7796123333,0.0],[-46.30232,-23.7797453333,0.0],[-46.302311,-23.7797553333,0.0],[-46.302297,-23.7797573333,0.0],[-46.302229,-23.7796823333,0.0],[-46.302116,-23.7796253333,0.0],[-46.302108,-23.7796063333,0.0],[-46.30211,-23.7795523333,0.0],[-46.302371,-23.7793833333,0.0]]}},{"type":"Feature","properties":{"lote":"0_PMSA_LOTE"},"geometry":{"type":"LineString","coordinates":[[-46.30216,-23.7801433333,0.0],[-46.302118,-23.7802093333,0.0],[-46.301965,-23.7802993333,0.0],[-46.301857,-23.7803763333,0.0],[-46.301713,-23.7805483333,0.0],[-46.301656,-23.7805603333,0.0],[-46.301596,-23.7805293333,0.0],[-46.301588,-23.7804723333,0.0],[-46.301599,-23.7803633333,0.0],[-46.301637,-23.7802243333,0.0],[-46.301665,-23.7801573333,0.0],[-46.301881,-23.7800423333,0.0],[-46.301968,-23.7800053333,0.0]]}},{"type":"Feature","properties":{"lote":"0_PMSA_LOTE"},"geometry":{"type":"LineString","coordinates":[[-46.301516,-23.7804083333,0.0],[-46.301262,-23.7805433333,0.0]]}},{"type":"Feature","properties":{"lote":"0_PMSA_LOTE"},"geometry":{"type":"LineString","coordinates":[[-46.301192,-23.7804313333,0.0],[-46.301548,-23.7802283333,0.0]]}},{"type":"Feature","properties":{"lote":"0_PMSA_LOTE"},"geometry":{"type":"LineString","coordinates":[[-46.300962,-23.7797743333,0.0],[-46.300844,-23.7795973333,0.0],[-46.301311,-23.7793313333,0.0]]}},{"type":"Feature","properties":{"lote":"0_PMSA_LOTE"},"geometry":{"type":"LineString","coordinates":[[-46.301532,-23.7800913333,0.0],[-46.301462,-23.7799603333,0.0]]}},{"type":"Feature","properties":{"lote":"0_PMSA_LOTE"},"geometry":{"type":"LineString","coordinates":[[-46.301552,-23.7801953333,0.0],[-46.301533,-23.7800943333,0.0]]}},{"type":"Feature","properties":{"lote":"0_PMSA_LOTE"},"geometry":{"type":"LineString","coordinates":[[-46.30151,-23.7804433333,0.0],[-46.301552,-23.7802043333,0.0]]}},{"type":"Feature","properties":{"lote":"0_PMSA_LOTE"},"geometry":{"type":"LineString","coordinates":[[-46.301552,-23.7801953333,0.0],[-46.301552,-23.7802043333,0.0]]}},{"type":"Feature","properties":{"lote":"0_PMSA_LOTE"},"geometry":{"type":"LineString","coordinates":[[-46.301508,-23.7799073333,0.0],[-46.301665,-23.7801573333,0.0]]}},{"type":"Feature","properties":{"lote":"0_PMSA_LOTE"},"geometry":{"type":"LineString","coordinates":[[-46.301348,-23.7796393333,0.0],[-46.301363,-23.7796443333,0.0]]}},{"type":"Feature","properties":{"lote":"0_PMSA_LOTE"},"geometry":{"type":"LineString","coordinates":[[-46.301458,-23.7799513333,0.0],[-46.301363,-23.7796443333,0.0]]}},{"type":"Feature","properties":{"lote":"0_PMSA_LOTE"},"geometry":{"type":"LineString","coordinates":[[-46.299896,-23.7804353333,0.0],[-46.300698,-23.7799833333,0.0]]}},{"type":"Feature","properties":{"lote":"0_PMSA_LOTE"},"geometry":{"type":"LineString","coordinates":[[-46.30253,-23.7825683333,0.0],[-46.302134,-23.7820793333,0.0],[-46.302116,-23.7820633333,0.0],[-46.302087,-23.7820523333,0.0],[-46.301622,-23.7819653333,0.0],[-46.301596,-23.7819443333,0.0],[-46.301593,-23.7819263333,0.0],[-46.301615,-23.7817443333,0.0],[-46.301713,-23.7816613333,0.0],[-46.301725,-23.7816303333,0.0],[-46.301722,-23.7815913333,0.0],[-46.301533,-23.7812883333,0.0],[-46.301514,-23.7811403333,0.0],[-46.301441,-23.7809883333,0.0],[-46.301391,-23.7808673333,0.0],[-46.301326,-23.7806773333,0.0],[-46.301262,-23.7805433333,0.0],[-46.301192,-23.7804313333,0.0],[-46.30112,-23.7803553333,0.0],[-46.300976,-23.7802623333,0.0],[-46.300944,-23.7802163333,0.0],[-46.300923,-23.7801403333,0.0],[-46.300906,-23.7799493333,0.0],[-46.300934,-23.7798763333,0.0],[-46.301348,-23.7796393333,0.0]]}},{"type":"Feature","properties":{"lote":"0_PMSA_LOTE"},"geometry":{"type":"LineString","coordinates":[[-46.302993,-23.7806853333,0.0],[-46.302462,-23.7807083333,0.0]]}},{"type":"Feature","properties":{"lote":"0_PMSA_LOTE"},"geometry":{"type":"LineString","coordinates":[[-46.302391,-23.7806373333,0.0],[-46.302574,-23.7802463333,0.0]]}},{"type":"Feature","properties":{"lote":"0_PMSA_LOTE"},"geometry":{"type":"LineString","coordinates":[[-46.303038,-23.7809793333,0.0],[-46.302469,-23.7808943333,0.0]]}},{"type":"Feature","properties":{"lote":"0_PMSA_LOTE"},"geometry":{"type":"LineString","coordinates":[[-46.301462,-23.7799603333,0.0],[-46.301458,-23.7799513333,0.0]]}},{"type":"Feature","properties":{"lote":"0_PMSA_LOTE"},"geometry":{"type":"LineString","coordinates":[[-46.302544,-23.7815753333,0.0],[-46.302561,-23.7814893333,0.0],[-46.302559,-23.7813633333,0.0],[-46.302491,-23.7812703333,0.0],[-46.302468,-23.7812053333,0.0],[-46.302444,-23.7810673333,0.0],[-46.302469,-23.7808933333,0.0],[-46.302462,-23.7807083333,0.0],[-46.302293,-23.7805393333,0.0],[-46.302143,-23.7803543333,0.0],[-46.302133,-23.7803243333,0.0],[-46.30214,-23.7802923333,0.0],[-46.302154,-23.7802733333,0.0],[-46.302187,-23.7802563333,0.0]]}},{"type":"Feature","properties":{"lote":"0_PMSA_LOTE"},"geometry":{"type":"LineString","coordinates":[[-46.302571,-23.7792793333,0.0],[-46.302426,-23.7794593333,0.0],[-46.302383,-23.7795363333,0.0],[-46.30236,-23.7795933333,0.0],[-46.302345,-23.7796733333,0.0],[-46.30234,-23.7797653333,0.0]]}},{"type":"Feature","properties":{"lote":"0_PMSA_LOTE"},"geometry":{"type":"LineString","coordinates":[[-46.302845,-23.7803823333,0.0],[-46.303062,-23.7806593333,0.0],[-46.303131,-23.7807683333,0.0]]}},{"type":"Feature","properties":{"lote":"0_PMSA_LOTE"},"geometry":{"type":"LineString","coordinates":[[-46.30282,-23.7814223333,0.0],[-46.302971,-23.7813303333,0.0]]}},{"type":"Feature","properties":{"lote":"0_PMSA_LOTE"},"geometry":{"type":"LineString","coordinates":[[-46.303092,-23.7814293333,0.0],[-46.303101,-23.7815093333,0.0]]}},{"type":"Feature","properties":{"lote":"0_PMSA_LOTE"},"geometry":{"type":"LineString","coordinates":[[-46.303077,-23.7816353333,0.0],[-46.302781,-23.7817853333,0.0]]}},{"type":"Feature","properties":{"lote":"0_PMSA_LOTE"},"geometry":{"type":"LineString","coordinates":[[-46.30296,-23.7816943333,0.0],[-46.30282,-23.7814223333,0.0]]}},{"type":"Feature","properties":{"lote":"0_PMSA_LOTE"},"geometry":{"type":"LineString","coordinates":[[-46.303091,-23.7815563333,0.0],[-46.303077,-23.7816353333,0.0]]}},{"type":"Feature","properties":{"lote":"0_PMSA_LOTE"},"geometry":{"type":"LineString","coordinates":[[-46.303034,-23.7813433333,0.0],[-46.302971,-23.7813303333,0.0]]}},{"type":"Feature","properties":{"lote":"0_PMSA_LOTE"},"geometry":{"type":"LineString","coordinates":[[-46.303034,-23.7813433333,0.0],[-46.303043,-23.7813623333,0.0]]}},{"type":"Feature","properties":{"lote":"0_PMSA_LOTE"},"geometry":{"type":"LineString","coordinates":[[-46.303131,-23.7807683333,0.0],[-46.303215,-23.7807903333,0.0]]}},{"type":"Feature","properties":{"lote":"0_PMSA_LOTE"},"geometry":{"type":"LineString","coordinates":[[-46.303215,-23.7807903333,0.0],[-46.303299,-23.7808443333,0.0]]}},{"type":"Feature","properties":{"lote":"0_PMSA_LOTE"},"geometry":{"type":"LineString","coordinates":[[-46.303299,-23.7808443333,0.0],[-46.303335,-23.7808583333,0.0]]}},{"type":"Feature","properties":{"lote":"0_PMSA_LOTE"},"geometry":{"type":"LineString","coordinates":[[-46.303335,-23.7808583333,0.0],[-46.303342,-23.7808603333,0.0]]}},{"type":"Feature","properties":{"lote":"0_PMSA_LOTE"},"geometry":{"type":"LineString","coordinates":[[-46.303342,-23.7808603333,0.0],[-46.303351,-23.7808623333,0.0]]}},{"type":"Feature","properties":{"lote":"0_PMSA_LOTE"},"geometry":{"type":"LineString","coordinates":[[-46.303351,-23.7808623333,0.0],[-46.303353,-23.7808633333,0.0]]}},{"type":"Feature","properties":{"lote":"0_PMSA_LOTE"},"geometry":{"type":"LineString","coordinates":[[-46.303353,-23.7808633333,0.0],[-46.303354,-23.7808633333,0.0]]}},{"type":"Feature","properties":{"lote":"0_PMSA_LOTE"},"geometry":{"type":"LineString","coordinates":[[-46.303354,-23.7808633333,0.0],[-46.303376,-23.7808693333,0.0]]}},{"type":"Feature","properties":{"lote":"0_PMSA_LOTE"},"geometry":{"type":"LineString","coordinates":[[-46.303376,-23.7808693333,0.0],[-46.303417,-23.7808803333,0.0]]}},{"type":"Feature","properties":{"lote":"0_PMSA_LOTE"},"geometry":{"type":"LineString","coordinates":[[-46.303417,-23.7808803333,0.0],[-46.303443,-23.7808923333,0.0]]}},{"type":"Feature","properties":{"lote":"0_PMSA_LOTE"},"geometry":{"type":"LineString","coordinates":[[-46.303443,-23.7808923333,0.0],[-46.303481,-23.7809363333,0.0]]}},{"type":"Feature","properties":{"lote":"0_PMSA_LOTE"},"geometry":{"type":"LineString","coordinates":[[-46.303481,-23.7809363333,0.0],[-46.303511,-23.7810133333,0.0]]}},{"type":"Feature","properties":{"lote":"0_PMSA_LOTE"},"geometry":{"type":"LineString","coordinates":[[-46.303511,-23.7810133333,0.0],[-46.303529,-23.7810923333,0.0]]}},{"type":"Feature","properties":{"lote":"0_PMSA_LOTE"},"geometry":{"type":"LineString","coordinates":[[-46.303529,-23.7810923333,0.0],[-46.303545,-23.7811723333,0.0]]}},{"type":"Feature","properties":{"lote":"0_PMSA_LOTE"},"geometry":{"type":"LineString","coordinates":[[-46.303545,-23.7811723333,0.0],[-46.303544,-23.7812013333,0.0]]}},{"type":"Feature","properties":{"lote":"0_PMSA_LOTE"},"geometry":{"type":"LineString","coordinates":[[-46.303544,-23.7812013333,0.0],[-46.303519,-23.7812553333,0.0]]}},{"type":"Feature","properties":{"lote":"0_PMSA_LOTE"},"geometry":{"type":"LineString","coordinates":[[-46.303519,-23.7812553333,0.0],[-46.30347,-23.7813193333,0.0]]}},{"type":"Feature","properties":{"lote":"0_PMSA_LOTE"},"geometry":{"type":"LineString","coordinates":[[-46.30347,-23.7813193333,0.0],[-46.303371,-23.7814153333,0.0]]}},{"type":"Feature","properties":{"lote":"0_PMSA_LOTE"},"geometry":{"type":"LineString","coordinates":[[-46.303371,-23.7814153333,0.0],[-46.303141,-23.7815363333,0.0]]}},{"type":"Feature","properties":{"lote":"0_PMSA_LOTE"},"geometry":{"type":"LineString","coordinates":[[-46.303141,-23.7815363333,0.0],[-46.303091,-23.7815563333,0.0]]}},{"type":"Feature","properties":{"lote":"0_PMSA_LOTE"},"geometry":{"type":"LineString","coordinates":[[-46.303091,-23.7815563333,0.0],[-46.303101,-23.7815093333,0.0]]}},{"type":"Feature","properties":{"lote":"0_PMSA_LOTE"},"geometry":{"type":"LineString","coordinates":[[-46.303101,-23.7815093333,0.0],[-46.303092,-23.7814293333,0.0]]}},{"type":"Feature","properties":{"lote":"0_PMSA_LOTE"},"geometry":{"type":"LineString","coordinates":[[-46.303092,-23.7814293333,0.0],[-46.303082,-23.7814043333,0.0]]}},{"type":"Feature","properties":{"lote":"0_PMSA_LOTE"},"geometry":{"type":"LineString","coordinates":[[-46.303082,-23.7814043333,0.0],[-46.303043,-23.7813623333,0.0]]}},{"type":"Feature","properties":{"lote":"0_PMSA_LOTE"},"geometry":{"type":"LineString","coordinates":[[-46.30282,-23.7814223333,0.0],[-46.302561,-23.7814893333,0.0]]}},{"type":"Feature","properties":{"lote":"0_PMSA_LOTE"},"geometry":{"type":"LineString","coordinates":[[-46.302335,-23.7798613333,0.0],[-46.302349,-23.7798453333,0.0],[-46.302372,-23.7798533333,0.0],[-46.302475,-23.7800213333,0.0],[-46.302526,-23.7801523333,0.0],[-46.302386,-23.7801293333,0.0],[-46.302255,-23.7801483333,0.0],[-46.302172,-23.7801913333,0.0],[-46.30232,-23.7799343333,0.0],[-46.302335,-23.7798613333,0.0]]}},{"type":"Feature","properties":{"lote":"0_PMSA_LOTE"},"geometry":{"type":"LineString","coordinates":[[-46.30234,-23.7797653333,0.0],[-46.302493,-23.7800133333,0.0],[-46.302558,-23.7801623333,0.0]]}},{"type":"Feature","properties":{"lote":"0_PMSA_LOTE"},"geometry":{"type":"LineString","coordinates":[[-46.302558,-23.7801623333,0.0],[-46.302664,-23.7802133333,0.0],[-46.302845,-23.7803823333,0.0]]}},{"type":"Feature","properties":{"lote":"0_PMSA_LOTE"},"geometry":{"type":"LineString","coordinates":[[-46.302088,-23.7796793333,0.0],[-46.302143,-23.7796593333,0.0],[-46.302216,-23.7796963333,0.0],[-46.302313,-23.7798173333,0.0],[-46.302303,-23.7799293333,0.0],[-46.30216,-23.7801433333,0.0]]}},{"type":"Feature","properties":{"lote":"0_PMSA_LOTE"},"geometry":{"type":"LineString","coordinates":[[-46.303034,-23.7813433333,0.0],[-46.303111,-23.7809623333,0.0],[-46.303098,-23.7807853333,0.0],[-46.303131,-23.7807683333,0.0]]}},{"type":"Feature","properties":{"lote":"0_PMSA_LOTE"},"geometry":{"type":"LineString","coordinates":[[-46.302568,-23.7792573333,0.0],[-46.302593,-23.7794573333,0.0],[-46.302693,-23.7797213333,0.0],[-46.302809,-23.7799403333,0.0],[-46.302969,-23.7801333333,0.0],[-46.303158,-23.7803043333,0.0],[-46.303449,-23.7804883333,0.0],[-46.303508,-23.7805183333,0.0],[-46.303724,-23.7806523333,0.0],[-46.303443,-23.7808923333,0.0]]}},{"type":"Feature","properties":{"lote":"0_PMSA_LOTE"},"geometry":{"type":"LineString","coordinates":[[-46.301541,-23.7805653333,0.0],[-46.301327,-23.7806793333,0.0]]}},{"type":"Feature","properties":{"lote":"0_PMSA_LOTE"},"geometry":{"type":"LineString","coordinates":[[-46.302486,-23.7815653333,0.0],[-46.302087,-23.7820523333,0.0]]}},{"type":"Feature","properties":{"lote":"0_PMSA_LOTE"},"geometry":{"type":"LineString","coordinates":[[-46.302096,-23.7807733333,0.0],[-46.301868,-23.7804763333,0.0]]}},{"type":"Feature","properties":{"lote":"0_PMSA_LOTE"},"geometry":{"type":"LineString","coordinates":[[-46.302486,-23.7815653333,0.0],[-46.302045,-23.7815403333,0.0]]}},{"type":"Feature","properties":{"lote":"0_PMSA_LOTE"},"geometry":{"type":"LineString","coordinates":[[-46.302464,-23.7811773333,0.0],[-46.302979,-23.7812353333,0.0]]}},{"type":"Feature","properties":{"lote":"0_PMSA_LOTE"},"geometry":{"type":"LineString","coordinates":[[-46.302436,-23.7812913333,0.0],[-46.302063,-23.7812703333,0.0]]}},{"type":"Feature","properties":{"lote":"0_PMSA_LOTE"},"geometry":{"type":"LineString","coordinates":[[-46.302096,-23.7807733333,0.0],[-46.302045,-23.7815403333,0.0]]}},{"type":"Feature","properties":{"lote":"0_PMSA_LOTE"},"geometry":{"type":"LineString","coordinates":[[-46.302403,-23.7809453333,0.0],[-46.302086,-23.7809273333,0.0]]}},{"type":"Feature","properties":{"lote":"0_PMSA_LOTE"},"geometry":{"type":"LineString","coordinates":[[-46.302219,-23.7805493333,0.0],[-46.302023,-23.7806773333,0.0]]}},{"type":"Feature","properties":{"lote":"0_PMSA_LOTE"},"geometry":{"type":"LineString","coordinates":[[-46.300902,-23.7802633333,0.0],[-46.300938,-23.7803133333,0.0],[-46.301084,-23.7804083333,0.0],[-46.301152,-23.7804803333,0.0],[-46.30122,-23.7805883333,0.0],[-46.301283,-23.7807193333,0.0],[-46.301347,-23.7809093333,0.0],[-46.301454,-23.7811563333,0.0],[-46.301472,-23.7813113333,0.0],[-46.301566,-23.7814493333,0.0],[-46.301662,-23.7816083333,0.0],[-46.301662,-23.7816293333,0.0],[-46.301653,-23.7816483333,0.0],[-46.301564,-23.7817173333,0.0],[-46.301561,-23.7817263333,0.0],[-46.301551,-23.7817733333,0.0],[-46.301533,-23.7819603333,0.0],[-46.301545,-23.7819863333,0.0],[-46.301569,-23.7820103333,0.0],[-46.301602,-23.7820253333,0.0],[-46.302065,-23.7821113333,0.0],[-46.302086,-23.7821203333,0.0],[-46.302465,-23.7826053333,0.0],[-46.303798,-23.7818343333,0.0],[-46.304083,-23.7815043333,0.0],[-46.304172,-23.7812573333,0.0],[-46.303858,-23.7811283333,0.0],[-46.30389,-23.7808363333,0.0],[-46.303715,-23.7806453333,0.0]]}},{"type":"Feature","properties":{"lote":"0_PMSA_LOTE"},"geometry":{"type":"LineString","coordinates":[[-46.299456,-23.7776263333,0.0],[-46.299588,-23.7781203333,0.0]]}},{"type":"Feature","properties":{"lote":"0_PMSA_LOTE"},"geometry":{"type":"LineString","coordinates":[[-46.299358,-23.7772803333,0.0],[-46.299432,-23.7775423333,0.0]]}},{"type":"Feature","properties":{"lote":"0_PMSA_LOTE"},"geometry":{"type":"LineString","coordinates":[[-46.299273,-23.7769783333,0.0],[-46.299344,-23.7772323333,0.0]]}},{"type":"Feature","properties":{"lote":"0_PMSA_LOTE"},"geometry":{"type":"LineString","coordinates":[[-46.299062,-23.7772983333,0.0],[-46.298992,-23.7770443333,0.0]]}},{"type":"Feature","properties":{"lote":"0_PMSA_LOTE"},"geometry":{"type":"LineString","coordinates":[[-46.299322,-23.7772873333,0.0],[-46.299396,-23.7775493333,0.0]]}},{"type":"Feature","properties":{"lote":"0_PMSA_LOTE"},"geometry":{"type":"LineString","coordinates":[[-46.298883,-23.7766493333,0.0],[-46.298809,-23.7763873333,0.0]]}},{"type":"Feature","properties":{"lote":"0_PMSA_LOTE"},"geometry":{"type":"LineString","coordinates":[[-46.298893,-23.7766933333,0.0],[-46.298966,-23.7769563333,0.0]]}},{"type":"Feature","properties":{"lote":"0_PMSA_LOTE"},"geometry":{"type":"LineString","coordinates":[[-46.298722,-23.7764083333,0.0],[-46.298795,-23.7766703333,0.0]]}},{"type":"Feature","properties":{"lote":"0_PMSA_LOTE"},"geometry":{"type":"LineString","coordinates":[[-46.29856,-23.7767693333,0.0],[-46.298807,-23.7767133333,0.0]]}},{"type":"Feature","properties":{"lote":"0_PMSA_LOTE"},"geometry":{"type":"LineString","coordinates":[[-46.298499,-23.7767933333,0.0],[-46.298252,-23.7768523333,0.0]]}},{"type":"Feature","properties":{"lote":"0_PMSA_LOTE"},"geometry":{"type":"LineString","coordinates":[[-46.298807,-23.7767133333,0.0],[-46.298881,-23.7769753333,0.0]]}},{"type":"Feature","properties":{"lote":"0_PMSA_LOTE"},"geometry":{"type":"LineString","coordinates":[[-46.299239,-23.7769863333,0.0],[-46.298992,-23.7770443333,0.0]]}},{"type":"Feature","properties":{"lote":"0_PMSA_LOTE"},"geometry":{"type":"LineString","coordinates":[[-46.299062,-23.7772983333,0.0],[-46.299309,-23.7772403333,0.0]]}},{"type":"Feature","properties":{"lote":"0_PMSA_LOTE"},"geometry":{"type":"LineString","coordinates":[[-46.299643,-23.7772123333,0.0],[-46.299358,-23.7772803333,0.0]]}},{"type":"Feature","properties":{"lote":"0_PMSA_LOTE"},"geometry":{"type":"LineString","coordinates":[[-46.300027,-23.7760083333,0.0],[-46.299456,-23.7761393333,0.0]]}},{"type":"Feature","properties":{"lote":"0_PMSA_LOTE"},"geometry":{"type":"LineString","coordinates":[[-46.299456,-23.7761393333,0.0],[-46.299384,-23.7758773333,0.0]]}},{"type":"Feature","properties":{"lote":"0_PMSA_LOTE"},"geometry":{"type":"LineString","coordinates":[[-46.300027,-23.7760083333,0.0],[-46.299953,-23.7757463333,0.0]]}},{"type":"Feature","properties":{"lote":"0_PMSA_LOTE"},"geometry":{"type":"LineString","coordinates":[[-46.299204,-23.7755143333,0.0],[-46.299231,-23.7755113333,0.0],[-46.299262,-23.7755203333,0.0],[-46.299286,-23.7755393333,0.0],[-46.2993,-23.7755663333,0.0]]}},{"type":"Feature","properties":{"lote":"0_PMSA_LOTE"},"geometry":{"type":"LineString","coordinates":[[-46.299204,-23.7755143333,0.0],[-46.298111,-23.7757833333,0.0]]}},{"type":"Feature","properties":{"lote":"0_PMSA_LOTE"},"geometry":{"type":"LineString","coordinates":[[-46.298279,-23.7758353333,0.0],[-46.298438,-23.7763733333,0.0]]}},{"type":"Feature","properties":{"lote":"0_PMSA_LOTE"},"geometry":{"type":"LineString","coordinates":[[-46.300702,-23.7758563333,0.0],[-46.300123,-23.7759883333,0.0],[-46.300045,-23.7757013333,0.0],[-46.300033,-23.7756793333,0.0],[-46.300008,-23.7756603333,0.0],[-46.299983,-23.7756523333,0.0],[-46.299956,-23.7756523333,0.0],[-46.299384,-23.7757813333,0.0],[-46.299365,-23.7757723333,0.0],[-46.299353,-23.7757563333,0.0],[-46.2993,-23.7755663333,0.0]]}},{"type":"Feature","properties":{"lote":"0_PMSA_LOTE"},"geometry":{"type":"LineString","coordinates":[[-46.298967,-23.7751233333,0.0],[-46.299668,-23.7749493333,0.0]]}},{"type":"Feature","properties":{"lote":"0_PMSA_LOTE"},"geometry":{"type":"LineString","coordinates":[[-46.297784,-23.7766203333,0.0],[-46.298166,-23.7765343333,0.0]]}},{"type":"Feature","properties":{"lote":"0_PMSA_LOTE"},"geometry":{"type":"LineString","coordinates":[[-46.297784,-23.7766203333,0.0],[-46.297831,-23.7767953333,0.0]]}},{"type":"Feature","properties":{"lote":"0_PMSA_LOTE"},"geometry":{"type":"LineString","coordinates":[[-46.297831,-23.7767953333,0.0],[-46.298211,-23.7767043333,0.0]]}},{"type":"Feature","properties":{"lote":"0_PMSA_LOTE"},"geometry":{"type":"LineString","coordinates":[[-46.297784,-23.7766203333,0.0],[-46.297572,-23.7766063333,0.0],[-46.297495,-23.7765673333,0.0],[-46.297433,-23.7766693333,0.0],[-46.297304,-23.7766873333,0.0],[-46.297365,-23.7769043333,0.0]]}},{"type":"Feature","properties":{"lote":"0_PMSA_LOTE"},"geometry":{"type":"LineString","coordinates":[[-46.299229,-23.7776813333,0.0],[-46.2993,-23.7779473333,0.0]]}},{"type":"Feature","properties":{"lote":"0_PMSA_LOTE"},"geometry":{"type":"LineString","coordinates":[[-46.2991,-23.7779953333,0.0],[-46.299028,-23.7777293333,0.0]]}},{"type":"Feature","properties":{"lote":"0_PMSA_LOTE"},"geometry":{"type":"LineString","coordinates":[[-46.298995,-23.7780193333,0.0],[-46.298923,-23.7777543333,0.0]]}},{"type":"Feature","properties":{"lote":"0_PMSA_LOTE"},"geometry":{"type":"LineString","coordinates":[[-46.298861,-23.7780523333,0.0],[-46.298788,-23.7777863333,0.0]]}},{"type":"Feature","properties":{"lote":"0_PMSA_LOTE"},"geometry":{"type":"LineString","coordinates":[[-46.298729,-23.7780833333,0.0],[-46.298655,-23.7778173333,0.0]]}},{"type":"Feature","properties":{"lote":"0_PMSA_LOTE"},"geometry":{"type":"LineString","coordinates":[[-46.29856,-23.7767693333,0.0],[-46.298633,-23.7770313333,0.0]]}},{"type":"Feature","properties":{"lote":"0_PMSA_LOTE"},"geometry":{"type":"LineString","coordinates":[[-46.298182,-23.7779303333,0.0],[-46.298249,-23.7781953333,0.0]]}},{"type":"Feature","properties":{"lote":"0_PMSA_LOTE"},"geometry":{"type":"LineString","coordinates":[[-46.298074,-23.7779553333,0.0],[-46.298141,-23.7782203333,0.0]]}},{"type":"Feature","properties":{"lote":"0_PMSA_LOTE"},"geometry":{"type":"LineString","coordinates":[[-46.297967,-23.7779793333,0.0],[-46.298034,-23.7782453333,0.0]]}},{"type":"Feature","properties":{"lote":"0_PMSA_LOTE"},"geometry":{"type":"LineString","coordinates":[[-46.297862,-23.7780033333,0.0],[-46.297929,-23.7782703333,0.0]]}},{"type":"Feature","properties":{"lote":"0_PMSA_LOTE"},"geometry":{"type":"LineString","coordinates":[[-46.297757,-23.7780273333,0.0],[-46.297824,-23.7782943333,0.0]]}},{"type":"Feature","properties":{"lote":"0_PMSA_LOTE"},"geometry":{"type":"LineString","coordinates":[[-46.297662,-23.7780493333,0.0],[-46.297729,-23.7783163333,0.0]]}},{"type":"Feature","properties":{"lote":"0_PMSA_LOTE"},"geometry":{"type":"LineString","coordinates":[[-46.29758,-23.7780683333,0.0],[-46.297647,-23.7783353333,0.0]]}},{"type":"Feature","properties":{"lote":"0_PMSA_LOTE"},"geometry":{"type":"LineString","coordinates":[[-46.297498,-23.7780863333,0.0],[-46.297566,-23.7783543333,0.0]]}},{"type":"Feature","properties":{"lote":"0_PMSA_LOTE"},"geometry":{"type":"LineString","coordinates":[[-46.297283,-23.7779403333,0.0],[-46.29701,-23.7780033333,0.0]]}},{"type":"Feature","properties":{"lote":"0_PMSA_LOTE"},"geometry":{"type":"LineString","coordinates":[[-46.297318,-23.7780623333,0.0],[-46.297044,-23.7781263333,0.0]]}},{"type":"Feature","properties":{"lote":"0_PMSA_LOTE"},"geometry":{"type":"LineString","coordinates":[[-46.297254,-23.7778373333,0.0],[-46.296982,-23.7779013333,0.0]]}},{"type":"Feature","properties":{"lote":"0_PMSA_LOTE"},"geometry":{"type":"LineString","coordinates":[[-46.297226,-23.7777353333,0.0],[-46.296954,-23.7777993333,0.0]]}},{"type":"Feature","properties":{"lote":"0_PMSA_LOTE"},"geometry":{"type":"LineString","coordinates":[[-46.297197,-23.7776333333,0.0],[-46.296926,-23.7776963333,0.0]]}},{"type":"Feature","properties":{"lote":"0_PMSA_LOTE"},"geometry":{"type":"LineString","coordinates":[[-46.297168,-23.7775313333,0.0],[-46.296897,-23.7775943333,0.0]]}},{"type":"Feature","properties":{"lote":"0_PMSA_LOTE"},"geometry":{"type":"LineString","coordinates":[[-46.297139,-23.7774283333,0.0],[-46.296869,-23.7774913333,0.0]]}},{"type":"Feature","properties":{"lote":"0_PMSA_LOTE"},"geometry":{"type":"LineString","coordinates":[[-46.29711,-23.7773263333,0.0],[-46.296841,-23.7773893333,0.0]]}},{"type":"Feature","properties":{"lote":"0_PMSA_LOTE"},"geometry":{"type":"LineString","coordinates":[[-46.297082,-23.7772243333,0.0],[-46.296813,-23.7772873333,0.0]]}},{"type":"Feature","properties":{"lote":"0_PMSA_LOTE"},"geometry":{"type":"LineString","coordinates":[[-46.297053,-23.7771213333,0.0],[-46.296784,-23.7771843333,0.0]]}},{"type":"Feature","properties":{"lote":"0_PMSA_LOTE"},"geometry":{"type":"LineString","coordinates":[[-46.297429,-23.7780013333,0.0],[-46.297656,-23.7779473333,0.0]]}},{"type":"Feature","properties":{"lote":"0_PMSA_LOTE"},"geometry":{"type":"LineString","coordinates":[[-46.296985,-23.7768813333,0.0],[-46.296718,-23.7769443333,0.0]]}},{"type":"Feature","properties":{"lote":"0_PMSA_LOTE"},"geometry":{"type":"LineString","coordinates":[[-46.297007,-23.7769633333,0.0],[-46.29674,-23.7770253333,0.0]]}},{"type":"Feature","properties":{"lote":"0_PMSA_LOTE"},"geometry":{"type":"LineString","coordinates":[[-46.296963,-23.7768003333,0.0],[-46.296695,-23.7768623333,0.0]]}},{"type":"Feature","properties":{"lote":"0_PMSA_LOTE"},"geometry":{"type":"LineString","coordinates":[[-46.29694,-23.7767183333,0.0],[-46.296673,-23.7767813333,0.0]]}},{"type":"Feature","properties":{"lote":"0_PMSA_LOTE"},"geometry":{"type":"LineString","coordinates":[[-46.296918,-23.7766373333,0.0],[-46.29665,-23.7766993333,0.0]]}},{"type":"Feature","properties":{"lote":"0_PMSA_LOTE"},"geometry":{"type":"LineString","coordinates":[[-46.296895,-23.7765563333,0.0],[-46.296628,-23.7766183333,0.0]]}},{"type":"Feature","properties":{"lote":"0_PMSA_LOTE"},"geometry":{"type":"LineString","coordinates":[[-46.296872,-23.7764743333,0.0],[-46.296606,-23.7765373333,0.0]]}},{"type":"Feature","properties":{"lote":"0_PMSA_LOTE"},"geometry":{"type":"LineString","coordinates":[[-46.29685,-23.7763933333,0.0],[-46.296583,-23.7764553333,0.0]]}},{"type":"Feature","properties":{"lote":"0_PMSA_LOTE"},"geometry":{"type":"LineString","coordinates":[[-46.297374,-23.7778073333,0.0],[-46.297602,-23.7777533333,0.0]]}},{"type":"Feature","properties":{"lote":"0_PMSA_LOTE"},"geometry":{"type":"LineString","coordinates":[[-46.297345,-23.7777053333,0.0],[-46.297573,-23.7776503333,0.0]]}},{"type":"Feature","properties":{"lote":"0_PMSA_LOTE"},"geometry":{"type":"LineString","coordinates":[[-46.297316,-23.7776033333,0.0],[-46.297545,-23.7775483333,0.0]]}},{"type":"Feature","properties":{"lote":"0_PMSA_LOTE"},"geometry":{"type":"LineString","coordinates":[[-46.297287,-23.7775003333,0.0],[-46.297516,-23.7774463333,0.0]]}},{"type":"Feature","properties":{"lote":"0_PMSA_LOTE"},"geometry":{"type":"LineString","coordinates":[[-46.297258,-23.7773983333,0.0],[-46.297487,-23.7773433333,0.0]]}},{"type":"Feature","properties":{"lote":"0_PMSA_LOTE"},"geometry":{"type":"LineString","coordinates":[[-46.297233,-23.7773113333,0.0],[-46.297463,-23.7772563333,0.0]]}},{"type":"Feature","properties":{"lote":"0_PMSA_LOTE"},"geometry":{"type":"LineString","coordinates":[[-46.297211,-23.7772293333,0.0],[-46.29744,-23.7771743333,0.0]]}},{"type":"Feature","properties":{"lote":"0_PMSA_LOTE"},"geometry":{"type":"LineString","coordinates":[[-46.297188,-23.7771483333,0.0],[-46.297418,-23.7770933333,0.0]]}},{"type":"Feature","properties":{"lote":"0_PMSA_LOTE"},"geometry":{"type":"LineString","coordinates":[[-46.297165,-23.7770673333,0.0],[-46.297395,-23.7770123333,0.0]]}},{"type":"Feature","properties":{"lote":"0_PMSA_LOTE"},"geometry":{"type":"LineString","coordinates":[[-46.297351,-23.7768533333,0.0],[-46.29712,-23.7769083333,0.0]]}},{"type":"Feature","properties":{"lote":"0_PMSA_LOTE"},"geometry":{"type":"LineString","coordinates":[[-46.29914,-23.7766333333,0.0],[-46.299212,-23.7768963333,0.0]]}},{"type":"Feature","properties":{"lote":"0_PMSA_LOTE"},"geometry":{"type":"LineString","coordinates":[[-46.29913,-23.7765903333,0.0],[-46.299056,-23.7763303333,0.0]]}},{"type":"Feature","properties":{"lote":"0_PMSA_LOTE"},"geometry":{"type":"LineString","coordinates":[[-46.301142,-23.7764573333,0.0],[-46.30097,-23.7764943333,0.0]]}},{"type":"Feature","properties":{"lote":"0_PMSA_LOTE"},"geometry":{"type":"LineString","coordinates":[[-46.301142,-23.7764573333,0.0],[-46.301383,-23.7764023333,0.0],[-46.301402,-23.7763903333,0.0],[-46.301568,-23.7760763333,0.0],[-46.301564,-23.7760683333,0.0],[-46.30155,-23.7760613333,0.0],[-46.300891,-23.7762303333,0.0],[-46.300963,-23.7764883333,0.0],[-46.30097,-23.7764943333,0.0]]}},{"type":"Feature","properties":{"lote":"0_PMSA_LOTE"},"geometry":{"type":"LineString","coordinates":[[-46.300803,-23.7759073333,0.0],[-46.300876,-23.7761723333,0.0],[-46.301456,-23.7760323333,0.0],[-46.301536,-23.7760043333,0.0],[-46.301399,-23.7757633333,0.0],[-46.301343,-23.7757423333,0.0],[-46.301292,-23.7757463333,0.0],[-46.301243,-23.7757603333,0.0],[-46.300803,-23.7759073333,0.0]]}},{"type":"Feature","properties":{"lote":"0_PMSA_LOTE"},"geometry":{"type":"LineString","coordinates":[[-46.300828,-23.7759973333,0.0],[-46.301254,-23.7758933333,0.0]]}},{"type":"Feature","properties":{"lote":"0_PMSA_LOTE"},"geometry":{"type":"LineString","coordinates":[[-46.301258,-23.7756533333,0.0],[-46.301044,-23.7757413333,0.0],[-46.300974,-23.7757803333,0.0],[-46.300702,-23.7758563333,0.0]]}},{"type":"Feature","properties":{"lote":"0_PMSA_LOTE"},"geometry":{"type":"LineString","coordinates":[[-46.301421,-23.7755863333,0.0],[-46.301258,-23.7756533333,0.0]]}},{"type":"Feature","properties":{"lote":"0_PMSA_LOTE"},"geometry":{"type":"LineString","coordinates":[[-46.301806,-23.7782803333,0.0],[-46.301805,-23.7783973333,0.0],[-46.301812,-23.7784553333,0.0],[-46.301838,-23.7785413333,0.0]]}},{"type":"Feature","properties":{"lote":"0_PMSA_LOTE"},"geometry":{"type":"LineString","coordinates":[[-46.301894,-23.7788433333,0.0],[-46.301886,-23.7788743333,0.0],[-46.301758,-23.7789423333,0.0],[-46.301722,-23.7788323333,0.0],[-46.301893,-23.7787433333,0.0],[-46.301894,-23.7788433333,0.0]]}},{"type":"Feature","properties":{"lote":"0_PMSA_LOTE"},"geometry":{"type":"LineString","coordinates":[[-46.301733,-23.7788663333,0.0],[-46.301665,-23.7788863333,0.0],[-46.301694,-23.7789733333,0.0],[-46.301758,-23.7789423333,0.0],[-46.301733,-23.7788663333,0.0]]}},{"type":"Feature","properties":{"lote":"0_PMSA_LOTE"},"geometry":{"type":"LineString","coordinates":[[-46.301715,-23.7786293333,0.0],[-46.301772,-23.7788063333,0.0]]}},{"type":"Feature","properties":{"lote":"0_PMSA_LOTE"},"geometry":{"type":"LineString","coordinates":[[-46.301715,-23.7786293333,0.0],[-46.301851,-23.7785913333,0.0],[-46.301893,-23.7787223333,0.0],[-46.301893,-23.7787433333,0.0]]}},{"type":"Feature","properties":{"lote":"0_PMSA_LOTE"},"geometry":{"type":"LineString","coordinates":[[-46.301613,-23.7786233333,0.0],[-46.301421,-23.7786633333,0.0]]}},{"type":"Feature","properties":{"lote":"0_PMSA_LOTE"},"geometry":{"type":"LineString","coordinates":[[-46.301628,-23.7786803333,0.0],[-46.301603,-23.7785843333,0.0]]}},{"type":"Feature","properties":{"lote":"0_PMSA_LOTE"},"geometry":{"type":"LineString","coordinates":[[-46.30067,-23.7795203333,0.0],[-46.300379,-23.7790903333,0.0],[-46.300366,-23.7790483333,0.0],[-46.300433,-23.7788203333,0.0],[-46.300455,-23.7786953333,0.0],[-46.30045,-23.7786133333,0.0],[-46.300427,-23.7785643333,0.0],[-46.300393,-23.7785203333,0.0],[-46.30038,-23.7784583333,0.0],[-46.300296,-23.7782183333,0.0],[-46.300174,-23.7779283333,0.0],[-46.29976,-23.7785693333,0.0],[-46.299331,-23.7792143333,0.0],[-46.299135,-23.7795363333,0.0],[-46.299139,-23.7795613333,0.0],[-46.299174,-23.7795773333,0.0],[-46.299841,-23.7794563333,0.0],[-46.300428,-23.7796433333,0.0],[-46.30067,-23.7795203333,0.0]]}},{"type":"Feature","properties":{"lote":"0_PMSA_LOTE"},"geometry":{"type":"LineString","coordinates":[[-46.30019,-23.7794403333,0.0],[-46.300498,-23.7792653333,0.0]]}},{"type":"Feature","properties":{"lote":"0_PMSA_LOTE"},"geometry":{"type":"LineString","coordinates":[[-46.300402,-23.7794183333,0.0],[-46.300354,-23.7793473333,0.0]]}},{"type":"Feature","properties":{"lote":"0_PMSA_LOTE"},"geometry":{"type":"LineString","coordinates":[[-46.299806,-23.7794623333,0.0],[-46.299742,-23.7791103333,0.0]]}},{"type":"Feature","properties":{"lote":"0_PMSA_LOTE"},"geometry":{"type":"LineString","coordinates":[[-46.299935,-23.7790773333,0.0],[-46.299742,-23.7791103333,0.0]]}},{"type":"Feature","properties":{"lote":"0_PMSA_LOTE"},"geometry":{"type":"LineString","coordinates":[[-46.30019,-23.7794393333,0.0],[-46.300143,-23.7795523333,0.0]]}},{"type":"Feature","properties":{"lote":"0_PMSA_LOTE"},"geometry":{"type":"LineString","coordinates":[[-46.300014,-23.7795113333,0.0],[-46.299935,-23.7790783333,0.0]]}},{"type":"Feature","properties":{"lote":"0_PMSA_LOTE"},"geometry":{"type":"LineString","coordinates":[[-46.299935,-23.7790783333,0.0],[-46.300321,-23.7786333333,0.0],[-46.300454,-23.7786813333,0.0]]}},{"type":"Feature","properties":{"lote":"0_PMSA_LOTE"},"geometry":{"type":"LineString","coordinates":[[-46.301996,-23.7792703333,0.0],[-46.302027,-23.7794413333,0.0]]}},{"type":"Feature","properties":{"lote":"0_PMSA_LOTE"},"geometry":{"type":"LineString","coordinates":[[-46.301996,-23.7792703333,0.0],[-46.301968,-23.7792093333,0.0],[-46.301886,-23.7792433333,0.0]]}},{"type":"Feature","properties":{"lote":"0_PMSA_LOTE"},"geometry":{"type":"LineString","coordinates":[[-46.302027,-23.7794413333,0.0],[-46.301889,-23.7794993333,0.0]]}},{"type":"Feature","properties":{"lote":"0_PMSA_LOTE"},"geometry":{"type":"LineString","coordinates":[[-46.301958,-23.7796443333,0.0],[-46.301788,-23.7792823333,0.0]]}},{"type":"Feature","properties":{"lote":"0_PMSA_LOTE"},"geometry":{"type":"LineString","coordinates":[[-46.302027,-23.7794413333,0.0],[-46.302046,-23.7796073333,0.0],[-46.301958,-23.7796443333,0.0]]}},{"type":"Feature","properties":{"lote":"0_PMSA_LOTE"},"geometry":{"type":"LineString","coordinates":[[-46.30212,-23.7793273333,0.0],[-46.302056,-23.7791833333,0.0]]}},{"type":"Feature","properties":{"lote":"0_PMSA_LOTE"},"geometry":{"type":"LineString","coordinates":[[-46.302292,-23.7792613333,0.0],[-46.302073,-23.7793453333,0.0]]}},{"type":"Feature","properties":{"lote":"0_PMSA_LOTE"},"geometry":{"type":"LineString","coordinates":[[-46.302174,-23.7793063333,0.0],[-46.302111,-23.7791633333,0.0]]}},{"type":"Feature","properties":{"lote":"0_PMSA_LOTE"},"geometry":{"type":"LineString","coordinates":[[-46.302224,-23.7792873333,0.0],[-46.302161,-23.7791443333,0.0]]}},{"type":"Feature","properties":{"lote":"0_PMSA_LOTE"},"geometry":{"type":"LineString","coordinates":[[-46.302292,-23.7792613333,0.0],[-46.302315,-23.7793063333,0.0],[-46.302399,-23.7793643333,0.0]]}},{"type":"Feature","properties":{"lote":"0_PMSA_LOTE"},"geometry":{"type":"LineString","coordinates":[[-46.302009,-23.7792013333,0.0],[-46.302078,-23.7793563333,0.0],[-46.30211,-23.7795523333,0.0]]}},{"type":"Feature","properties":{"lote":"0_PMSA_LOTE"},"geometry":{"type":"LineString","coordinates":[[-46.302009,-23.7792013333,0.0],[-46.302234,-23.7791173333,0.0]]}},{"type":"Feature","properties":{"lote":"0_PMSA_LOTE"},"geometry":{"type":"LineString","coordinates":[[-46.301975,-23.7765443333,0.0],[-46.301542,-23.7763443333,0.0]]}},{"type":"Feature","properties":{"lote":"0_PMSA_LOTE"},"geometry":{"type":"LineString","coordinates":[[-46.301654,-23.7761053333,0.0],[-46.301886,-23.7762093333,0.0]]}},{"type":"Feature","properties":{"lote":"0_PMSA_LOTE"},"geometry":{"type":"LineString","coordinates":[[-46.301439,-23.7765423333,0.0],[-46.301658,-23.7766433333,0.0]]}},{"type":"Feature","properties":{"lote":"0_PMSA_LOTE"},"geometry":{"type":"LineString","coordinates":[[-46.301931,-23.7761243333,0.0],[-46.301694,-23.7760183333,0.0],[-46.301471,-23.7764963333,0.0],[-46.301782,-23.7766403333,0.0]]}},{"type":"Feature","properties":{"lote":"0_PMSA_LOTE"},"geometry":{"type":"LineString","coordinates":[[-46.301931,-23.7761243333,0.0],[-46.301762,-23.7764463333,0.0]]}},{"type":"Feature","properties":{"lote":"0_PMSA_LOTE"},"geometry":{"type":"LineString","coordinates":[[-46.301975,-23.7765443333,0.0],[-46.301782,-23.7766403333,0.0]]}},{"type":"Feature","properties":{"lote":"0_PMSA_LOTE"},"geometry":{"type":"LineString","coordinates":[[-46.301985,-23.7776823333,0.0],[-46.301964,-23.7774623333,0.0],[-46.301928,-23.7774333333,0.0],[-46.301471,-23.7772913333,0.0],[-46.301298,-23.7772503333,0.0],[-46.301169,-23.7772503333,0.0],[-46.301064,-23.7772623333,0.0]]}},{"type":"Feature","properties":{"lote":"0_PMSA_LOTE"},"geometry":{"type":"LineString","coordinates":[[-46.301485,-23.7775783333,0.0],[-46.301424,-23.7775253333,0.0],[-46.30133,-23.7774863333,0.0],[-46.301269,-23.7774863333,0.0],[-46.301157,-23.7775073333,0.0],[-46.301132,-23.7774123333,0.0],[-46.301371,-23.7773963333,0.0],[-46.301524,-23.7774213333,0.0],[-46.301748,-23.7775453333,0.0],[-46.301776,-23.7776273333,0.0],[-46.301974,-23.7775693333,0.0]]}},{"type":"Feature","properties":{"lote":"0_PMSA_LOTE"},"geometry":{"type":"LineString","coordinates":[[-46.301739,-23.7793133333,0.0],[-46.301476,-23.7794183333,0.0]]}},{"type":"Feature","properties":{"lote":"0_PMSA_LOTE"},"geometry":{"type":"LineString","coordinates":[[-46.301763,-23.7793653333,0.0],[-46.301457,-23.7794873333,0.0]]}},{"type":"Feature","properties":{"lote":"0_PMSA_LOTE"},"geometry":{"type":"LineString","coordinates":[[-46.301701,-23.7792313333,0.0],[-46.301439,-23.7793363333,0.0]]}},{"type":"Feature","properties":{"lote":"0_PMSA_LOTE"},"geometry":{"type":"LineString","coordinates":[[-46.301687,-23.7792003333,0.0],[-46.301425,-23.7793053333,0.0]]}},{"type":"Feature","properties":{"lote":"0_PMSA_LOTE"},"geometry":{"type":"LineString","coordinates":[[-46.301673,-23.7791703333,0.0],[-46.301411,-23.7792743333,0.0]]}},{"type":"Feature","properties":{"lote":"0_PMSA_LOTE"},"geometry":{"type":"LineString","coordinates":[[-46.301649,-23.7791183333,0.0],[-46.301398,-23.7792453333,0.0]]}},{"type":"Feature","properties":{"lote":"0_PMSA_LOTE"},"geometry":{"type":"LineString","coordinates":[[-46.301398,-23.7792453333,0.0],[-46.301499,-23.7794703333,0.0]]}},{"type":"Feature","properties":{"lote":"0_PMSA_LOTE"},"geometry":{"type":"LineString","coordinates":[[-46.301453,-23.7793673333,0.0],[-46.301715,-23.7792623333,0.0]]}},{"type":"Feature","properties":{"lote":"0_PMSA_LOTE"},"geometry":{"type":"LineString","coordinates":[[-46.301835,-23.7795533333,0.0],[-46.301995,-23.7798853333,0.0]]}},{"type":"Feature","properties":{"lote":"0_PMSA_LOTE"},"geometry":{"type":"LineString","coordinates":[[-46.301716,-23.7796003333,0.0],[-46.301822,-23.7798193333,0.0]]}},{"type":"Feature","properties":{"lote":"0_PMSA_LOTE"},"geometry":{"type":"LineString","coordinates":[[-46.301791,-23.7794623333,0.0],[-46.301629,-23.7795273333,0.0]]}},{"type":"Feature","properties":{"lote":"0_PMSA_LOTE"},"geometry":{"type":"LineString","coordinates":[[-46.301835,-23.7795533333,0.0],[-46.301447,-23.7797073333,0.0]]}},{"type":"Feature","properties":{"lote":"0_PMSA_LOTE"},"geometry":{"type":"LineString","coordinates":[[-46.301879,-23.7796443333,0.0],[-46.30176,-23.7796913333,0.0]]}},{"type":"Feature","properties":{"lote":"0_PMSA_LOTE"},"geometry":{"type":"LineString","coordinates":[[-46.301457,-23.7794873333,0.0],[-46.301537,-23.7796723333,0.0]]}},{"type":"Feature","properties":{"lote":"0_PMSA_LOTE"},"geometry":{"type":"LineString","coordinates":[[-46.301586,-23.7794363333,0.0],[-46.301673,-23.7796173333,0.0]]}},{"type":"Feature","properties":{"lote":"0_PMSA_LOTE"},"geometry":{"type":"LineString","coordinates":[[-46.301371,-23.7794203333,0.0],[-46.301311,-23.7793313333,0.0]]}},{"type":"Feature","properties":{"lote":"0_PMSA_LOTE"},"geometry":{"type":"LineString","coordinates":[[-46.301371,-23.7794203333,0.0],[-46.301375,-23.7794603333,0.0],[-46.301367,-23.7794953333,0.0],[-46.301337,-23.7795593333,0.0],[-46.301265,-23.7796013333,0.0]]}},{"type":"Feature","properties":{"lote":"0_PMSA_LOTE"},"geometry":{"type":"LineString","coordinates":[[-46.302417,-23.7812363333,0.0],[-46.302305,-23.7812293333,0.0]]}},{"type":"Feature","properties":{"lote":"0_PMSA_LOTE"},"geometry":{"type":"LineString","coordinates":[[-46.302149,-23.7809313333,0.0],[-46.302305,-23.7812293333,0.0]]}},{"type":"Feature","properties":{"lote":"0_PMSA_LOTE"},"geometry":{"type":"LineString","coordinates":[[-46.301207,-23.7797193333,0.0],[-46.30132,-23.7798713333,0.0]]}},{"type":"Feature","properties":{"lote":"0_PMSA_LOTE"},"geometry":{"type":"LineString","coordinates":[[-46.301416,-23.7798153333,0.0],[-46.30132,-23.7798713333,0.0]]}},{"type":"Feature","properties":{"lote":"0_PMSA_LOTE"},"geometry":{"type":"LineString","coordinates":[[-46.301287,-23.7798273333,0.0],[-46.301261,-23.7798503333,0.0]]}},{"type":"Feature","properties":{"lote":"0_PMSA_LOTE"},"geometry":{"type":"LineString","coordinates":[[-46.301261,-23.7798503333,0.0],[-46.301182,-23.7799183333,0.0]]}},{"type":"Feature","properties":{"lote":"0_PMSA_LOTE"},"geometry":{"type":"LineString","coordinates":[[-46.301182,-23.7799183333,0.0],[-46.301201,-23.7799383333,0.0]]}},{"type":"Feature","properties":{"lote":"0_PMSA_LOTE"},"geometry":{"type":"LineString","coordinates":[[-46.301201,-23.7799383333,0.0],[-46.301175,-23.7799603333,0.0]]}},{"type":"Feature","properties":{"lote":"0_PMSA_LOTE"},"geometry":{"type":"LineString","coordinates":[[-46.301105,-23.7800323333,0.0],[-46.300923,-23.7801403333,0.0]]}},{"type":"Feature","properties":{"lote":"0_PMSA_LOTE"},"geometry":{"type":"LineString","coordinates":[[-46.301175,-23.7799603333,0.0],[-46.301105,-23.7800323333,0.0]]}},{"type":"Feature","properties":{"lote":"0_PMSA_LOTE"},"geometry":{"type":"LineString","coordinates":[[-46.300698,-23.7799833333,0.0],[-46.300847,-23.7799863333,0.0]]}},{"type":"Feature","properties":{"lote":"0_PMSA_LOTE"},"geometry":{"type":"LineString","coordinates":[[-46.300451,-23.7797523333,0.0],[-46.299724,-23.7801653333,0.0]]}},{"type":"Feature","properties":{"lote":"0_PMSA_LOTE"},"geometry":{"type":"LineString","coordinates":[[-46.299678,-23.7800743333,0.0],[-46.300284,-23.7797423333,0.0]]}},{"type":"Feature","properties":{"lote":"0_PMSA_LOTE"},"geometry":{"type":"LineString","coordinates":[[-46.30028,-23.7797013333,0.0],[-46.300296,-23.7797213333,0.0],[-46.300284,-23.7797423333,0.0]]}},{"type":"Feature","properties":{"lote":"0_PMSA_LOTE"},"geometry":{"type":"LineString","coordinates":[[-46.30028,-23.7797013333,0.0],[-46.299827,-23.7795523333,0.0]]}},{"type":"Feature","properties":{"lote":"0_PMSA_LOTE"},"geometry":{"type":"LineString","coordinates":[[-46.299827,-23.7795523333,0.0],[-46.299151,-23.7796633333,0.0]]}},{"type":"Feature","properties":{"lote":"0_PMSA_LOTE"},"geometry":{"type":"LineString","coordinates":[[-46.299151,-23.7796633333,0.0],[-46.299107,-23.7796623333,0.0]]}},{"type":"Feature","properties":{"lote":"0_PMSA_LOTE"},"geometry":{"type":"LineString","coordinates":[[-46.298969,-23.7796093333,0.0],[-46.299107,-23.7796623333,0.0]]}},{"type":"Feature","properties":{"lote":"0_PMSA_LOTE"},"geometry":{"type":"LineString","coordinates":[[-46.299178,-23.7796583333,0.0],[-46.299274,-23.7798983333,0.0]]}},{"type":"Feature","properties":{"lote":"0_PMSA_LOTE"},"geometry":{"type":"LineString","coordinates":[[-46.300108,-23.7796443333,0.0],[-46.300024,-23.7798843333,0.0]]}},{"type":"Feature","properties":{"lote":"0_PMSA_LOTE"},"geometry":{"type":"LineString","coordinates":[[-46.299626,-23.7797803333,0.0],[-46.299777,-23.7800193333,0.0]]}},{"type":"Feature","properties":{"lote":"0_PMSA_LOTE"},"geometry":{"type":"LineString","coordinates":[[-46.29955,-23.7798713333,0.0],[-46.299649,-23.7798163333,0.0]]}},{"type":"Feature","properties":{"lote":"0_PMSA_LOTE"},"geometry":{"type":"LineString","coordinates":[[-46.299699,-23.7795733333,0.0],[-46.299746,-23.7798033333,0.0]]}},{"type":"Feature","properties":{"lote":"0_PMSA_LOTE"},"geometry":{"type":"LineString","coordinates":[[-46.299939,-23.7795883333,0.0],[-46.299859,-23.7798173333,0.0]]}},{"type":"Feature","properties":{"lote":"0_PMSA_LOTE"},"geometry":{"type":"LineString","coordinates":[[-46.299588,-23.7795913333,0.0],[-46.299626,-23.7797803333,0.0]]}},{"type":"Feature","properties":{"lote":"0_PMSA_LOTE"},"geometry":{"type":"LineString","coordinates":[[-46.299827,-23.7795523333,0.0],[-46.299795,-23.7798043333,0.0]]}},{"type":"Feature","properties":{"lote":"0_PMSA_LOTE"},"geometry":{"type":"LineString","coordinates":[[-46.299859,-23.7798173333,0.0],[-46.299795,-23.7798043333,0.0]]}},{"type":"Feature","properties":{"lote":"0_PMSA_LOTE"},"geometry":{"type":"LineString","coordinates":[[-46.299795,-23.7798043333,0.0],[-46.299746,-23.7798033333,0.0]]}},{"type":"Feature","properties":{"lote":"0_PMSA_LOTE"},"geometry":{"type":"LineString","coordinates":[[-46.299275,-23.7798983333,0.0],[-46.29955,-23.7798713333,0.0]]}},{"type":"Feature","properties":{"lote":"0_PMSA_LOTE"},"geometry":{"type":"LineString","coordinates":[[-46.299649,-23.7798163333,0.0],[-46.299746,-23.7798033333,0.0]]}},{"type":"Feature","properties":{"lote":"0_PMSA_LOTE"},"geometry":{"type":"LineString","coordinates":[[-46.300024,-23.7796173333,0.0],[-46.299921,-23.7799143333,0.0]]}},{"type":"Feature","properties":{"lote":"0_PMSA_LOTE"},"geometry":{"type":"LineString","coordinates":[[-46.298111,-23.7757833333,0.0],[-46.297987,-23.7753653333,0.0]]}},{"type":"Feature","properties":{"lote":"0_PMSA_LOTE"},"geometry":{"type":"LineString","coordinates":[[-46.298227,-23.7758613333,0.0],[-46.298212,-23.7759013333,0.0],[-46.298177,-23.7759293333,0.0],[-46.298137,-23.7759363333,0.0],[-46.298093,-23.7759223333,0.0],[-46.298063,-23.7758903333,0.0],[-46.298056,-23.7758473333,0.0],[-46.298074,-23.7758083333,0.0],[-46.298111,-23.7757833333,0.0]]}},{"type":"Feature","properties":{"lote":"0_PMSA_LOTE"},"geometry":{"type":"LineString","coordinates":[[-46.298227,-23.7758613333,0.0],[-46.298241,-23.7758443333,0.0]]}},{"type":"Feature","properties":{"lote":"0_PMSA_LOTE"},"geometry":{"type":"LineString","coordinates":[[-46.299573,-23.7780653333,0.0],[-46.299894,-23.7781273333,0.0]]}},{"type":"Feature","properties":{"lote":"0_PMSA_LOTE"},"geometry":{"type":"LineString","coordinates":[[-46.302088,-23.7796793333,0.0],[-46.30208,-23.7797463333,0.0],[-46.30205,-23.7798833333,0.0],[-46.302018,-23.7798913333,0.0],[-46.301995,-23.7798853333,0.0]]}},{"type":"Feature","properties":{"lote":"0_PMSA_LOTE"},"geometry":{"type":"LineString","coordinates":[[-46.301595,-23.7785073333,0.0],[-46.301606,-23.7785223333,0.0]]}},{"type":"Feature","properties":{"lote":"0_PMSA_LOTE"},"geometry":{"type":"LineString","coordinates":[[-46.301603,-23.7785843333,0.0],[-46.301606,-23.7785223333,0.0]]}},{"type":"Feature","properties":{"lote":"0_PMSA_LOTE"},"geometry":{"type":"LineString","coordinates":[[-46.301744,-23.7798513333,0.0],[-46.301844,-23.7800623333,0.0]]}},{"type":"Feature","properties":{"lote":"0_PMSA_LOTE"},"geometry":{"type":"LineString","coordinates":[[-46.30085,-23.7798853333,0.0],[-46.300853,-23.7797943333,0.0],[-46.300847,-23.7797663333,0.0],[-46.300746,-23.7795993333,0.0],[-46.300734,-23.7796003333,0.0],[-46.300451,-23.7797523333,0.0]]}},{"type":"Feature","properties":{"lote":"0_PMSA_LOTE"},"geometry":{"type":"LineString","coordinates":[[-46.30085,-23.7798843333,0.0],[-46.300847,-23.7799943333,0.0],[-46.300856,-23.7801033333,0.0],[-46.30088,-23.7802123333,0.0],[-46.300902,-23.7802633333,0.0]]}},{"type":"Feature","properties":{"lote":"0_PMSA_LOTE"},"geometry":{"type":"LineString","coordinates":[[-46.302809,-23.7804453333,0.0],[-46.302648,-23.7802933333,0.0],[-46.302555,-23.7802353333,0.0],[-46.302507,-23.7802153333,0.0],[-46.302369,-23.7801943333,0.0]]}},{"type":"Feature","properties":{"lote":"0_PMSA_LOTE"},"geometry":{"type":"LineString","coordinates":[[-46.302971,-23.7813303333,0.0],[-46.302979,-23.7812353333,0.0],[-46.303009,-23.7811303333,0.0],[-46.303041,-23.7809593333,0.0],[-46.303043,-23.7808763333,0.0],[-46.303033,-23.7807483333,0.0],[-46.302965,-23.7806453333,0.0],[-46.302842,-23.7804883333,0.0]]}},{"type":"Feature","properties":{"lote":"0_PMSA_LOTE"},"geometry":{"type":"LineString","coordinates":[[-46.302842,-23.7804883333,0.0],[-46.302807,-23.7804423333,0.0]]}},{"type":"Feature","properties":{"lote":"0_PMSA_LOTE"},"geometry":{"type":"LineString","coordinates":[[-46.30151,-23.7804433333,0.0],[-46.30151,-23.7805083333,0.0]]}},{"type":"Feature","properties":{"lote":"0_PMSA_LOTE"},"geometry":{"type":"LineString","coordinates":[[-46.30151,-23.7805083333,0.0],[-46.301556,-23.7805933333,0.0]]}},{"type":"Feature","properties":{"lote":"0_PMSA_LOTE"},"geometry":{"type":"LineString","coordinates":[[-46.301556,-23.7805933333,0.0],[-46.301658,-23.7806403333,0.0]]}},{"type":"Feature","properties":{"lote":"0_PMSA_LOTE"},"geometry":{"type":"LineString","coordinates":[[-46.301658,-23.7806403333,0.0],[-46.301742,-23.7806203333,0.0]]}},{"type":"Feature","properties":{"lote":"0_PMSA_LOTE"},"geometry":{"type":"LineString","coordinates":[[-46.301742,-23.7806203333,0.0],[-46.301799,-23.7805713333,0.0]]}},{"type":"Feature","properties":{"lote":"0_PMSA_LOTE"},"geometry":{"type":"LineString","coordinates":[[-46.301799,-23.7805713333,0.0],[-46.301883,-23.7804543333,0.0]]}},{"type":"Feature","properties":{"lote":"0_PMSA_LOTE"},"geometry":{"type":"LineString","coordinates":[[-46.301883,-23.7804543333,0.0],[-46.301933,-23.7804073333,0.0]]}},{"type":"Feature","properties":{"lote":"0_PMSA_LOTE"},"geometry":{"type":"LineString","coordinates":[[-46.301933,-23.7804073333,0.0],[-46.30195,-23.7803953333,0.0]]}},{"type":"Feature","properties":{"lote":"0_PMSA_LOTE"},"geometry":{"type":"LineString","coordinates":[[-46.30195,-23.7803953333,0.0],[-46.301987,-23.7803773333,0.0],[-46.302035,-23.7803733333,0.0],[-46.302082,-23.7803883333,0.0],[-46.302118,-23.7804183333,0.0]]}},{"type":"Feature","properties":{"lote":"0_PMSA_LOTE"},"geometry":{"type":"LineString","coordinates":[[-46.302369,-23.7801943333,0.0],[-46.302342,-23.7801943333,0.0]]}},{"type":"Feature","properties":{"lote":"0_PMSA_LOTE"},"geometry":{"type":"LineString","coordinates":[[-46.302342,-23.7801943333,0.0],[-46.302241,-23.7802313333,0.0]]}},{"type":"Feature","properties":{"lote":"0_PMSA_LOTE"},"geometry":{"type":"LineString","coordinates":[[-46.302241,-23.7802313333,0.0],[-46.302187,-23.7802563333,0.0]]}},{"type":"Feature","properties":{"lote":"0_PMSA_LOTE"},"geometry":{"type":"LineString","coordinates":[[-46.302061,-23.7803283333,0.0],[-46.302061,-23.7803283333,0.0]]}},{"type":"Feature","properties":{"lote":"0_PMSA_LOTE"},"geometry":{"type":"LineString","coordinates":[[-46.302118,-23.7804183333,0.0],[-46.302224,-23.7805563333,0.0]]}},{"type":"Feature","properties":{"lote":"0_PMSA_LOTE"},"geometry":{"type":"LineString","coordinates":[[-46.302486,-23.7815653333,0.0],[-46.302502,-23.7814843333,0.0],[-46.302501,-23.7813803333,0.0],[-46.302437,-23.7812943333,0.0],[-46.302411,-23.7812173333,0.0],[-46.302385,-23.7810683333,0.0],[-46.30241,-23.7808903333,0.0],[-46.302404,-23.7807343333,0.0],[-46.302224,-23.7805563333,0.0]]}},{"type":"Feature","properties":{"lote":"0_PMSA_LOTE"},"geometry":{"type":"LineString","coordinates":[[-46.302486,-23.7815653333,0.0],[-46.302544,-23.7815753333,0.0]]}},{"type":"Feature","properties":{"lote":"0_PMSA_LOTE"},"geometry":{"type":"LineString","coordinates":[[-46.302544,-23.7815753333,0.0],[-46.302781,-23.7817853333,0.0],[-46.30296,-23.7816943333,0.0]]}},{"type":"Feature","properties":{"lote":"0_PMSA_LOTE"},"geometry":{"type":"LineString","coordinates":[[-46.300531,-23.7797093333,0.0],[-46.300698,-23.7799833333,0.0]]}},{"type":"Feature","properties":{"lote":"0_PMSA_LOTE"},"geometry":{"type":"LineString","coordinates":[[-46.299859,-23.7798173333,0.0],[-46.299933,-23.7799343333,0.0]]}},{"type":"Feature","properties":{"lote":"0_PMSA_LOTE"},"geometry":{"type":"LineString","coordinates":[[-46.299484,-23.7797673333,0.0],[-46.299685,-23.7800863333,0.0]]}},{"type":"Feature","properties":{"lote":"0_PMSA_LOTE"},"geometry":{"type":"LineString","coordinates":[[-46.299452,-23.7796133333,0.0],[-46.299484,-23.7797673333,0.0]]}},{"type":"Feature","properties":{"lote":"0_PMSA_LOTE"},"geometry":{"type":"LineString","coordinates":[[-46.300402,-23.7794183333,0.0],[-46.300546,-23.7793363333,0.0]]}},{"type":"Feature","properties":{"lote":"0_PMSA_LOTE"},"geometry":{"type":"LineString","coordinates":[[-46.300733,-23.7792073333,0.0],[-46.300603,-23.7792793333,0.0]]}},{"type":"Feature","properties":{"lote":"0_PMSA_LOTE"},"geometry":{"type":"LineString","coordinates":[[-46.300174,-23.7794163333,0.0],[-46.300482,-23.7792413333,0.0]]}},{"type":"Feature","properties":{"lote":"0_PMSA_LOTE"},"geometry":{"type":"LineString","coordinates":[[-46.300158,-23.7793923333,0.0],[-46.300466,-23.7792173333,0.0]]}},{"type":"Feature","properties":{"lote":"0_PMSA_LOTE"},"geometry":{"type":"LineString","coordinates":[[-46.300142,-23.7793693333,0.0],[-46.30045,-23.7791943333,0.0]]}},{"type":"Feature","properties":{"lote":"0_PMSA_LOTE"},"geometry":{"type":"LineString","coordinates":[[-46.300119,-23.7793343333,0.0],[-46.300426,-23.7791593333,0.0]]}},{"type":"Feature","properties":{"lote":"0_PMSA_LOTE"},"geometry":{"type":"LineString","coordinates":[[-46.300168,-23.7792453333,0.0],[-46.300396,-23.7791153333,0.0]]}},{"type":"Feature","properties":{"lote":"0_PMSA_LOTE"},"geometry":{"type":"LineString","coordinates":[[-46.300248,-23.7790983333,0.0],[-46.300372,-23.7790283333,0.0]]}},{"type":"Feature","properties":{"lote":"0_PMSA_LOTE"},"geometry":{"type":"LineString","coordinates":[[-46.30019,-23.7794393333,0.0],[-46.300119,-23.7793343333,0.0],[-46.300248,-23.7790983333,0.0]]}},{"type":"Feature","properties":{"lote":"0_PMSA_LOTE"},"geometry":{"type":"LineString","coordinates":[[-46.300936,-23.7793883333,0.0],[-46.300833,-23.7792343333,0.0]]}},{"type":"Feature","properties":{"lote":"0_PMSA_LOTE"},"geometry":{"type":"LineString","coordinates":[[-46.29921,-23.7792193333,0.0],[-46.29896,-23.7790763333,0.0]]}},{"type":"Feature","properties":{"lote":"0_PMSA_LOTE"},"geometry":{"type":"LineString","coordinates":[[-46.299413,-23.7789103333,0.0],[-46.299163,-23.7787673333,0.0]]}},{"type":"Feature","properties":{"lote":"0_PMSA_LOTE"},"geometry":{"type":"LineString","coordinates":[[-46.301157,-23.7775073333,0.0],[-46.301091,-23.7772583333,0.0]]}},{"type":"Feature","properties":{"lote":"0_PMSA_LOTE"},"geometry":{"type":"LineString","coordinates":[[-46.30049,-23.7778033333,0.0],[-46.30032,-23.7777113333,0.0]]}},{"type":"Feature","properties":{"lote":"0_PMSA_LOTE"},"geometry":{"type":"LineString","coordinates":[[-46.299834,-23.7779073333,0.0],[-46.299549,-23.7779723333,0.0]]}},{"type":"Feature","properties":{"lote":"0_PMSA_LOTE"},"geometry":{"type":"LineString","coordinates":[[-46.297365,-23.7769043333,0.0],[-46.297134,-23.7769583333,0.0]]}},{"type":"Feature","properties":{"lote":"0_PMSA_LOTE"},"geometry":{"type":"LineString","coordinates":[[-46.29737,-23.7769213333,0.0],[-46.297139,-23.7769763333,0.0]]}},{"type":"Feature","properties":{"lote":"0_PMSA_LOTE"},"geometry":{"type":"LineString","coordinates":[[-46.297134,-23.7769583333,0.0],[-46.29712,-23.7769083333,0.0]]}},{"type":"Feature","properties":{"lote":"0_PMSA_LOTE"},"geometry":{"type":"LineString","coordinates":[[-46.297092,-23.7766573333,0.0],[-46.297041,-23.7766313333,0.0]]}},{"type":"Feature","properties":{"lote":"0_PMSA_LOTE"},"geometry":{"type":"LineString","coordinates":[[-46.297041,-23.7766313333,0.0],[-46.297036,-23.7766103333,0.0]]}},{"type":"Feature","properties":{"lote":"0_PMSA_LOTE"},"geometry":{"type":"LineString","coordinates":[[-46.297229,-23.7764263333,0.0],[-46.297124,-23.7763753333,0.0]]}},{"type":"Feature","properties":{"lote":"0_PMSA_LOTE"},"geometry":{"type":"LineString","coordinates":[[-46.298502,-23.7772883333,0.0],[-46.298539,-23.7774283333,0.0]]}},{"type":"Feature","properties":{"lote":"0_PMSA_LOTE"},"geometry":{"type":"LineString","coordinates":[[-46.298539,-23.7774283333,0.0],[-46.298468,-23.7771623333,0.0]]}},{"type":"Feature","properties":{"lote":"0_PMSA_LOTE"},"geometry":{"type":"LineString","coordinates":[[-46.298662,-23.7773983333,0.0],[-46.298592,-23.7771333333,0.0]]}},{"type":"Feature","properties":{"lote":"0_PMSA_LOTE"},"geometry":{"type":"LineString","coordinates":[[-46.298342,-23.7771923333,0.0],[-46.298592,-23.7771333333,0.0]]}},{"type":"Feature","properties":{"lote":"0_PMSA_LOTE"},"geometry":{"type":"LineString","coordinates":[[-46.298413,-23.7774583333,0.0],[-46.298662,-23.7773983333,0.0]]}},{"type":"Feature","properties":{"lote":"0_PMSA_LOTE"},"geometry":{"type":"LineString","coordinates":[[-46.29737,-23.7769213333,0.0],[-46.297655,-23.7779473333,0.0],[-46.298747,-23.7777003333,0.0]]}},{"type":"Feature","properties":{"lote":"0_PMSA_LOTE"},"geometry":{"type":"LineString","coordinates":[[-46.298342,-23.7771923333,0.0],[-46.298413,-23.7774583333,0.0]]}},{"type":"Feature","properties":{"lote":"0_PMSA_LOTE"},"geometry":{"type":"LineString","coordinates":[[-46.298991,-23.7759823333,0.0],[-46.298938,-23.7759943333,0.0]]}},{"type":"Feature","properties":{"lote":"0_PMSA_LOTE"},"geometry":{"type":"LineString","coordinates":[[-46.298745,-23.7764913333,0.0],[-46.298498,-23.7765493333,0.0]]}},{"type":"Feature","properties":{"lote":"0_PMSA_LOTE"},"geometry":{"type":"LineString","coordinates":[[-46.298795,-23.7766703333,0.0],[-46.298548,-23.7767283333,0.0]]}},{"type":"Feature","properties":{"lote":"0_PMSA_LOTE"},"geometry":{"type":"LineString","coordinates":[[-46.298475,-23.7764663333,0.0],[-46.298548,-23.7767283333,0.0]]}},{"type":"Feature","properties":{"lote":"0_PMSA_LOTE"},"geometry":{"type":"LineString","coordinates":[[-46.29876,-23.7765433333,0.0],[-46.298512,-23.7766023333,0.0]]}},{"type":"Feature","properties":{"lote":"0_PMSA_LOTE"},"geometry":{"type":"LineString","coordinates":[[-46.298774,-23.7765963333,0.0],[-46.298527,-23.7766543333,0.0]]}},{"type":"Feature","properties":{"lote":"0_PMSA_LOTE"},"geometry":{"type":"LineString","coordinates":[[-46.29858,-23.7768433333,0.0],[-46.298828,-23.7767873333,0.0]]}},{"type":"Feature","properties":{"lote":"0_PMSA_LOTE"},"geometry":{"type":"LineString","coordinates":[[-46.298595,-23.7768963333,0.0],[-46.298843,-23.7768393333,0.0]]}},{"type":"Feature","properties":{"lote":"0_PMSA_LOTE"},"geometry":{"type":"LineString","coordinates":[[-46.29861,-23.7769483333,0.0],[-46.298858,-23.7768923333,0.0]]}},{"type":"Feature","properties":{"lote":"0_PMSA_LOTE"},"geometry":{"type":"LineString","coordinates":[[-46.298633,-23.7770313333,0.0],[-46.298881,-23.7769753333,0.0]]}},{"type":"Feature","properties":{"lote":"0_PMSA_LOTE"},"geometry":{"type":"LineString","coordinates":[[-46.298657,-23.7771133333,0.0],[-46.298904,-23.7770573333,0.0]]}},{"type":"Feature","properties":{"lote":"0_PMSA_LOTE"},"geometry":{"type":"LineString","coordinates":[[-46.298677,-23.7771883333,0.0],[-46.298925,-23.7771313333,0.0]]}},{"type":"Feature","properties":{"lote":"0_PMSA_LOTE"},"geometry":{"type":"LineString","coordinates":[[-46.298692,-23.7772403333,0.0],[-46.29894,-23.7771843333,0.0]]}},{"type":"Feature","properties":{"lote":"0_PMSA_LOTE"},"geometry":{"type":"LineString","coordinates":[[-46.298707,-23.7772933333,0.0],[-46.298955,-23.7772363333,0.0]]}},{"type":"Feature","properties":{"lote":"0_PMSA_LOTE"},"geometry":{"type":"LineString","coordinates":[[-46.29873,-23.7773763333,0.0],[-46.298978,-23.7773193333,0.0]]}},{"type":"Feature","properties":{"lote":"0_PMSA_LOTE"},"geometry":{"type":"LineString","coordinates":[[-46.298904,-23.7770573333,0.0],[-46.298978,-23.7773193333,0.0]]}},{"type":"Feature","properties":{"lote":"0_PMSA_LOTE"},"geometry":{"type":"LineString","coordinates":[[-46.298657,-23.7771133333,0.0],[-46.29873,-23.7773763333,0.0]]}},{"type":"Feature","properties":{"lote":"0_PMSA_LOTE"},"geometry":{"type":"LineString","coordinates":[[-46.298744,-23.7774243333,0.0],[-46.298992,-23.7773683333,0.0]]}},{"type":"Feature","properties":{"lote":"0_PMSA_LOTE"},"geometry":{"type":"LineString","coordinates":[[-46.298765,-23.7774993333,0.0],[-46.299013,-23.7774423333,0.0]]}},{"type":"Feature","properties":{"lote":"0_PMSA_LOTE"},"geometry":{"type":"LineString","coordinates":[[-46.29878,-23.7775513333,0.0],[-46.299027,-23.7774953333,0.0]]}},{"type":"Feature","properties":{"lote":"0_PMSA_LOTE"},"geometry":{"type":"LineString","coordinates":[[-46.298794,-23.7776043333,0.0],[-46.299042,-23.7775473333,0.0]]}},{"type":"Feature","properties":{"lote":"0_PMSA_LOTE"},"geometry":{"type":"LineString","coordinates":[[-46.298818,-23.7776873333,0.0],[-46.299065,-23.7776303333,0.0]]}},{"type":"Feature","properties":{"lote":"0_PMSA_LOTE"},"geometry":{"type":"LineString","coordinates":[[-46.298992,-23.7773683333,0.0],[-46.299065,-23.7776303333,0.0]]}},{"type":"Feature","properties":{"lote":"0_PMSA_LOTE"},"geometry":{"type":"LineString","coordinates":[[-46.298744,-23.7774243333,0.0],[-46.298818,-23.7776873333,0.0]]}},{"type":"Feature","properties":{"lote":"0_PMSA_LOTE"},"geometry":{"type":"LineString","coordinates":[[-46.299056,-23.7763303333,0.0],[-46.298809,-23.7763873333,0.0]]}},{"type":"Feature","properties":{"lote":"0_PMSA_LOTE"},"geometry":{"type":"LineString","coordinates":[[-46.299079,-23.7764133333,0.0],[-46.298832,-23.7764703333,0.0]]}},{"type":"Feature","properties":{"lote":"0_PMSA_LOTE"},"geometry":{"type":"LineString","coordinates":[[-46.299094,-23.7764653333,0.0],[-46.298847,-23.7765223333,0.0]]}},{"type":"Feature","properties":{"lote":"0_PMSA_LOTE"},"geometry":{"type":"LineString","coordinates":[[-46.299109,-23.7765183333,0.0],[-46.298862,-23.7765753333,0.0]]}},{"type":"Feature","properties":{"lote":"0_PMSA_LOTE"},"geometry":{"type":"LineString","coordinates":[[-46.29913,-23.7765903333,0.0],[-46.298883,-23.7766493333,0.0]]}},{"type":"Feature","properties":{"lote":"0_PMSA_LOTE"},"geometry":{"type":"LineString","coordinates":[[-46.29919,-23.7768133333,0.0],[-46.298943,-23.7768723333,0.0]]}},{"type":"Feature","properties":{"lote":"0_PMSA_LOTE"},"geometry":{"type":"LineString","coordinates":[[-46.299175,-23.7767603333,0.0],[-46.298928,-23.7768203333,0.0]]}},{"type":"Feature","properties":{"lote":"0_PMSA_LOTE"},"geometry":{"type":"LineString","coordinates":[[-46.29916,-23.7767083333,0.0],[-46.298914,-23.7767673333,0.0]]}},{"type":"Feature","properties":{"lote":"0_PMSA_LOTE"},"geometry":{"type":"LineString","coordinates":[[-46.29914,-23.7766333333,0.0],[-46.298893,-23.7766933333,0.0]]}},{"type":"Feature","properties":{"lote":"0_PMSA_LOTE"},"geometry":{"type":"LineString","coordinates":[[-46.299023,-23.7771583333,0.0],[-46.29927,-23.7771003333,0.0]]}},{"type":"Feature","properties":{"lote":"0_PMSA_LOTE"},"geometry":{"type":"LineString","coordinates":[[-46.299309,-23.7772403333,0.0],[-46.299239,-23.7769863333,0.0]]}},{"type":"Feature","properties":{"lote":"0_PMSA_LOTE"},"geometry":{"type":"LineString","coordinates":[[-46.299125,-23.7775263333,0.0],[-46.299373,-23.7774663333,0.0]]}},{"type":"Feature","properties":{"lote":"0_PMSA_LOTE"},"geometry":{"type":"LineString","coordinates":[[-46.299111,-23.7774743333,0.0],[-46.299358,-23.7774133333,0.0]]}},{"type":"Feature","properties":{"lote":"0_PMSA_LOTE"},"geometry":{"type":"LineString","coordinates":[[-46.299096,-23.7774213333,0.0],[-46.299343,-23.7773613333,0.0]]}},{"type":"Feature","properties":{"lote":"0_PMSA_LOTE"},"geometry":{"type":"LineString","coordinates":[[-46.299076,-23.7773473333,0.0],[-46.299322,-23.7772873333,0.0]]}},{"type":"Feature","properties":{"lote":"0_PMSA_LOTE"},"geometry":{"type":"LineString","coordinates":[[-46.299664,-23.7772863333,0.0],[-46.299379,-23.7773543333,0.0]]}},{"type":"Feature","properties":{"lote":"0_PMSA_LOTE"},"geometry":{"type":"LineString","coordinates":[[-46.299679,-23.7773393333,0.0],[-46.299394,-23.7774073333,0.0]]}},{"type":"Feature","properties":{"lote":"0_PMSA_LOTE"},"geometry":{"type":"LineString","coordinates":[[-46.299694,-23.7773913333,0.0],[-46.299409,-23.7774593333,0.0]]}},{"type":"Feature","properties":{"lote":"0_PMSA_LOTE"},"geometry":{"type":"LineString","coordinates":[[-46.299717,-23.7774743333,0.0],[-46.299432,-23.7775423333,0.0]]}},{"type":"Feature","properties":{"lote":"0_PMSA_LOTE"},"geometry":{"type":"LineString","coordinates":[[-46.299558,-23.7769103333,0.0],[-46.299273,-23.7769783333,0.0]]}},{"type":"Feature","properties":{"lote":"0_PMSA_LOTE"},"geometry":{"type":"LineString","coordinates":[[-46.29963,-23.7771653333,0.0],[-46.299344,-23.7772323333,0.0]]}},{"type":"Feature","properties":{"lote":"0_PMSA_LOTE"},"geometry":{"type":"LineString","coordinates":[[-46.29959,-23.7770253333,0.0],[-46.299305,-23.7770923333,0.0]]}},{"type":"Feature","properties":{"lote":"0_PMSA_LOTE"},"geometry":{"type":"LineString","coordinates":[[-46.299532,-23.7768203333,0.0],[-46.299458,-23.7765573333,0.0]]}},{"type":"Feature","properties":{"lote":"0_PMSA_LOTE"},"geometry":{"type":"LineString","coordinates":[[-46.299247,-23.7768873333,0.0],[-46.299174,-23.7766253333,0.0]]}},{"type":"Feature","properties":{"lote":"0_PMSA_LOTE"},"geometry":{"type":"LineString","coordinates":[[-46.299174,-23.7766253333,0.0],[-46.299458,-23.7765573333,0.0]]}},{"type":"Feature","properties":{"lote":"0_PMSA_LOTE"},"geometry":{"type":"LineString","coordinates":[[-46.299247,-23.7768873333,0.0],[-46.299532,-23.7768203333,0.0]]}},{"type":"Feature","properties":{"lote":"0_PMSA_LOTE"},"geometry":{"type":"LineString","coordinates":[[-46.299224,-23.7768043333,0.0],[-46.299509,-23.7767373333,0.0]]}},{"type":"Feature","properties":{"lote":"0_PMSA_LOTE"},"geometry":{"type":"LineString","coordinates":[[-46.299209,-23.7767523333,0.0],[-46.299494,-23.7766843333,0.0]]}},{"type":"Feature","properties":{"lote":"0_PMSA_LOTE"},"geometry":{"type":"LineString","coordinates":[[-46.299195,-23.7766993333,0.0],[-46.299479,-23.7766323333,0.0]]}},{"type":"Feature","properties":{"lote":"0_PMSA_LOTE"},"geometry":{"type":"LineString","coordinates":[[-46.299446,-23.7765153333,0.0],[-46.299372,-23.7762523333,0.0]]}},{"type":"Feature","properties":{"lote":"0_PMSA_LOTE"},"geometry":{"type":"LineString","coordinates":[[-46.299162,-23.7765833333,0.0],[-46.299088,-23.7763203333,0.0]]}},{"type":"Feature","properties":{"lote":"0_PMSA_LOTE"},"geometry":{"type":"LineString","coordinates":[[-46.299088,-23.7763203333,0.0],[-46.299372,-23.7762523333,0.0]]}},{"type":"Feature","properties":{"lote":"0_PMSA_LOTE"},"geometry":{"type":"LineString","coordinates":[[-46.299162,-23.7765833333,0.0],[-46.299446,-23.7765153333,0.0]]}},{"type":"Feature","properties":{"lote":"0_PMSA_LOTE"},"geometry":{"type":"LineString","coordinates":[[-46.299138,-23.7765003333,0.0],[-46.299423,-23.7764323333,0.0]]}},{"type":"Feature","properties":{"lote":"0_PMSA_LOTE"},"geometry":{"type":"LineString","coordinates":[[-46.299124,-23.7764473333,0.0],[-46.299408,-23.7763793333,0.0]]}},{"type":"Feature","properties":{"lote":"0_PMSA_LOTE"},"geometry":{"type":"LineString","coordinates":[[-46.299109,-23.7763953333,0.0],[-46.299393,-23.7763273333,0.0]]}},{"type":"Feature","properties":{"lote":"0_PMSA_LOTE"},"geometry":{"type":"LineString","coordinates":[[-46.298741,-23.7756283333,0.0],[-46.298623,-23.7752083333,0.0]]}},{"type":"Feature","properties":{"lote":"0_PMSA_LOTE"},"geometry":{"type":"LineString","coordinates":[[-46.29895,-23.7755763333,0.0],[-46.298832,-23.7751573333,0.0]]}},{"type":"Feature","properties":{"lote":"0_PMSA_LOTE"},"geometry":{"type":"LineString","coordinates":[[-46.299092,-23.7755413333,0.0],[-46.298974,-23.7751223333,0.0]]}},{"type":"Feature","properties":{"lote":"0_PMSA_LOTE"},"geometry":{"type":"LineString","coordinates":[[-46.299545,-23.7757463333,0.0],[-46.299343,-23.7750293333,0.0]]}},{"type":"Feature","properties":{"lote":"0_PMSA_LOTE"},"geometry":{"type":"LineString","coordinates":[[-46.299932,-23.7760303333,0.0],[-46.299858,-23.7757683333,0.0]]}},{"type":"Feature","properties":{"lote":"0_PMSA_LOTE"},"geometry":{"type":"LineString","coordinates":[[-46.299837,-23.7760523333,0.0],[-46.299763,-23.7757893333,0.0]]}},{"type":"Feature","properties":{"lote":"0_PMSA_LOTE"},"geometry":{"type":"LineString","coordinates":[[-46.299741,-23.7760743333,0.0],[-46.299667,-23.7758113333,0.0]]}},{"type":"Feature","properties":{"lote":"0_PMSA_LOTE"},"geometry":{"type":"LineString","coordinates":[[-46.299646,-23.7760963333,0.0],[-46.299572,-23.7758333333,0.0]]}},{"type":"Feature","properties":{"lote":"0_PMSA_LOTE"},"geometry":{"type":"LineString","coordinates":[[-46.299551,-23.7761183333,0.0],[-46.299477,-23.7758553333,0.0]]}},{"type":"Feature","properties":{"lote":"0_PMSA_LOTE"},"geometry":{"type":"LineString","coordinates":[[-46.299953,-23.7757463333,0.0],[-46.299384,-23.7758773333,0.0]]}},{"type":"Feature","properties":{"lote":"0_PMSA_LOTE"},"geometry":{"type":"LineString","coordinates":[[-46.300702,-23.7758563333,0.0],[-46.300628,-23.7755933333,0.0]]}},{"type":"Feature","properties":{"lote":"0_PMSA_LOTE"},"geometry":{"type":"LineString","coordinates":[[-46.300607,-23.7758773333,0.0],[-46.300533,-23.7756153333,0.0]]}},{"type":"Feature","properties":{"lote":"0_PMSA_LOTE"},"geometry":{"type":"LineString","coordinates":[[-46.300511,-23.7758993333,0.0],[-46.300437,-23.7756373333,0.0]]}},{"type":"Feature","properties":{"lote":"0_PMSA_LOTE"},"geometry":{"type":"LineString","coordinates":[[-46.300416,-23.7759213333,0.0],[-46.300342,-23.7756593333,0.0]]}},{"type":"Feature","properties":{"lote":"0_PMSA_LOTE"},"geometry":{"type":"LineString","coordinates":[[-46.300321,-23.7759433333,0.0],[-46.300247,-23.7756803333,0.0]]}},{"type":"Feature","properties":{"lote":"0_PMSA_LOTE"},"geometry":{"type":"LineString","coordinates":[[-46.300226,-23.7759643333,0.0],[-46.300152,-23.7757023333,0.0]]}},{"type":"Feature","properties":{"lote":"0_PMSA_LOTE"},"geometry":{"type":"LineString","coordinates":[[-46.299771,-23.7761573333,0.0],[-46.29993,-23.7767253333,0.0]]}},{"type":"Feature","properties":{"lote":"0_PMSA_LOTE"},"geometry":{"type":"LineString","coordinates":[[-46.29948,-23.7762263333,0.0],[-46.29964,-23.7767943333,0.0]]}},{"type":"Feature","properties":{"lote":"0_PMSA_LOTE"},"geometry":{"type":"LineString","coordinates":[[-46.29948,-23.7762263333,0.0],[-46.300053,-23.7760903333,0.0]]}},{"type":"Feature","properties":{"lote":"0_PMSA_LOTE"},"geometry":{"type":"LineString","coordinates":[[-46.29964,-23.7767943333,0.0],[-46.300213,-23.7766573333,0.0]]}},{"type":"Feature","properties":{"lote":"0_PMSA_LOTE"},"geometry":{"type":"LineString","coordinates":[[-46.299658,-23.7768863333,0.0],[-46.300228,-23.7767503333,0.0]]}},{"type":"Feature","properties":{"lote":"0_PMSA_LOTE"},"geometry":{"type":"LineString","coordinates":[[-46.299943,-23.7768183333,0.0],[-46.300014,-23.7770723333,0.0]]}},{"type":"Feature","properties":{"lote":"0_PMSA_LOTE"},"geometry":{"type":"LineString","coordinates":[[-46.299848,-23.7768413333,0.0],[-46.299919,-23.7770953333,0.0]]}},{"type":"Feature","properties":{"lote":"0_PMSA_LOTE"},"geometry":{"type":"LineString","coordinates":[[-46.299753,-23.7768643333,0.0],[-46.299824,-23.7771173333,0.0]]}},{"type":"Feature","properties":{"lote":"0_PMSA_LOTE"},"geometry":{"type":"LineString","coordinates":[[-46.299658,-23.7768863333,0.0],[-46.299729,-23.7771403333,0.0]]}},{"type":"Feature","properties":{"lote":"0_PMSA_LOTE"},"geometry":{"type":"LineString","coordinates":[[-46.300038,-23.7767963333,0.0],[-46.300109,-23.7770493333,0.0]]}},{"type":"Feature","properties":{"lote":"0_PMSA_LOTE"},"geometry":{"type":"LineString","coordinates":[[-46.300133,-23.7767733333,0.0],[-46.300204,-23.7770273333,0.0]]}},{"type":"Feature","properties":{"lote":"0_PMSA_LOTE"},"geometry":{"type":"LineString","coordinates":[[-46.300228,-23.7767503333,0.0],[-46.300299,-23.7770043333,0.0]]}},{"type":"Feature","properties":{"lote":"0_PMSA_LOTE"},"geometry":{"type":"LineString","coordinates":[[-46.299729,-23.7771403333,0.0],[-46.300299,-23.7770043333,0.0]]}},{"type":"Feature","properties":{"lote":"0_PMSA_LOTE"},"geometry":{"type":"LineString","coordinates":[[-46.299822,-23.7774493333,0.0],[-46.300386,-23.7773153333,0.0]]}},{"type":"Feature","properties":{"lote":"0_PMSA_LOTE"},"geometry":{"type":"LineString","coordinates":[[-46.299751,-23.7771963333,0.0],[-46.300315,-23.7770613333,0.0]]}},{"type":"Feature","properties":{"lote":"0_PMSA_LOTE"},"geometry":{"type":"LineString","coordinates":[[-46.299751,-23.7771963333,0.0],[-46.299822,-23.7774493333,0.0]]}},{"type":"Feature","properties":{"lote":"0_PMSA_LOTE"},"geometry":{"type":"LineString","coordinates":[[-46.299879,-23.7771653333,0.0],[-46.29995,-23.7774193333,0.0]]}},{"type":"Feature","properties":{"lote":"0_PMSA_LOTE"},"geometry":{"type":"LineString","coordinates":[[-46.299915,-23.7771563333,0.0],[-46.299987,-23.7774103333,0.0]]}},{"type":"Feature","properties":{"lote":"0_PMSA_LOTE"},"geometry":{"type":"LineString","coordinates":[[-46.299974,-23.7771423333,0.0],[-46.300045,-23.7773963333,0.0]]}},{"type":"Feature","properties":{"lote":"0_PMSA_LOTE"},"geometry":{"type":"LineString","coordinates":[[-46.300033,-23.7771283333,0.0],[-46.300104,-23.7773823333,0.0]]}},{"type":"Feature","properties":{"lote":"0_PMSA_LOTE"},"geometry":{"type":"LineString","coordinates":[[-46.300092,-23.7771143333,0.0],[-46.300163,-23.7773683333,0.0]]}},{"type":"Feature","properties":{"lote":"0_PMSA_LOTE"},"geometry":{"type":"LineString","coordinates":[[-46.300151,-23.7771003333,0.0],[-46.300222,-23.7773543333,0.0]]}},{"type":"Feature","properties":{"lote":"0_PMSA_LOTE"},"geometry":{"type":"LineString","coordinates":[[-46.300187,-23.7770923333,0.0],[-46.300258,-23.7773453333,0.0]]}},{"type":"Feature","properties":{"lote":"0_PMSA_LOTE"},"geometry":{"type":"LineString","coordinates":[[-46.300315,-23.7770613333,0.0],[-46.300386,-23.7773153333,0.0]]}},{"type":"Feature","properties":{"lote":"0_PMSA_LOTE"},"geometry":{"type":"LineString","coordinates":[[-46.300364,-23.7774433333,0.0],[-46.300002,-23.7779913333,0.0],[-46.299989,-23.7779993333,0.0],[-46.299973,-23.7779963333,0.0],[-46.299966,-23.7779863333,0.0],[-46.299852,-23.7775663333,0.0],[-46.299854,-23.7775523333,0.0],[-46.299866,-23.7775443333,0.0],[-46.300353,-23.7774293333,0.0],[-46.300364,-23.7774333333,0.0],[-46.300364,-23.7774433333,0.0]]}},{"type":"Feature","properties":{"lote":"0_PMSA_LOTE"},"geometry":{"type":"LineString","coordinates":[[-46.300141,-23.7760693333,0.0],[-46.300711,-23.7759333333,0.0]]}},{"type":"Feature","properties":{"lote":"0_PMSA_LOTE"},"geometry":{"type":"LineString","coordinates":[[-46.300215,-23.7763313333,0.0],[-46.300785,-23.7761953333,0.0]]}},{"type":"Feature","properties":{"lote":"0_PMSA_LOTE"},"geometry":{"type":"LineString","coordinates":[[-46.300426,-23.7760013333,0.0],[-46.3005,-23.7762633333,0.0]]}},{"type":"Feature","properties":{"lote":"0_PMSA_LOTE"},"geometry":{"type":"LineString","coordinates":[[-46.300521,-23.7759783333,0.0],[-46.300595,-23.7762413333,0.0]]}},{"type":"Feature","properties":{"lote":"0_PMSA_LOTE"},"geometry":{"type":"LineString","coordinates":[[-46.300616,-23.7759563333,0.0],[-46.30069,-23.7762183333,0.0]]}},{"type":"Feature","properties":{"lote":"0_PMSA_LOTE"},"geometry":{"type":"LineString","coordinates":[[-46.300331,-23.7760243333,0.0],[-46.300405,-23.7762863333,0.0]]}},{"type":"Feature","properties":{"lote":"0_PMSA_LOTE"},"geometry":{"type":"LineString","coordinates":[[-46.300236,-23.7760463333,0.0],[-46.30031,-23.7763093333,0.0]]}},{"type":"Feature","properties":{"lote":"0_PMSA_LOTE"},"geometry":{"type":"LineString","coordinates":[[-46.300141,-23.7760693333,0.0],[-46.300215,-23.7763313333,0.0]]}},{"type":"Feature","properties":{"lote":"0_PMSA_LOTE"},"geometry":{"type":"LineString","coordinates":[[-46.300711,-23.7759333333,0.0],[-46.300785,-23.7761953333,0.0]]}},{"type":"Feature","properties":{"lote":"0_PMSA_LOTE"},"geometry":{"type":"LineString","coordinates":[[-46.300301,-23.7766363333,0.0],[-46.300871,-23.7765003333,0.0]]}},{"type":"Feature","properties":{"lote":"0_PMSA_LOTE"},"geometry":{"type":"LineString","coordinates":[[-46.300227,-23.7763743333,0.0],[-46.300797,-23.7762383333,0.0]]}},{"type":"Feature","properties":{"lote":"0_PMSA_LOTE"},"geometry":{"type":"LineString","coordinates":[[-46.300586,-23.7765683333,0.0],[-46.300512,-23.7763063333,0.0]]}},{"type":"Feature","properties":{"lote":"0_PMSA_LOTE"},"geometry":{"type":"LineString","coordinates":[[-46.300491,-23.7765913333,0.0],[-46.300417,-23.7763293333,0.0]]}},{"type":"Feature","properties":{"lote":"0_PMSA_LOTE"},"geometry":{"type":"LineString","coordinates":[[-46.300396,-23.7766143333,0.0],[-46.300322,-23.7763513333,0.0]]}},{"type":"Feature","properties":{"lote":"0_PMSA_LOTE"},"geometry":{"type":"LineString","coordinates":[[-46.300301,-23.7766363333,0.0],[-46.300227,-23.7763743333,0.0]]}},{"type":"Feature","properties":{"lote":"0_PMSA_LOTE"},"geometry":{"type":"LineString","coordinates":[[-46.300681,-23.7765463333,0.0],[-46.300607,-23.7762833333,0.0]]}},{"type":"Feature","properties":{"lote":"0_PMSA_LOTE"},"geometry":{"type":"LineString","coordinates":[[-46.300776,-23.7765233333,0.0],[-46.300702,-23.7762613333,0.0]]}},{"type":"Feature","properties":{"lote":"0_PMSA_LOTE"},"geometry":{"type":"LineString","coordinates":[[-46.300871,-23.7765003333,0.0],[-46.300797,-23.7762383333,0.0]]}},{"type":"Feature","properties":{"lote":"0_PMSA_LOTE"},"geometry":{"type":"LineString","coordinates":[[-46.300326,-23.7767273333,0.0],[-46.300896,-23.7765913333,0.0]]}},{"type":"Feature","properties":{"lote":"0_PMSA_LOTE"},"geometry":{"type":"LineString","coordinates":[[-46.300398,-23.7769803333,0.0],[-46.300968,-23.7768453333,0.0]]}},{"type":"Feature","properties":{"lote":"0_PMSA_LOTE"},"geometry":{"type":"LineString","coordinates":[[-46.300611,-23.7766593333,0.0],[-46.300683,-23.7769123333,0.0]]}},{"type":"Feature","properties":{"lote":"0_PMSA_LOTE"},"geometry":{"type":"LineString","coordinates":[[-46.300706,-23.7766363333,0.0],[-46.300778,-23.7768903333,0.0]]}},{"type":"Feature","properties":{"lote":"0_PMSA_LOTE"},"geometry":{"type":"LineString","coordinates":[[-46.300801,-23.7766143333,0.0],[-46.300873,-23.7768673333,0.0]]}},{"type":"Feature","properties":{"lote":"0_PMSA_LOTE"},"geometry":{"type":"LineString","coordinates":[[-46.300516,-23.7766823333,0.0],[-46.300588,-23.7769353333,0.0]]}},{"type":"Feature","properties":{"lote":"0_PMSA_LOTE"},"geometry":{"type":"LineString","coordinates":[[-46.300421,-23.7767043333,0.0],[-46.300493,-23.7769583333,0.0]]}},{"type":"Feature","properties":{"lote":"0_PMSA_LOTE"},"geometry":{"type":"LineString","coordinates":[[-46.300326,-23.7767273333,0.0],[-46.300398,-23.7769803333,0.0]]}},{"type":"Feature","properties":{"lote":"0_PMSA_LOTE"},"geometry":{"type":"LineString","coordinates":[[-46.300896,-23.7765913333,0.0],[-46.300968,-23.7768453333,0.0]]}},{"type":"Feature","properties":{"lote":"0_PMSA_LOTE"},"geometry":{"type":"LineString","coordinates":[[-46.30042,-23.7770363333,0.0],[-46.300984,-23.7769023333,0.0]]}},{"type":"Feature","properties":{"lote":"0_PMSA_LOTE"},"geometry":{"type":"LineString","coordinates":[[-46.300491,-23.7772903333,0.0],[-46.301055,-23.7771553333,0.0]]}},{"type":"Feature","properties":{"lote":"0_PMSA_LOTE"},"geometry":{"type":"LineString","coordinates":[[-46.300984,-23.7769023333,0.0],[-46.301055,-23.7771553333,0.0]]}},{"type":"Feature","properties":{"lote":"0_PMSA_LOTE"},"geometry":{"type":"LineString","coordinates":[[-46.300856,-23.7769323333,0.0],[-46.300927,-23.7771863333,0.0]]}},{"type":"Feature","properties":{"lote":"0_PMSA_LOTE"},"geometry":{"type":"LineString","coordinates":[[-46.30082,-23.7769413333,0.0],[-46.300891,-23.7771943333,0.0]]}},{"type":"Feature","properties":{"lote":"0_PMSA_LOTE"},"geometry":{"type":"LineString","coordinates":[[-46.300761,-23.7769553333,0.0],[-46.300832,-23.7772083333,0.0]]}},{"type":"Feature","properties":{"lote":"0_PMSA_LOTE"},"geometry":{"type":"LineString","coordinates":[[-46.300702,-23.7769693333,0.0],[-46.300773,-23.7772223333,0.0]]}},{"type":"Feature","properties":{"lote":"0_PMSA_LOTE"},"geometry":{"type":"LineString","coordinates":[[-46.300643,-23.7769833333,0.0],[-46.300714,-23.7772363333,0.0]]}},{"type":"Feature","properties":{"lote":"0_PMSA_LOTE"},"geometry":{"type":"LineString","coordinates":[[-46.300584,-23.7769973333,0.0],[-46.300655,-23.7772513333,0.0]]}},{"type":"Feature","properties":{"lote":"0_PMSA_LOTE"},"geometry":{"type":"LineString","coordinates":[[-46.300548,-23.7770063333,0.0],[-46.300619,-23.7772593333,0.0]]}},{"type":"Feature","properties":{"lote":"0_PMSA_LOTE"},"geometry":{"type":"LineString","coordinates":[[-46.30042,-23.7770363333,0.0],[-46.300491,-23.7772903333,0.0]]}},{"type":"Feature","properties":{"lote":"0_PMSA_LOTE"},"geometry":{"type":"LineString","coordinates":[[-46.300986,-23.7765703333,0.0],[-46.301361,-23.7764803333,0.0]]}},{"type":"Feature","properties":{"lote":"0_PMSA_LOTE"},"geometry":{"type":"LineString","coordinates":[[-46.300986,-23.7765703333,0.0],[-46.301099,-23.7769713333,0.0]]}},{"type":"Feature","properties":{"lote":"0_PMSA_LOTE"},"geometry":{"type":"LineString","coordinates":[[-46.301361,-23.7764803333,0.0],[-46.301099,-23.7769713333,0.0]]}},{"type":"Feature","properties":{"lote":"0_PMSA_LOTE"},"geometry":{"type":"LineString","coordinates":[[-46.301081,-23.7765473333,0.0],[-46.301166,-23.7768463333,0.0]]}},{"type":"Feature","properties":{"lote":"0_PMSA_LOTE"},"geometry":{"type":"LineString","coordinates":[[-46.300976,-23.7761483333,0.0],[-46.300927,-23.7759733333,0.0]]}},{"type":"Feature","properties":{"lote":"0_PMSA_LOTE"},"geometry":{"type":"LineString","coordinates":[[-46.301104,-23.7761173333,0.0],[-46.301055,-23.7759413333,0.0]]}},{"type":"Feature","properties":{"lote":"0_PMSA_LOTE"},"geometry":{"type":"LineString","coordinates":[[-46.301199,-23.7760943333,0.0],[-46.301149,-23.7759183333,0.0]]}},{"type":"Feature","properties":{"lote":"0_PMSA_LOTE"},"geometry":{"type":"LineString","coordinates":[[-46.301303,-23.7760693333,0.0],[-46.301219,-23.7757683333,0.0]]}},{"type":"Feature","properties":{"lote":"0_PMSA_LOTE"},"geometry":{"type":"LineString","coordinates":[[-46.301114,-23.7764643333,0.0],[-46.301037,-23.7761933333,0.0]]}},{"type":"Feature","properties":{"lote":"0_PMSA_LOTE"},"geometry":{"type":"LineString","coordinates":[[-46.301209,-23.7764423333,0.0],[-46.301132,-23.7761703333,0.0]]}},{"type":"Feature","properties":{"lote":"0_PMSA_LOTE"},"geometry":{"type":"LineString","coordinates":[[-46.301366,-23.7764063333,0.0],[-46.301289,-23.7761313333,0.0]]}},{"type":"Feature","properties":{"lote":"0_PMSA_LOTE"},"geometry":{"type":"LineString","coordinates":[[-46.300929,-23.7763663333,0.0],[-46.301328,-23.7762713333,0.0]]}},{"type":"Feature","properties":{"lote":"0_PMSA_LOTE"},"geometry":{"type":"LineString","coordinates":[[-46.301439,-23.7765423333,0.0],[-46.301369,-23.7766723333,0.0]]}},{"type":"Feature","properties":{"lote":"0_PMSA_LOTE"},"geometry":{"type":"LineString","coordinates":[[-46.301022,-23.7774913333,0.0],[-46.300964,-23.7772853333,0.0]]}},{"type":"Feature","properties":{"lote":"0_PMSA_LOTE"},"geometry":{"type":"LineString","coordinates":[[-46.300931,-23.7775113333,0.0],[-46.300873,-23.7773053333,0.0]]}},{"type":"Feature","properties":{"lote":"0_PMSA_LOTE"},"geometry":{"type":"LineString","coordinates":[[-46.300844,-23.7775313333,0.0],[-46.300786,-23.7773243333,0.0]]}},{"type":"Feature","properties":{"lote":"0_PMSA_LOTE"},"geometry":{"type":"LineString","coordinates":[[-46.300758,-23.7775503333,0.0],[-46.300699,-23.7773433333,0.0]]}},{"type":"Feature","properties":{"lote":"0_PMSA_LOTE"},"geometry":{"type":"LineString","coordinates":[[-46.30067,-23.7775703333,0.0],[-46.300612,-23.7773633333,0.0]]}},{"type":"Feature","properties":{"lote":"0_PMSA_LOTE"},"geometry":{"type":"LineString","coordinates":[[-46.300521,-23.7785243333,0.0],[-46.300537,-23.7785393333,0.0],[-46.300542,-23.7787743333,0.0],[-46.300486,-23.7789803333,0.0],[-46.300481,-23.7790513333,0.0],[-46.300544,-23.7791893333,0.0]]}},{"type":"Feature","properties":{"lote":"0_PMSA_LOTE"},"geometry":{"type":"LineString","coordinates":[[-46.299491,-23.7777583333,0.0],[-46.299776,-23.7776903333,0.0]]}},{"type":"Feature","properties":{"lote":"0_PMSA_LOTE"},"geometry":{"type":"LineString","coordinates":[[-46.299527,-23.7778933333,0.0],[-46.299812,-23.7778253333,0.0]]}},{"type":"Feature","properties":{"lote":"0_PMSA_LOTE"},"geometry":{"type":"LineString","coordinates":[[-46.299588,-23.7781203333,0.0],[-46.298861,-23.7792273333,0.0]]}},{"type":"Feature","properties":{"lote":"0_PMSA_LOTE"},"geometry":{"type":"LineString","coordinates":[[-46.300243,-23.7782363333,0.0],[-46.300045,-23.7781283333,0.0]]}},{"type":"Feature","properties":{"lote":"0_PMSA_LOTE"},"geometry":{"type":"LineString","coordinates":[[-46.300191,-23.7783183333,0.0],[-46.299993,-23.7782093333,0.0]]}},{"type":"Feature","properties":{"lote":"0_PMSA_LOTE"},"geometry":{"type":"LineString","coordinates":[[-46.300144,-23.7783923333,0.0],[-46.299945,-23.7782833333,0.0]]}},{"type":"Feature","properties":{"lote":"0_PMSA_LOTE"},"geometry":{"type":"LineString","coordinates":[[-46.300098,-23.7784633333,0.0],[-46.299899,-23.7783543333,0.0]]}},{"type":"Feature","properties":{"lote":"0_PMSA_LOTE"},"geometry":{"type":"LineString","coordinates":[[-46.30005,-23.7785373333,0.0],[-46.299851,-23.7784283333,0.0]]}},{"type":"Feature","properties":{"lote":"0_PMSA_LOTE"},"geometry":{"type":"LineString","coordinates":[[-46.300005,-23.7786093333,0.0],[-46.299805,-23.7784993333,0.0]]}},{"type":"Feature","properties":{"lote":"0_PMSA_LOTE"},"geometry":{"type":"LineString","coordinates":[[-46.299957,-23.7786823333,0.0],[-46.299757,-23.7785733333,0.0]]}},{"type":"Feature","properties":{"lote":"0_PMSA_LOTE"},"geometry":{"type":"LineString","coordinates":[[-46.299909,-23.7787523333,0.0],[-46.29971,-23.7786443333,0.0]]}},{"type":"Feature","properties":{"lote":"0_PMSA_LOTE"},"geometry":{"type":"LineString","coordinates":[[-46.299834,-23.7788223333,0.0],[-46.299656,-23.7787243333,0.0]]}},{"type":"Feature","properties":{"lote":"0_PMSA_LOTE"},"geometry":{"type":"LineString","coordinates":[[-46.300637,-23.7775783333,0.0],[-46.300452,-23.7778583333,0.0],[-46.300394,-23.7778783333,0.0],[-46.300303,-23.7778863333,0.0],[-46.300231,-23.7778723333,0.0],[-46.30023,-23.7778623333,0.0],[-46.300318,-23.7777153333,0.0]]}},{"type":"Feature","properties":{"lote":"0_PMSA_LOTE"},"geometry":{"type":"LineString","coordinates":[[-46.299445,-23.7792713333,0.0],[-46.299762,-23.7792223333,0.0]]}},{"type":"Feature","properties":{"lote":"0_PMSA_LOTE"},"geometry":{"type":"LineString","coordinates":[[-46.29971,-23.7794803333,0.0],[-46.299666,-23.7792373333,0.0]]}},{"type":"Feature","properties":{"lote":"0_PMSA_LOTE"},"geometry":{"type":"LineString","coordinates":[[-46.299599,-23.7795003333,0.0],[-46.299554,-23.7792543333,0.0]]}},{"type":"Feature","properties":{"lote":"0_PMSA_LOTE"},"geometry":{"type":"LineString","coordinates":[[-46.299488,-23.7795203333,0.0],[-46.299443,-23.7792703333,0.0]]}},{"type":"Feature","properties":{"lote":"0_PMSA_LOTE"},"geometry":{"type":"LineString","coordinates":[[-46.300974,-23.7757803333,0.0],[-46.300904,-23.7755313333,0.0]]}},{"type":"Feature","properties":{"lote":"0_PMSA_LOTE"},"geometry":{"type":"LineString","coordinates":[[-46.301537,-23.7777453333,0.0],[-46.301981,-23.7776393333,0.0]]}},{"type":"Feature","properties":{"lote":"0_PMSA_LOTE"},"geometry":{"type":"LineString","coordinates":[[-46.301064,-23.7791043333,0.0],[-46.301166,-23.7792583333,0.0]]}},{"type":"Feature","properties":{"lote":"0_PMSA_LOTE"},"geometry":{"type":"LineString","coordinates":[[-46.301308,-23.7791773333,0.0],[-46.301152,-23.7789423333,0.0]]}},{"type":"Feature","properties":{"lote":"0_PMSA_LOTE"},"geometry":{"type":"LineString","coordinates":[[-46.300745,-23.7794973333,0.0],[-46.300544,-23.7791893333,0.0]]}},{"type":"Feature","properties":{"lote":"0_PMSA_LOTE"},"geometry":{"type":"LineString","coordinates":[[-46.300713,-23.7794483333,0.0],[-46.300904,-23.7793403333,0.0]]}},{"type":"Feature","properties":{"lote":"0_PMSA_LOTE"},"geometry":{"type":"LineString","coordinates":[[-46.300696,-23.7794213333,0.0],[-46.300886,-23.7793133333,0.0]]}},{"type":"Feature","properties":{"lote":"0_PMSA_LOTE"},"geometry":{"type":"LineString","coordinates":[[-46.301628,-23.7790083333,0.0],[-46.301585,-23.7788393333,0.0]]}},{"type":"Feature","properties":{"lote":"0_PMSA_LOTE"},"geometry":{"type":"LineString","coordinates":[[-46.301406,-23.7790083333,0.0],[-46.301328,-23.7788913333,0.0]]}},{"type":"Feature","properties":{"lote":"0_PMSA_LOTE"},"geometry":{"type":"LineString","coordinates":[[-46.301618,-23.7789693333,0.0],[-46.301406,-23.7790083333,0.0]]}},{"type":"Feature","properties":{"lote":"0_PMSA_LOTE"},"geometry":{"type":"LineString","coordinates":[[-46.301608,-23.7789283333,0.0],[-46.30138,-23.7789703333,0.0]]}},{"type":"Feature","properties":{"lote":"0_PMSA_LOTE"},"geometry":{"type":"LineString","coordinates":[[-46.301598,-23.7788913333,0.0],[-46.301358,-23.7789363333,0.0]]}},{"type":"Feature","properties":{"lote":"0_PMSA_LOTE"},"geometry":{"type":"LineString","coordinates":[[-46.301328,-23.7788913333,0.0],[-46.301647,-23.7788273333,0.0]]}},{"type":"Feature","properties":{"lote":"0_PMSA_LOTE"},"geometry":{"type":"LineString","coordinates":[[-46.301628,-23.7786803333,0.0],[-46.301407,-23.7787263333,0.0]]}},{"type":"Feature","properties":{"lote":"0_PMSA_LOTE"},"geometry":{"type":"LineString","coordinates":[[-46.301513,-23.7788543333,0.0],[-46.301479,-23.7787113333,0.0]]}},{"type":"Feature","properties":{"lote":"0_PMSA_LOTE"},"geometry":{"type":"LineString","coordinates":[[-46.301556,-23.7788453333,0.0],[-46.301522,-23.7787023333,0.0]]}},{"type":"Feature","properties":{"lote":"0_PMSA_LOTE"},"geometry":{"type":"LineString","coordinates":[[-46.301599,-23.7788363333,0.0],[-46.301565,-23.7786933333,0.0]]}},{"type":"Feature","properties":{"lote":"0_PMSA_LOTE"},"geometry":{"type":"LineString","coordinates":[[-46.301647,-23.7788273333,0.0],[-46.301613,-23.7786833333,0.0]]}},{"type":"Feature","properties":{"lote":"0_PMSA_LOTE"},"geometry":{"type":"LineString","coordinates":[[-46.301882,-23.7786883333,0.0],[-46.301746,-23.7787263333,0.0]]}},{"type":"Feature","properties":{"lote":"0_PMSA_LOTE"},"geometry":{"type":"LineString","coordinates":[[-46.301867,-23.7786413333,0.0],[-46.301731,-23.7786783333,0.0]]}},{"type":"Feature","properties":{"lote":"0_PMSA_LOTE"},"geometry":{"type":"LineString","coordinates":[[-46.301838,-23.7785413333,0.0],[-46.301664,-23.7785793333,0.0]]}},{"type":"Feature","properties":{"lote":"0_PMSA_LOTE"},"geometry":{"type":"LineString","coordinates":[[-46.301806,-23.7784003333,0.0],[-46.301575,-23.7784493333,0.0]]}},{"type":"Feature","properties":{"lote":"0_PMSA_LOTE"},"geometry":{"type":"LineString","coordinates":[[-46.301817,-23.7784723333,0.0],[-46.301644,-23.7785093333,0.0]]}},{"type":"Feature","properties":{"lote":"0_PMSA_LOTE"},"geometry":{"type":"LineString","coordinates":[[-46.301664,-23.7785793333,0.0],[-46.301624,-23.7784393333,0.0]]}},{"type":"Feature","properties":{"lote":"0_PMSA_LOTE"},"geometry":{"type":"LineString","coordinates":[[-46.301558,-23.7784583333,0.0],[-46.301575,-23.7784493333,0.0]]}},{"type":"Feature","properties":{"lote":"0_PMSA_LOTE"},"geometry":{"type":"LineString","coordinates":[[-46.300622,-23.7800263333,0.0],[-46.300449,-23.7797533333,0.0]]}},{"type":"Feature","properties":{"lote":"0_PMSA_LOTE"},"geometry":{"type":"LineString","coordinates":[[-46.300593,-23.7800423333,0.0],[-46.30042,-23.7797703333,0.0]]}},{"type":"Feature","properties":{"lote":"0_PMSA_LOTE"},"geometry":{"type":"LineString","coordinates":[[-46.300564,-23.7800593333,0.0],[-46.300391,-23.7797863333,0.0]]}},{"type":"Feature","properties":{"lote":"0_PMSA_LOTE"},"geometry":{"type":"LineString","coordinates":[[-46.300488,-23.7801013333,0.0],[-46.300315,-23.7798293333,0.0]]}},{"type":"Feature","properties":{"lote":"0_PMSA_LOTE"},"geometry":{"type":"LineString","coordinates":[[-46.30039,-23.7801573333,0.0],[-46.300217,-23.7798853333,0.0]]}},{"type":"Feature","properties":{"lote":"0_PMSA_LOTE"},"geometry":{"type":"LineString","coordinates":[[-46.300291,-23.7802133333,0.0],[-46.300118,-23.7799413333,0.0]]}},{"type":"Feature","properties":{"lote":"0_PMSA_LOTE"},"geometry":{"type":"LineString","coordinates":[[-46.300192,-23.7802683333,0.0],[-46.30002,-23.7799973333,0.0]]}},{"type":"Feature","properties":{"lote":"0_PMSA_LOTE"},"geometry":{"type":"LineString","coordinates":[[-46.300093,-23.7803243333,0.0],[-46.299921,-23.7800533333,0.0]]}},{"type":"Feature","properties":{"lote":"0_PMSA_LOTE"},"geometry":{"type":"LineString","coordinates":[[-46.299995,-23.7803793333,0.0],[-46.299822,-23.7801093333,0.0]]}},{"type":"Feature","properties":{"lote":"0_PMSA_LOTE"},"geometry":{"type":"LineString","coordinates":[[-46.299896,-23.7804353333,0.0],[-46.299724,-23.7801653333,0.0]]}}]}
