{"type":"FeatureCollection","features":[{"type":"Feature","properties":{"nome":"LT 500 kV Itatiba - Bateias, C1","tensao_kv":500.0,"concessionaria":"MSGT - MATA DE SANTA GENEBRA TRANSMISSAO S.A.","extensao_total_km":414.88081662,"ano_operacao":2020,"fonte":"EPE/SIN — linhas de transmissão existentes"},"geometry":{"type":"LineString","coordinates":[[-46.90678,-23.05],[-46.910647,-23.054877],[-46.910736,-23.06841],[-46.908535,-23.075429],[-46.910831,-23.088106],[-46.932116,-23.11152],[-46.940125,-23.113447],[-46.940439,-23.114475],[-46.941153,-23.117145],[-46.952644,-23.120462],[-46.95594,-23.120248],[-46.958759,-23.121437],[-46.965612,-23.12296],[-46.973372,-23.122292],[-47.013677,-23.120802],[-47.023338,-23.123443],[-47.02743,-23.121825],[-47.034021,-23.114401],[-47.05,-23.109229]]}},{"type":"Feature","properties":{"nome":"LT 765 kV Itaberá - Tijuco Preto C1","tensao_kv":765.0,"concessionaria":"Furnas Centrais Elétricas S.A.","extensao_total_km":305.60959414,"ano_operacao":0,"fonte":"EPE/SIN — linhas de transmissão existentes"},"geometry":{"type":"LineString","coordinates":[[-47.05,-23.878382],[-47.041932,-23.880029],[-47.034385,-23.881499],[-47.027336,-23.882507],[-47.02365,-23.883103],[-47.005588,-23.885731],[-47.002155,-23.886187],[-46.990445,-23.887984],[-46.986051,-23.88858],[-46.976722,-23.889931],[-46.946183,-23.894384],[-46.943104,-23.894878],[-46.932729,-23.896315],[-46.91265,-23.89925],[-46.910638,-23.899486],[-46.900419,-23.901047],[-46.894068,-23.902055],[-46.888623,-23.902769],[-46.874901,-23.90477],[-46.871564,-23.905215],[-46.867315,-23.905859],[-46.857793,-23.90721],[-46.84722,-23.908825],[-46.841625,-23.909742],[-46.835381,-23.910504],[-46.830193,-23.911277],[-46.825451,-23.911936],[-46.817903,-23.9131],[-46.810742,-23.914104],[-46.806241,-23.914678],[-46.802009,-23.915402],[-46.797283,-23.916078],[-46.792878,-23.916668],[-46.788195,-23.917387],[-46.783539,-23.917891],[-46.775342,-23.918025],[-46.770112,-23.918046],[-46.765536,-23.918116],[-46.756497,-23.918148],[-46.74742,-23.91825],[-46.742072,-23.918379],[-46.732797,-23.918384],[-46.720346,-23.918524],[-46.71723,-23.918508],[-46.712005,-23.918551],[-46.705186,-23.918722],[-46.6995,-23.918808],[-46.691727,-23.918862],[-46.687629,-23.91876],[-46.684641,-23.91891],[-46.681283,-23.918958],[-46.666225,-23.916759],[-46.656118,-23.915396],[-46.649692,-23.914426],[-46.64665,-23.91361],[-46.638823,-23.911738],[-46.632407,-23.910697],[-46.628497,-23.910145],[-46.626421,-23.909785],[-46.621587,-23.90868],[-46.619415,-23.908342],[-46.6167,-23.906068],[-46.612859,-23.903139],[-46.610553,-23.901524],[-46.60867,-23.900022],[-46.605655,-23.897801],[-46.598136,-23.889409],[-46.595371,-23.885356],[-46.593671,-23.882711],[-46.592201,-23.881627],[-46.586472,-23.876885],[-46.580088,-23.874225],[-46.572959,-23.871333],[-46.568887,-23.866296],[-46.566285,-23.862326],[-46.565336,-23.860792],[-46.562162,-23.857328],[-46.560181,-23.855546],[-46.555423,-23.848867],[-46.551077,-23.842537],[-46.548518,-23.840922],[-46.54626,-23.839442],[-46.543991,-23.838851],[-46.538031,-23.837419],[-46.533911,-23.83713],[-46.530494,-23.834742],[-46.526095,-23.831132],[-46.524808,-23.830118],[-46.523831,-23.827195],[-46.523504,-23.825623],[-46.52027,-23.822088],[-46.517158,-23.818606],[-46.511037,-23.811622],[-46.509428,-23.811268],[-46.505104,-23.810152],[-46.500271,-23.811756],[-46.495218,-23.811772],[-46.493862,-23.811585],[-46.485467,-23.809915],[-46.480594,-23.811606],[-46.475938,-23.813354],[-46.470944,-23.813639],[-46.463519,-23.81631],[-46.456814,-23.816541],[-46.455537,-23.816825],[-46.449845,-23.818204],[-46.446342,-23.818075],[-46.444036,-23.818048],[-46.440254,-23.816863],[-46.438864,-23.816621],[-46.434842,-23.816032],[-46.41922,-23.806381],[-46.413223,-23.802588],[-46.404886,-23.797449],[-46.397757,-23.793002],[-46.393819,-23.790642],[-46.388772,-23.788029],[-46.374003,-23.781549],[-46.370758,-23.779982],[-46.363473,-23.776812],[-46.35902,-23.774752],[-46.354568,-23.772848],[-46.351634,-23.770182],[-46.348678,-23.767617],[-46.346071,-23.76515],[-46.342965,-23.762419],[-46.335852,-23.75602],[-46.330991,-23.751905],[-46.327606,-23.748692],[-46.318846,-23.740849],[-46.317328,-23.739535],[-46.313562,-23.736413],[-46.309658,-23.732865],[-46.295704,-23.726387],[-46.291708,-23.724477],[-46.28717,-23.722229],[-46.279767,-23.718635],[-46.276661,-23.717052],[-46.274493,-23.714349],[-46.273892,-23.713218]]}},{"type":"Feature","properties":{"nome":"LT 230 kV Henry Borden - Petrobrás Cubatão C1","tensao_kv":230.0,"concessionaria":"CTEEP - Companhia de Transmissão de Energia Elétrica Paulista","extensao_total_km":1.79161131,"ano_operacao":2009,"fonte":"EPE/SIN — linhas de transmissão existentes"},"geometry":{"type":"LineString","coordinates":[[-46.44775,-23.878356],[-46.444847,-23.877279],[-46.44182,-23.876345],[-46.436759,-23.874929],[-46.431672,-23.873757],[-46.431486,-23.874395]]}},{"type":"Feature","properties":{"nome":"LT 230 kV UTE Euzébio da Rocha - Petrobrás Cubatão C1","tensao_kv":230.0,"concessionaria":"PETROBRAS - Petroleo Brasileiro S.A","extensao_total_km":0.03615813,"ano_operacao":2009,"fonte":"EPE/SIN — linhas de transmissão existentes"},"geometry":{"type":"LineString","coordinates":[[-46.431915,-23.874924],[-46.43157,-23.874847]]}},{"type":"Feature","properties":{"nome":"LT 230 kV Carbocloro - Henry Borden C1","tensao_kv":230.0,"concessionaria":"CTEEP - Companhia de Transmissão de Energia Elétrica Paulista","extensao_total_km":3.90559904,"ano_operacao":2004,"fonte":"EPE/SIN — linhas de transmissão existentes"},"geometry":{"type":"LineString","coordinates":[[-46.414522,-23.866886],[-46.414776,-23.866518],[-46.414176,-23.865713],[-46.41428,-23.865464],[-46.41858,-23.867957],[-46.421674,-23.869666],[-46.430836,-23.87369],[-46.43682,-23.875055],[-46.441897,-23.876483],[-46.444925,-23.877415],[-46.447592,-23.878585]]}},{"type":"Feature","properties":{"nome":"LT 230 kV Baixada Santista - Petrobrás Cubatão C1","tensao_kv":230.0,"concessionaria":"CTEEP - Companhia de Transmissão de Energia Elétrica Paulista","extensao_total_km":3.79116724,"ano_operacao":2009,"fonte":"EPE/SIN — linhas de transmissão existentes"},"geometry":{"type":"LineString","coordinates":[[-46.43135,-23.874358],[-46.431501,-23.873717],[-46.430836,-23.873559],[-46.421672,-23.869541],[-46.418604,-23.86786],[-46.414295,-23.865349],[-46.411387,-23.862163],[-46.411407,-23.861915],[-46.417101,-23.860455],[-46.419295,-23.861902],[-46.421383,-23.861855],[-46.422081,-23.860906],[-46.422261,-23.860877]]}},{"type":"Feature","properties":{"nome":"LT 345 kV Baixada Santista - Cosipa/Usiminas C1","tensao_kv":345.0,"concessionaria":"-","extensao_total_km":4.03931427,"ano_operacao":0,"fonte":"EPE/SIN — linhas de transmissão existentes"},"geometry":{"type":"LineString","coordinates":[[-46.420182,-23.861505],[-46.418947,-23.861391],[-46.417113,-23.860185],[-46.411438,-23.86167],[-46.409774,-23.862733],[-46.408961,-23.862876],[-46.403899,-23.86167],[-46.401744,-23.861013],[-46.396311,-23.859521],[-46.393534,-23.861584],[-46.393749,-23.866959],[-46.392856,-23.87025],[-46.391985,-23.87075]]}},{"type":"Feature","properties":{"nome":"LT 345 kV Baixada Santista - Cosipa/Usiminas C2","tensao_kv":345.0,"concessionaria":"-","extensao_total_km":4.05713848,"ano_operacao":0,"fonte":"EPE/SIN — linhas de transmissão existentes"},"geometry":{"type":"LineString","coordinates":[[-46.420239,-23.861191],[-46.419004,-23.861284],[-46.417127,-23.860089],[-46.411394,-23.861566],[-46.409724,-23.862626],[-46.408975,-23.862769],[-46.403971,-23.861555],[-46.401736,-23.860884],[-46.396247,-23.859351],[-46.393413,-23.861498],[-46.393603,-23.866945],[-46.392731,-23.87017],[-46.391828,-23.870528]]}},{"type":"Feature","properties":{"nome":"LT 230 kV Baixada Santista - Carbocloro C1","tensao_kv":230.0,"concessionaria":"CTEEP - Companhia de Transmissão de Energia Elétrica Paulista","extensao_total_km":1.91971213,"ano_operacao":2004,"fonte":"EPE/SIN — linhas de transmissão existentes"},"geometry":{"type":"LineString","coordinates":[[-46.422224,-23.86075],[-46.422047,-23.860767],[-46.421305,-23.861762],[-46.419314,-23.861808],[-46.417125,-23.860344],[-46.411341,-23.861835],[-46.41126,-23.862166],[-46.414161,-23.865426],[-46.414037,-23.865716],[-46.414606,-23.866491],[-46.414443,-23.866719]]}},{"type":"Feature","properties":{"nome":"LT 345 kV Embu Guaçu - Baixada Santista C1","tensao_kv":345.0,"concessionaria":"CTEEP - Companhia de Transmissão de Energia Elétrica Paulista","extensao_total_km":46.44693025,"ano_operacao":2002,"fonte":"EPE/SIN — linhas de transmissão existentes"},"geometry":{"type":"LineString","coordinates":[[-46.421634,-23.858895],[-46.42371,-23.858717],[-46.424662,-23.858134],[-46.428195,-23.851186],[-46.445798,-23.816279],[-46.447303,-23.813394],[-46.448558,-23.810866],[-46.449462,-23.809319],[-46.450527,-23.809706],[-46.455862,-23.813064],[-46.463613,-23.817864],[-46.470472,-23.824378],[-46.473482,-23.827192],[-46.479092,-23.830993],[-46.490126,-23.839624],[-46.49222,-23.841231],[-46.50517,-23.850963],[-46.510375,-23.856096],[-46.51567,-23.860992],[-46.533034,-23.877375],[-46.536389,-23.88048],[-46.541648,-23.885441],[-46.553682,-23.887214],[-46.573907,-23.890277],[-46.581605,-23.890152],[-46.597975,-23.889992],[-46.603746,-23.889766],[-46.608755,-23.889632],[-46.620818,-23.889153],[-46.638718,-23.888374],[-46.645945,-23.8881],[-46.654476,-23.887701],[-46.677283,-23.886738],[-46.686176,-23.886315],[-46.687592,-23.886066],[-46.692357,-23.884947],[-46.701547,-23.882889],[-46.714396,-23.880075],[-46.722939,-23.878124],[-46.726704,-23.877303],[-46.745454,-23.872045],[-46.752289,-23.870195],[-46.760379,-23.867345],[-46.763259,-23.866382],[-46.774317,-23.854621],[-46.774989,-23.853848],[-46.78763,-23.847191],[-46.79086,-23.845442],[-46.796833,-23.844276],[-46.798195,-23.844294]]}},{"type":"Feature","properties":{"nome":"LT 440 kV Solvay - Embu-Guaçu C1","tensao_kv":440.0,"concessionaria":"CTEEP - Companhia de Transmissão de Energia Elétrica Paulista","extensao_total_km":49.46795719,"ano_operacao":2011,"fonte":"EPE/SIN — linhas de transmissão existentes"},"geometry":{"type":"LineString","coordinates":[[-46.798908,-23.844631],[-46.797778,-23.844547],[-46.796279,-23.845071],[-46.792019,-23.847831],[-46.763402,-23.866631],[-46.752337,-23.8705],[-46.741456,-23.873734],[-46.712391,-23.882217],[-46.69909,-23.886214],[-46.685907,-23.88669],[-46.641138,-23.888641],[-46.630299,-23.889046],[-46.62071,-23.889486],[-46.603519,-23.890212],[-46.592668,-23.89039],[-46.573871,-23.890573],[-46.541534,-23.885748],[-46.512538,-23.858622],[-46.503857,-23.850455],[-46.489837,-23.839876],[-46.482199,-23.834223],[-46.466652,-23.822544],[-46.449677,-23.809738],[-46.448594,-23.808975],[-46.433404,-23.803988],[-46.42183,-23.800257],[-46.399691,-23.790453],[-46.379591,-23.781782],[-46.380983,-23.777201],[-46.377438,-23.772859],[-46.376093,-23.76948],[-46.375677,-23.768968]]}},{"type":"Feature","properties":{"nome":"LT 345 kV Embu-Guaçu - Sul C1","tensao_kv":345.0,"concessionaria":"CTEEP - Companhia de Transmissão de Energia Elétrica Paulista","extensao_total_km":55.12620555,"ano_operacao":0,"fonte":"EPE/SIN — linhas de transmissão existentes"},"geometry":{"type":"LineString","coordinates":[[-46.798183,-23.844145],[-46.796851,-23.844137],[-46.790801,-23.845335],[-46.787523,-23.84709],[-46.781354,-23.850308],[-46.774912,-23.853723],[-46.77421,-23.854556],[-46.77079,-23.858155],[-46.763193,-23.866274],[-46.760374,-23.867226],[-46.752266,-23.870076],[-46.740951,-23.873163],[-46.726859,-23.877131],[-46.723016,-23.877969],[-46.718441,-23.879028],[-46.69241,-23.88481],[-46.687639,-23.885911],[-46.686182,-23.886191],[-46.677336,-23.886619],[-46.65444,-23.887565],[-46.645957,-23.887969],[-46.63306,-23.888481],[-46.620818,-23.88904],[-46.608796,-23.889504],[-46.598029,-23.889861],[-46.576947,-23.890105],[-46.573889,-23.890117],[-46.541707,-23.885328],[-46.536448,-23.880373],[-46.533111,-23.877285],[-46.522987,-23.867714],[-46.520982,-23.865876],[-46.5157,-23.860849],[-46.508906,-23.854484],[-46.505254,-23.85085],[-46.502137,-23.848541],[-46.492298,-23.841147],[-46.479169,-23.830898],[-46.473541,-23.827114],[-46.463702,-23.817787],[-46.451948,-23.810491],[-46.450574,-23.809599],[-46.449527,-23.809176],[-46.450979,-23.806059],[-46.45983,-23.788564],[-46.466826,-23.774864],[-46.473839,-23.761296],[-46.472572,-23.750939],[-46.482548,-23.743902],[-46.485999,-23.74173],[-46.49557,-23.735818],[-46.504404,-23.730238],[-46.512827,-23.725086],[-46.516682,-23.716145],[-46.518139,-23.710012],[-46.518883,-23.707228],[-46.519858,-23.703011],[-46.521197,-23.700875],[-46.521375,-23.699977]]}},{"type":"Feature","properties":{"nome":"LT 230 kV Henry Borden - Piratininga C1","tensao_kv":230.0,"concessionaria":"CTEEP - Companhia de Transmissão de Energia Elétrica Paulista","extensao_total_km":33.20836093,"ano_operacao":0,"fonte":"EPE/SIN — linhas de transmissão existentes"},"geometry":{"type":"LineString","coordinates":[[-46.678051,-23.69844],[-46.678409,-23.698205],[-46.679488,-23.699055],[-46.681597,-23.700634],[-46.682725,-23.701927],[-46.68281,-23.702724],[-46.681576,-23.704092],[-46.680591,-23.707896],[-46.677815,-23.712894],[-46.676169,-23.717374],[-46.673429,-23.724487],[-46.672282,-23.727635],[-46.668754,-23.732008],[-46.656968,-23.761495],[-46.654965,-23.763444],[-46.651478,-23.766741],[-46.635402,-23.79729],[-46.632313,-23.800804],[-46.627181,-23.803005],[-46.617266,-23.807358],[-46.598503,-23.816455],[-46.591741,-23.81578],[-46.573347,-23.823114],[-46.564164,-23.826385],[-46.561565,-23.827155],[-46.551389,-23.829645],[-46.547758,-23.830361],[-46.541401,-23.830129],[-46.539447,-23.830727],[-46.527652,-23.840199],[-46.5069,-23.853654],[-46.48697,-23.861317],[-46.4737,-23.866464],[-46.471233,-23.867834],[-46.467769,-23.86995],[-46.461826,-23.874343],[-46.458352,-23.876442],[-46.455994,-23.876907],[-46.455593,-23.877023]]}},{"type":"Feature","properties":{"nome":"LT 345 kV Sul - Baixada Santista C1","tensao_kv":345.0,"concessionaria":"CTEEP - Companhia de Transmissão de Energia Elétrica Paulista","extensao_total_km":21.34954797,"ano_operacao":2002,"fonte":"EPE/SIN — linhas de transmissão existentes"},"geometry":{"type":"LineString","coordinates":[[-46.42161,-23.858693],[-46.423657,-23.858621],[-46.424573,-23.85808],[-46.43274,-23.84187],[-46.443989,-23.819694],[-46.445685,-23.816267],[-46.447201,-23.813394],[-46.450884,-23.805982],[-46.454191,-23.79948],[-46.456226,-23.795375],[-46.459717,-23.788469],[-46.466731,-23.774799],[-46.47055,-23.767458],[-46.472227,-23.764115],[-46.473718,-23.761285],[-46.472453,-23.750885],[-46.482489,-23.743812],[-46.49554,-23.735704],[-46.504356,-23.730148],[-46.510319,-23.726462],[-46.512732,-23.725009],[-46.516555,-23.716146],[-46.51802,-23.709983],[-46.518787,-23.707188],[-46.519757,-23.702975],[-46.52109,-23.700839],[-46.521262,-23.700013]]}},{"type":"Feature","properties":{"nome":"LT 345 kV Interlagos - Embu-Guaçu C2","tensao_kv":345.0,"concessionaria":"CTEEP - Companhia de Transmissão de Energia Elétrica Paulista","extensao_total_km":22.48183745,"ano_operacao":0,"fonte":"EPE/SIN — linhas de transmissão existentes"},"geometry":{"type":"LineString","coordinates":[[-46.798195,-23.843848],[-46.797225,-23.843943],[-46.795759,-23.84243],[-46.781694,-23.827513],[-46.77703,-23.822492],[-46.774281,-23.819589],[-46.771164,-23.816163],[-46.763687,-23.811933],[-46.756209,-23.807561],[-46.75063,-23.804399],[-46.746115,-23.802392],[-46.738839,-23.799334],[-46.727817,-23.794641],[-46.723337,-23.792773],[-46.718245,-23.78893],[-46.706967,-23.780501],[-46.700483,-23.776027],[-46.694653,-23.771851],[-46.679531,-23.76159],[-46.67178,-23.759788],[-46.667515,-23.757801],[-46.66626,-23.756302],[-46.665451,-23.752578],[-46.663827,-23.748824],[-46.663143,-23.746671],[-46.666153,-23.739039],[-46.668955,-23.732097],[-46.672476,-23.727718],[-46.677223,-23.715054],[-46.677747,-23.713769],[-46.680584,-23.711615],[-46.681286,-23.710878]]}},{"type":"Feature","properties":{"nome":"LT 345 kV Interlagos - Embu-Guaçu C1","tensao_kv":345.0,"concessionaria":"CTEEP - Companhia de Transmissão de Energia Elétrica Paulista","extensao_total_km":22.46406466,"ano_operacao":0,"fonte":"EPE/SIN — linhas de transmissão existentes"},"geometry":{"type":"LineString","coordinates":[[-46.798213,-23.84367],[-46.797237,-23.843842],[-46.79583,-23.842314],[-46.781818,-23.827465],[-46.774359,-23.819488],[-46.771266,-23.816098],[-46.763735,-23.811803],[-46.750696,-23.804251],[-46.746144,-23.802255],[-46.738887,-23.799215],[-46.731975,-23.796247],[-46.723421,-23.792654],[-46.707056,-23.780423],[-46.700601,-23.775956],[-46.694736,-23.771744],[-46.68736,-23.766771],[-46.679609,-23.761489],[-46.67184,-23.759692],[-46.66764,-23.757706],[-46.666391,-23.75626],[-46.665582,-23.752548],[-46.663952,-23.748806],[-46.663274,-23.746641],[-46.666254,-23.739116],[-46.669097,-23.732132],[-46.672601,-23.727772],[-46.674838,-23.721889],[-46.677348,-23.715125],[-46.677878,-23.713799],[-46.680697,-23.711705],[-46.681512,-23.710967]]}},{"type":"Feature","properties":{"nome":"LT 345 kV Ibiúna - Tijuco Preto C1","tensao_kv":345.0,"concessionaria":"FURNAS - Furnas Centrais Elétricas S.A.","extensao_total_km":97.19917421,"ano_operacao":0,"fonte":"EPE/SIN — linhas de transmissão existentes"},"geometry":{"type":"LineString","coordinates":[[-46.274597,-23.708679],[-46.277405,-23.71228],[-46.289795,-23.719177],[-46.294312,-23.721008],[-46.302332,-23.724199],[-46.304664,-23.724304],[-46.308899,-23.723511],[-46.309814,-23.723511],[-46.324097,-23.721497],[-46.340088,-23.724976],[-46.341492,-23.72522],[-46.351013,-23.727295],[-46.359985,-23.728699],[-46.377104,-23.729072],[-46.380493,-23.72821],[-46.383167,-23.729168],[-46.389282,-23.731201],[-46.398987,-23.734497],[-46.405701,-23.736389],[-46.411216,-23.738057],[-46.414966,-23.739085],[-46.429386,-23.752153],[-46.440125,-23.759583],[-46.459929,-23.768391],[-46.466707,-23.771295],[-46.470241,-23.771688],[-46.473389,-23.772095],[-46.478882,-23.772705],[-46.48656,-23.773825],[-46.501074,-23.775843],[-46.512248,-23.781611],[-46.525513,-23.788513],[-46.533387,-23.796135],[-46.537918,-23.797049],[-46.552433,-23.799552],[-46.55603,-23.801722],[-46.561037,-23.804454],[-46.563873,-23.805729],[-46.584137,-23.802322],[-46.588153,-23.803074],[-46.595093,-23.804504],[-46.600802,-23.805463],[-46.603905,-23.806072],[-46.614337,-23.808261],[-46.616136,-23.808861],[-46.620422,-23.807007],[-46.633525,-23.80118],[-46.640787,-23.799914],[-46.645041,-23.799657],[-46.655711,-23.799466],[-46.661107,-23.799124],[-46.665352,-23.79841],[-46.674137,-23.798143],[-46.681161,-23.800713],[-46.690251,-23.804111],[-46.701216,-23.803807],[-46.717862,-23.803169],[-46.722773,-23.803464],[-46.737307,-23.804168],[-46.748191,-23.806407],[-46.750445,-23.805586],[-46.754817,-23.803885],[-46.757996,-23.802795],[-46.770508,-23.798096],[-46.784915,-23.792737],[-46.793424,-23.791728],[-46.805664,-23.790225],[-46.824995,-23.798458],[-46.833713,-23.802027],[-46.843793,-23.806091],[-46.854177,-23.80827],[-46.85968,-23.808777],[-46.862488,-23.809082],[-46.865479,-23.809326],[-46.880981,-23.810791],[-46.885681,-23.811279],[-46.89032,-23.811707],[-46.90332,-23.812988],[-46.905701,-23.81311],[-46.928207,-23.810726],[-46.936096,-23.810181],[-46.954407,-23.809021],[-46.973407,-23.807899],[-46.988416,-23.806938],[-47.020081,-23.784485],[-47.028049,-23.778727],[-47.036377,-23.772827],[-47.038747,-23.771294],[-47.044128,-23.762878],[-47.046509,-23.759277],[-47.048559,-23.756285],[-47.05,-23.753994]]}},{"type":"Feature","properties":{"nome":"LT 345 kV Ibiúna - Tijuco Preto C2","tensao_kv":345.0,"concessionaria":"FURNAS - Furnas Centrais Elétricas S.A.","extensao_total_km":97.20411824,"ano_operacao":0,"fonte":"EPE/SIN — linhas de transmissão existentes"},"geometry":{"type":"LineString","coordinates":[[-46.275359,-23.708362],[-46.275539,-23.708695],[-46.275208,-23.709229],[-46.277519,-23.71214],[-46.285583,-23.716675],[-46.289873,-23.719022],[-46.30237,-23.724037],[-46.304687,-23.724121],[-46.308899,-23.723389],[-46.309814,-23.723389],[-46.32408,-23.721296],[-46.340088,-23.724792],[-46.351013,-23.727112],[-46.360039,-23.728511],[-46.377075,-23.728882],[-46.380493,-23.728088],[-46.384338,-23.729348],[-46.389282,-23.731079],[-46.398987,-23.734375],[-46.401375,-23.734993],[-46.411245,-23.737848],[-46.4151,-23.738892],[-46.419078,-23.742445],[-46.429529,-23.751982],[-46.440186,-23.759399],[-46.466743,-23.771164],[-46.478936,-23.77255],[-46.50115,-23.775662],[-46.525696,-23.788391],[-46.533483,-23.795973],[-46.537965,-23.796839],[-46.552528,-23.799352],[-46.55623,-23.801418],[-46.561179,-23.804311],[-46.563911,-23.805501],[-46.584146,-23.802122],[-46.588239,-23.802893],[-46.59513,-23.804321],[-46.600878,-23.805263],[-46.603991,-23.805872],[-46.614394,-23.808032],[-46.616136,-23.808651],[-46.620352,-23.806719],[-46.633439,-23.80098],[-46.640808,-23.799683],[-46.645098,-23.799457],[-46.655787,-23.799267],[-46.661098,-23.798914],[-46.665343,-23.79822],[-46.674204,-23.797991],[-46.681276,-23.800532],[-46.69028,-23.80393],[-46.710353,-23.803271],[-46.717891,-23.802959],[-46.722821,-23.803264],[-46.737383,-23.803978],[-46.745413,-23.805658],[-46.748179,-23.806276],[-46.750404,-23.805455],[-46.754752,-23.803772],[-46.757996,-23.802612],[-46.761349,-23.801313],[-46.784887,-23.792528],[-46.793291,-23.791557],[-46.805731,-23.790025],[-46.825012,-23.798279],[-46.843869,-23.8059],[-46.854215,-23.808042],[-46.862488,-23.808899],[-46.865541,-23.809127],[-46.881131,-23.810631],[-46.885681,-23.811096],[-46.899605,-23.81242],[-46.90332,-23.812622],[-46.905621,-23.812896],[-46.928169,-23.810536],[-46.936096,-23.809998],[-46.958359,-23.808594],[-46.973511,-23.807678],[-46.978821,-23.807312],[-46.984924,-23.807007],[-46.988359,-23.806776],[-46.992404,-23.803883],[-47.001332,-23.79762],[-47.011611,-23.790263],[-47.019978,-23.784381],[-47.027973,-23.778622],[-47.036316,-23.772705],[-47.038614,-23.771198],[-47.044006,-23.762817],[-47.048401,-23.756287],[-47.05,-23.753745]]}},{"type":"Feature","properties":{"nome":"LT 345 kV Ibiúna - Interlagos C2","tensao_kv":345.0,"concessionaria":"CTEEP - Companhia de Transmissão de Energia Elétrica Paulista","extensao_total_km":61.01020767,"ano_operacao":0,"fonte":"EPE/SIN — linhas de transmissão existentes"},"geometry":{"type":"LineString","coordinates":[[-47.05,-23.753178],[-47.047952,-23.756271],[-47.038357,-23.77098],[-47.02803,-23.778185],[-47.010917,-23.790443],[-46.992357,-23.803616],[-46.988245,-23.806472],[-46.973588,-23.807423],[-46.959673,-23.808213],[-46.936183,-23.809727],[-46.932918,-23.809736],[-46.922096,-23.810593],[-46.904374,-23.811278],[-46.892067,-23.808289],[-46.881227,-23.810336],[-46.878048,-23.81005],[-46.854224,-23.807747],[-46.844012,-23.805663],[-46.837197,-23.802864],[-46.830335,-23.799114],[-46.822711,-23.794812],[-46.810737,-23.791881],[-46.805912,-23.789711],[-46.80101,-23.79032],[-46.79824,-23.789711],[-46.796413,-23.789216],[-46.784763,-23.792299],[-46.770125,-23.79781],[-46.766479,-23.799095],[-46.7511,-23.803367],[-46.745145,-23.801696],[-46.73574,-23.797734],[-46.723504,-23.792493],[-46.707169,-23.780293],[-46.700679,-23.775766],[-46.694885,-23.771667],[-46.687443,-23.766646],[-46.679817,-23.761388],[-46.671905,-23.759568],[-46.667735,-23.757575],[-46.666534,-23.756218],[-46.66573,-23.752506],[-46.664083,-23.748741],[-46.663411,-23.746653],[-46.663631,-23.742667],[-46.664993,-23.73936],[-46.666212,-23.736653],[-46.668062,-23.731674],[-46.671608,-23.727308],[-46.675474,-23.717047],[-46.67648,-23.714227],[-46.677997,-23.71315],[-46.680269,-23.711253],[-46.680644,-23.710568]]}},{"type":"Feature","properties":{"nome":"LT 345 kV Ibiúna - Interlagos C1","tensao_kv":345.0,"concessionaria":"CTEEP - Companhia de Transmissão de Energia Elétrica Paulista","extensao_total_km":60.97966666,"ano_operacao":0,"fonte":"EPE/SIN — linhas de transmissão existentes"},"geometry":{"type":"LineString","coordinates":[[-47.05,-23.752905],[-47.038204,-23.770913],[-47.027954,-23.77807],[-47.010821,-23.79032],[-47.001018,-23.797239],[-46.992205,-23.803511],[-46.98816,-23.806291],[-46.973569,-23.807233],[-46.959635,-23.808013],[-46.936144,-23.809527],[-46.932937,-23.809517],[-46.922068,-23.810374],[-46.907953,-23.810935],[-46.904345,-23.811059],[-46.892124,-23.808118],[-46.881198,-23.810145],[-46.854301,-23.807538],[-46.844059,-23.805482],[-46.837254,-23.802712],[-46.830515,-23.798991],[-46.82278,-23.79466],[-46.810814,-23.791719],[-46.805959,-23.78953],[-46.801029,-23.790129],[-46.798336,-23.789473],[-46.796432,-23.789063],[-46.784716,-23.792128],[-46.770049,-23.79761],[-46.766384,-23.798905],[-46.751106,-23.803225],[-46.745175,-23.801565],[-46.727894,-23.794248],[-46.723587,-23.792368],[-46.718543,-23.78865],[-46.70724,-23.780203],[-46.700756,-23.775671],[-46.694968,-23.771572],[-46.687586,-23.766569],[-46.679888,-23.761281],[-46.671988,-23.759466],[-46.667848,-23.757497],[-46.666658,-23.756141],[-46.665867,-23.752477],[-46.664214,-23.748717],[-46.663529,-23.746599],[-46.663773,-23.742703],[-46.665124,-23.739425],[-46.666337,-23.736701],[-46.668158,-23.731752],[-46.671733,-23.727356],[-46.675587,-23.717094],[-46.676599,-23.714298],[-46.678068,-23.713287],[-46.681084,-23.710747]]}},{"type":"Feature","properties":{"nome":"LT 345 kV Interlagos - Piratininga 2 C1","tensao_kv":345.0,"concessionaria":"IEP - INTERLIGAÇÃO ELÉTRICA PINHEIROS S.A","extensao_total_km":0.74131302,"ano_operacao":2011,"fonte":"EPE/SIN — linhas de transmissão existentes"},"geometry":{"type":"LineString","coordinates":[[-46.683281,-23.706912],[-46.683268,-23.707328],[-46.680656,-23.708665],[-46.679667,-23.710199],[-46.680019,-23.710784],[-46.680563,-23.711076],[-46.680844,-23.710684]]}},{"type":"Feature","properties":{"nome":"LT 345 kV Interlagos - Piratininga 2 C2","tensao_kv":345.0,"concessionaria":"IEP - INTERLIGAÇÃO ELÉTRICA PINHEIROS S.A","extensao_total_km":0.65243042,"ano_operacao":2011,"fonte":"EPE/SIN — linhas de transmissão existentes"},"geometry":{"type":"LineString","coordinates":[[-46.683533,-23.706962],[-46.683335,-23.707402],[-46.680751,-23.708758],[-46.679814,-23.710188],[-46.680189,-23.710746],[-46.680429,-23.710503]]}},{"type":"Feature","properties":{"nome":"LT 345 kV Baixada Santista - Tijuco Preto C1","tensao_kv":345.0,"concessionaria":"CTEEP - Companhia de Transmissão de Energia Elétrica Paulista","extensao_total_km":26.26037202,"ano_operacao":0,"fonte":"EPE/SIN — linhas de transmissão existentes"},"geometry":{"type":"LineString","coordinates":[[-46.272121,-23.708277],[-46.271622,-23.707213],[-46.269762,-23.704114],[-46.263753,-23.704233],[-46.261267,-23.704352],[-46.260265,-23.706098],[-46.268826,-23.719573],[-46.272704,-23.72576],[-46.273692,-23.727243],[-46.281295,-23.739244],[-46.283965,-23.743529],[-46.292764,-23.757344],[-46.296619,-23.763497],[-46.298957,-23.767137],[-46.306891,-23.779673],[-46.310488,-23.78225],[-46.315515,-23.785004],[-46.323968,-23.789728],[-46.326928,-23.791323],[-46.33593,-23.796362],[-46.353447,-23.80602],[-46.362749,-23.811212],[-46.363519,-23.811679],[-46.369852,-23.817596],[-46.377529,-23.824175],[-46.385262,-23.831487],[-46.392636,-23.838408],[-46.398774,-23.844116],[-46.405598,-23.850541],[-46.406683,-23.853054],[-46.409532,-23.858957],[-46.410253,-23.859906],[-46.41178,-23.861234],[-46.417141,-23.859971],[-46.419019,-23.860999],[-46.420225,-23.860977]]}},{"type":"Feature","properties":{"nome":"LT 345 kV Baixada Santista - Tijuco Preto C2","tensao_kv":345.0,"concessionaria":"CTEEP - Companhia de Transmissão de Energia Elétrica Paulista","extensao_total_km":26.20833559,"ano_operacao":0,"fonte":"EPE/SIN — linhas de transmissão existentes"},"geometry":{"type":"LineString","coordinates":[[-46.271921,-23.708379],[-46.271528,-23.707267],[-46.269714,-23.704203],[-46.263759,-23.704338],[-46.261332,-23.704441],[-46.260391,-23.70605],[-46.270735,-23.722376],[-46.281727,-23.739646],[-46.285688,-23.745981],[-46.292847,-23.757229],[-46.296734,-23.76342],[-46.299147,-23.767163],[-46.307038,-23.779598],[-46.310563,-23.782088],[-46.324181,-23.789662],[-46.326998,-23.791189],[-46.330312,-23.793066],[-46.339603,-23.798219],[-46.353664,-23.805966],[-46.363622,-23.811522],[-46.369993,-23.817547],[-46.377618,-23.824113],[-46.382138,-23.828386],[-46.398868,-23.844043],[-46.405744,-23.850517],[-46.406889,-23.853177],[-46.409613,-23.858888],[-46.410363,-23.859822],[-46.411817,-23.861104],[-46.417126,-23.859872],[-46.419011,-23.860864],[-46.420218,-23.860742]]}},{"type":"Feature","properties":{"nome":"LT 345 kV Baixada Santista - Tijuco Preto C3","tensao_kv":345.0,"concessionaria":"CTEEP - Companhia de Transmissão de Energia Elétrica Paulista","extensao_total_km":26.21038009,"ano_operacao":2004,"fonte":"EPE/SIN — linhas de transmissão existentes"},"geometry":{"type":"LineString","coordinates":[[-46.420177,-23.858489],[-46.419292,-23.858619],[-46.417334,-23.85845],[-46.413215,-23.859571],[-46.411088,-23.860213],[-46.409789,-23.858743],[-46.408896,-23.85693],[-46.407347,-23.853182],[-46.405991,-23.850434],[-46.393233,-23.838455],[-46.390731,-23.836187],[-46.375931,-23.822269],[-46.372547,-23.819247],[-46.369261,-23.816201],[-46.363966,-23.811221],[-46.353697,-23.805492],[-46.339723,-23.79777],[-46.330496,-23.792617],[-46.327095,-23.790773],[-46.321592,-23.787624],[-46.31771,-23.785544],[-46.310816,-23.781709],[-46.307256,-23.779347],[-46.299488,-23.767173],[-46.290565,-23.753039],[-46.285996,-23.745909],[-46.284244,-23.743057],[-46.278086,-23.733447],[-46.273919,-23.726784],[-46.268086,-23.717682],[-46.266135,-23.714501],[-46.262599,-23.708911],[-46.260699,-23.705978],[-46.262113,-23.70378],[-46.263608,-23.703818],[-46.270004,-23.703661],[-46.273059,-23.706721],[-46.273454,-23.707658]]}},{"type":"Feature","properties":{"nome":"LT 440 kV Santo Ângelo - Solvay C1","tensao_kv":440.0,"concessionaria":"CTEEP - Companhia de Transmissão de Energia Elétrica Paulista","extensao_total_km":28.52500208,"ano_operacao":2011,"fonte":"EPE/SIN — linhas de transmissão existentes"},"geometry":{"type":"LineString","coordinates":[[-46.254443,-23.586583],[-46.254646,-23.587856],[-46.254622,-23.590283],[-46.251945,-23.599301],[-46.25116,-23.619586],[-46.251279,-23.625368],[-46.251683,-23.640846],[-46.274883,-23.679477],[-46.279416,-23.686972],[-46.286281,-23.697989],[-46.299284,-23.71806],[-46.30077,-23.720569],[-46.302153,-23.722496],[-46.3502,-23.766529],[-46.354773,-23.770818],[-46.358044,-23.772198],[-46.363743,-23.774708],[-46.367669,-23.776374],[-46.379401,-23.78171],[-46.380757,-23.777308],[-46.377283,-23.77293],[-46.375974,-23.769539],[-46.375641,-23.769183]]}},{"type":"Feature","properties":{"nome":"LT 345 kV Leste - Tijuco Preto C1","tensao_kv":345.0,"concessionaria":"CTEEP - Companhia de Transmissão de Energia Elétrica Paulista","extensao_total_km":30.21880723,"ano_operacao":0,"fonte":"EPE/SIN — linhas de transmissão existentes"},"geometry":{"type":"LineString","coordinates":[[-46.467673,-23.59594],[-46.467042,-23.596154],[-46.456685,-23.599307],[-46.452022,-23.600675],[-46.431047,-23.607017],[-46.41589,-23.611532],[-46.409721,-23.614625],[-46.405366,-23.616731],[-46.39247,-23.61845],[-46.385926,-23.619283],[-46.366147,-23.621972],[-46.354827,-23.623405],[-46.340354,-23.625333],[-46.332436,-23.629568],[-46.288773,-23.652643],[-46.272491,-23.661209],[-46.242766,-23.676949],[-46.242088,-23.677087],[-46.242193,-23.677549],[-46.246661,-23.683788],[-46.257155,-23.700363],[-46.25824,-23.70209],[-46.259306,-23.703918],[-46.262109,-23.703685],[-46.263612,-23.703708],[-46.270051,-23.703547],[-46.273126,-23.70664],[-46.273663,-23.707568]]}},{"type":"Feature","properties":{"nome":"LT 345 kV Itapeti - Tijuco Preto C1","tensao_kv":345.0,"concessionaria":"CTEEP - Companhia de Transmissão de Energia Elétrica Paulista","extensao_total_km":21.3400689,"ano_operacao":0,"fonte":"EPE/SIN — linhas de transmissão existentes"},"geometry":{"type":"LineString","coordinates":[[-46.177341,-23.548232],[-46.176776,-23.549017],[-46.1753,-23.551444],[-46.177323,-23.557559],[-46.178703,-23.56189],[-46.182409,-23.573204],[-46.183545,-23.576809],[-46.18693,-23.587088],[-46.187471,-23.588879],[-46.197096,-23.61839],[-46.199773,-23.621638],[-46.209392,-23.633571],[-46.22788,-23.658127],[-46.241027,-23.675521],[-46.241265,-23.676883],[-46.246405,-23.684004],[-46.25917,-23.704116],[-46.266636,-23.70392],[-46.269955,-23.70389],[-46.272019,-23.707001],[-46.272573,-23.708019]]}},{"type":"Feature","properties":{"nome":"LT 345 kV Itapeti - Tijuco Preto C2","tensao_kv":345.0,"concessionaria":"CTEEP - Companhia de Transmissão de Energia Elétrica Paulista","extensao_total_km":21.35526721,"ano_operacao":0,"fonte":"EPE/SIN — linhas de transmissão existentes"},"geometry":{"type":"LineString","coordinates":[[-46.177103,-23.548113],[-46.176645,-23.548958],[-46.175187,-23.55142],[-46.177198,-23.55753],[-46.178596,-23.561932],[-46.183438,-23.576815],[-46.186813,-23.587098],[-46.190041,-23.597165],[-46.196091,-23.615624],[-46.196983,-23.618456],[-46.202628,-23.62535],[-46.209291,-23.633631],[-46.240926,-23.675622],[-46.241176,-23.676925],[-46.246369,-23.684129],[-46.252044,-23.693147],[-46.259105,-23.704259],[-46.263775,-23.704104],[-46.26989,-23.703985],[-46.27193,-23.707085],[-46.272382,-23.708108]]}},{"type":"Feature","properties":{"nome":"LT 345 kV Itapeti - Tijuco Preto C3","tensao_kv":345.0,"concessionaria":"FURNAS - Furnas Centrais Elétricas S.A.","extensao_total_km":21.08445547,"ano_operacao":2013,"fonte":"EPE/SIN — linhas de transmissão existentes"},"geometry":{"type":"LineString","coordinates":[[-46.176227,-23.547731],[-46.175763,-23.548897],[-46.174585,-23.551408],[-46.178044,-23.561999],[-46.18407,-23.580672],[-46.191161,-23.602421],[-46.191642,-23.603813],[-46.192539,-23.605616],[-46.196743,-23.618565],[-46.207637,-23.631924],[-46.214966,-23.641566],[-46.219127,-23.647142],[-46.222354,-23.651386],[-46.23899,-23.673471],[-46.240597,-23.675817],[-46.243898,-23.677024],[-46.245065,-23.677577],[-46.247576,-23.67842],[-46.249208,-23.680339],[-46.26679,-23.700417],[-46.271764,-23.704342],[-46.273711,-23.706278],[-46.274229,-23.707373]]}},{"type":"Feature","properties":{"nome":"LT 345 kV Itapeti - Tijuco Preto C4","tensao_kv":345.0,"concessionaria":"FURNAS - Furnas Centrais Elétricas S.A.","extensao_total_km":21.07490555,"ano_operacao":2013,"fonte":"EPE/SIN — linhas de transmissão existentes"},"geometry":{"type":"LineString","coordinates":[[-46.274439,-23.707255],[-46.273826,-23.70626],[-46.271872,-23.704271],[-46.266921,-23.70035],[-46.259149,-23.691534],[-46.248698,-23.679492],[-46.24777,-23.678251],[-46.24514,-23.677308],[-46.244014,-23.676975],[-46.240687,-23.675686],[-46.239073,-23.673362],[-46.234873,-23.667843],[-46.217186,-23.644328],[-46.209096,-23.63363],[-46.207681,-23.631792],[-46.196833,-23.618466],[-46.192618,-23.605463],[-46.191726,-23.603732],[-46.174712,-23.551405],[-46.175891,-23.548863],[-46.176484,-23.547837]]}},{"type":"Feature","properties":{"nome":"LT 345 kV Itapeti - Santo Ângelo, C2","tensao_kv":345.0,"concessionaria":"CTEEP - Companhia de Transmissão de Energia Elétrica Paulista","extensao_total_km":13.34787125,"ano_operacao":0,"fonte":"EPE/SIN — linhas de transmissão existentes"},"geometry":{"type":"LineString","coordinates":[[-46.254091,-23.58836],[-46.254106,-23.589322],[-46.253696,-23.590454],[-46.248056,-23.593165],[-46.235667,-23.599325],[-46.224659,-23.600298],[-46.21336,-23.601375],[-46.200689,-23.602543],[-46.196383,-23.602912],[-46.192528,-23.60385],[-46.191867,-23.603626],[-46.18712,-23.589075],[-46.18207,-23.573418],[-46.176829,-23.557423],[-46.174908,-23.551426],[-46.176353,-23.548642],[-46.176674,-23.547923]]}},{"type":"Feature","properties":{"nome":"LT 440 kV Jandira - Embu Guaçu C1","tensao_kv":440.0,"concessionaria":"CTEEP - Companhia de Transmissão de Energia Elétrica Paulista","extensao_total_km":40.55102809,"ano_operacao":2012,"fonte":"EPE/SIN — linhas de transmissão existentes"},"geometry":{"type":"LineString","coordinates":[[-46.801383,-23.844238],[-46.803905,-23.844452],[-46.806855,-23.843881],[-46.817252,-23.84211],[-46.824021,-23.840896],[-46.827008,-23.839718],[-46.828471,-23.83609],[-46.838643,-23.807358],[-46.842962,-23.795544],[-46.845472,-23.788441],[-46.851338,-23.779339],[-46.861212,-23.763825],[-46.866031,-23.756056],[-46.871218,-23.747788],[-46.875917,-23.740185],[-46.880545,-23.732381],[-46.888517,-23.717961],[-46.892597,-23.71043],[-46.89713,-23.702507],[-46.903555,-23.69149],[-46.909266,-23.681532],[-46.915238,-23.671502],[-46.920235,-23.662829],[-46.931347,-23.643722],[-46.938557,-23.635275],[-46.947016,-23.625555],[-46.9562,-23.614752],[-46.965953,-23.603354],[-46.962234,-23.602552],[-46.947748,-23.590924],[-46.944128,-23.587977],[-46.941133,-23.584592],[-46.932364,-23.581038],[-46.926759,-23.573182],[-46.923461,-23.568446],[-46.918067,-23.566494],[-46.90862,-23.563162],[-46.907897,-23.562836],[-46.907507,-23.562991],[-46.907165,-23.563087]]}},{"type":"Feature","properties":{"nome":"LT 230 kV Piratininga - Interlagos C1","tensao_kv":230.0,"concessionaria":"CTEEP - Companhia de Transmissão de Energia Elétrica Paulista","extensao_total_km":1.62338506,"ano_operacao":0,"fonte":"EPE/SIN — linhas de transmissão existentes"},"geometry":{"type":"LineString","coordinates":[[-46.682126,-23.708824],[-46.682337,-23.708375],[-46.682248,-23.707651],[-46.681452,-23.706127],[-46.681967,-23.704204],[-46.683111,-23.703183],[-46.683472,-23.70235],[-46.68188,-23.700498],[-46.678609,-23.698044],[-46.678195,-23.697525],[-46.677707,-23.697541]]}},{"type":"Feature","properties":{"nome":"LT 230 kV Piratininga - Interlagos C2","tensao_kv":230.0,"concessionaria":"CTEEP - Companhia de Transmissão de Energia Elétrica Paulista","extensao_total_km":1.60627909,"ano_operacao":0,"fonte":"EPE/SIN — linhas de transmissão existentes"},"geometry":{"type":"LineString","coordinates":[[-46.682,-23.708735],[-46.682261,-23.708372],[-46.682186,-23.707665],[-46.681361,-23.706134],[-46.68191,-23.704153],[-46.683048,-23.703145],[-46.683394,-23.702357],[-46.681829,-23.700556],[-46.678565,-23.698101],[-46.678165,-23.697584],[-46.677726,-23.697676]]}},{"type":"Feature","properties":{"nome":"LT 230 kV UTE Piratininga - Piratininga C2","tensao_kv":230.0,"concessionaria":"-","extensao_total_km":0.05509811,"ano_operacao":0,"fonte":"EPE/SIN — linhas de transmissão existentes"},"geometry":{"type":"LineString","coordinates":[[-46.677692,-23.699336],[-46.677558,-23.698858]]}},{"type":"Feature","properties":{"nome":"LT 230 kV UTE Piratininga - Piratininga C1","tensao_kv":230.0,"concessionaria":"-","extensao_total_km":0.05230028,"ano_operacao":0,"fonte":"EPE/SIN — linhas de transmissão existentes"},"geometry":{"type":"LineString","coordinates":[[-46.677902,-23.699252],[-46.677697,-23.698822]]}},{"type":"Feature","properties":{"nome":"LT 230 kV Fernando Gasparian - Piratininga C2","tensao_kv":230.0,"concessionaria":"CTEEP - Companhia de Transmissão de Energia Elétrica Paulista","extensao_total_km":0.05773181,"ano_operacao":2002,"fonte":"EPE/SIN — linhas de transmissão existentes"},"geometry":{"type":"LineString","coordinates":[[-46.678278,-23.699149],[-46.678132,-23.698649]]}},{"type":"Feature","properties":{"nome":"LT 230 kV Fernando Gasparian - Piratininga C1","tensao_kv":230.0,"concessionaria":"CTEEP - Companhia de Transmissão de Energia Elétrica Paulista","extensao_total_km":0.05420173,"ano_operacao":2002,"fonte":"EPE/SIN — linhas de transmissão existentes"},"geometry":{"type":"LineString","coordinates":[[-46.678509,-23.69906],[-46.678277,-23.698623]]}},{"type":"Feature","properties":{"nome":"LT 440 kV Embu Guaçu - CBA 2 C1","tensao_kv":440.0,"concessionaria":"CTEEP - Companhia de Transmissão de Energia Elétrica Paulista","extensao_total_km":63.42827337,"ano_operacao":2006,"fonte":"EPE/SIN — linhas de transmissão existentes"},"geometry":{"type":"LineString","coordinates":[[-47.05,-23.763647],[-47.033807,-23.775247],[-47.006133,-23.794842],[-46.963731,-23.824966],[-46.937236,-23.829843],[-46.921972,-23.831961],[-46.891194,-23.834876],[-46.875025,-23.836339],[-46.85888,-23.837969],[-46.842795,-23.839457],[-46.834931,-23.840218],[-46.827174,-23.841253],[-46.821856,-23.842086],[-46.817418,-23.842859],[-46.805771,-23.845274],[-46.803237,-23.845001],[-46.801619,-23.844739]]}},{"type":"Feature","properties":{"nome":"LT 345 kV Interlagos - Xavantes C1","tensao_kv":345.0,"concessionaria":"CTEEP - Companhia de Transmissão de Energia Elétrica Paulista","extensao_total_km":7.49704007,"ano_operacao":0,"fonte":"EPE/SIN — linhas de transmissão existentes"},"geometry":{"type":"LineString","coordinates":[[-46.682212,-23.709781],[-46.682359,-23.708957],[-46.684047,-23.706971],[-46.683809,-23.70441],[-46.68667,-23.702022],[-46.687384,-23.701632],[-46.689801,-23.698074],[-46.691905,-23.695066],[-46.697634,-23.685948],[-46.69939,-23.683055],[-46.701108,-23.681066],[-46.702812,-23.679319],[-46.704716,-23.677254],[-46.70552,-23.675355],[-46.710764,-23.666484],[-46.712049,-23.664428],[-46.714209,-23.661725],[-46.716218,-23.66024],[-46.718122,-23.658989],[-46.720354,-23.657709],[-46.722271,-23.65689],[-46.722785,-23.657219],[-46.723099,-23.657718]]}},{"type":"Feature","properties":{"nome":"LT 345 kV Interlagos - Xavantes C2","tensao_kv":345.0,"concessionaria":"CTEEP - Companhia de Transmissão de Energia Elétrica Paulista","extensao_total_km":7.60742593,"ano_operacao":0,"fonte":"EPE/SIN — linhas de transmissão existentes"},"geometry":{"type":"LineString","coordinates":[[-46.682071,-23.709732],[-46.682264,-23.708919],[-46.683962,-23.706943],[-46.683718,-23.704384],[-46.686616,-23.701914],[-46.687284,-23.701554],[-46.689737,-23.69792],[-46.691778,-23.695025],[-46.697559,-23.685837],[-46.699288,-23.68297],[-46.701056,-23.680928],[-46.702739,-23.679193],[-46.704575,-23.677194],[-46.705397,-23.675287],[-46.710659,-23.666374],[-46.71191,-23.664373],[-46.714135,-23.661612],[-46.716136,-23.660121],[-46.718159,-23.658783],[-46.720345,-23.657549],[-46.72226,-23.656754],[-46.722854,-23.657156],[-46.723751,-23.657033],[-46.724013,-23.65748]]}},{"type":"Feature","properties":{"nome":"LT 345 kV Leste - Tijuco Preto C2","tensao_kv":345.0,"concessionaria":"CTEEP - Companhia de Transmissão de Energia Elétrica Paulista","extensao_total_km":30.20897221,"ano_operacao":0,"fonte":"EPE/SIN — linhas de transmissão existentes"},"geometry":{"type":"LineString","coordinates":[[-46.46775,-23.59616],[-46.467084,-23.596256],[-46.431059,-23.607148],[-46.415931,-23.611639],[-46.409804,-23.614726],[-46.40542,-23.616868],[-46.385944,-23.619384],[-46.378609,-23.620407],[-46.366159,-23.622085],[-46.354839,-23.62353],[-46.340401,-23.625446],[-46.332495,-23.629663],[-46.24282,-23.67705],[-46.242159,-23.677111],[-46.242273,-23.67752],[-46.24372,-23.679376],[-46.246856,-23.683692],[-46.252253,-23.692311],[-46.253909,-23.694876],[-46.259482,-23.70367],[-46.263365,-23.703547],[-46.270132,-23.703399],[-46.273492,-23.70644],[-46.273963,-23.707487]]}},{"type":"Feature","properties":{"nome":"LT 345 kV Leste - Tijuco Preto C3","tensao_kv":345.0,"concessionaria":"CTEEP - Companhia de Transmissão de Energia Elétrica Paulista","extensao_total_km":30.16959837,"ano_operacao":0,"fonte":"EPE/SIN — linhas de transmissão existentes"},"geometry":{"type":"LineString","coordinates":[[-46.467845,-23.596363],[-46.467262,-23.596452],[-46.456787,-23.59964],[-46.452111,-23.601014],[-46.431285,-23.607278],[-46.422225,-23.609955],[-46.416044,-23.611853],[-46.409887,-23.614928],[-46.405497,-23.617082],[-46.392523,-23.618825],[-46.38601,-23.619634],[-46.378663,-23.620657],[-46.36629,-23.622263],[-46.340484,-23.625684],[-46.289344,-23.652797],[-46.279862,-23.657747],[-46.272682,-23.661578],[-46.255841,-23.670423],[-46.24295,-23.677264],[-46.242573,-23.677639],[-46.246932,-23.683607],[-46.249726,-23.688075],[-46.259539,-23.703561],[-46.263379,-23.703437],[-46.270194,-23.703299],[-46.271442,-23.703386],[-46.272138,-23.703863],[-46.274397,-23.705995],[-46.274875,-23.706961]]}},{"type":"Feature","properties":{"nome":"LT 440 kV Oeste - Embu Guaçu C1","tensao_kv":440.0,"concessionaria":"CTEEP - Companhia de Transmissão de Energia Elétrica Paulista","extensao_total_km":80.90665484,"ano_operacao":2006,"fonte":"EPE/SIN — linhas de transmissão existentes"},"geometry":{"type":"LineString","coordinates":[[-47.05,-23.763886],[-47.047584,-23.765598],[-47.033997,-23.77539],[-47.020511,-23.784857],[-46.991726,-23.805371],[-46.977842,-23.815186],[-46.963838,-23.825156],[-46.948753,-23.82794],[-46.944016,-23.82877],[-46.937103,-23.830062],[-46.921974,-23.83214],[-46.877386,-23.836449],[-46.842926,-23.839671],[-46.834895,-23.840468],[-46.82721,-23.841467],[-46.817418,-23.843085],[-46.805771,-23.845488],[-46.803414,-23.845345],[-46.801619,-23.844965]]}},{"type":"Feature","properties":{"nome":"LT 345 kV Xavantes - Bandeirantes C3","tensao_kv":345.0,"concessionaria":"CTEEP - Companhia de Transmissão de Energia Elétrica Paulista","extensao_total_km":8.40974026,"ano_operacao":0,"fonte":"EPE/SIN — linhas de transmissão existentes"},"geometry":{"type":"LineString","coordinates":[[-46.692346,-23.599998],[-46.693251,-23.59975],[-46.693323,-23.5998],[-46.693481,-23.60007],[-46.694375,-23.599547],[-46.694713,-23.599315],[-46.694885,-23.599253],[-46.694943,-23.599268],[-46.695014,-23.599369],[-46.695679,-23.601172],[-46.697774,-23.607279],[-46.699871,-23.616765],[-46.700392,-23.618097],[-46.700612,-23.619419],[-46.700715,-23.619845],[-46.700897,-23.620337],[-46.701077,-23.62071],[-46.701571,-23.621403],[-46.702025,-23.621916],[-46.702907,-23.622661],[-46.703329,-23.62294],[-46.704308,-23.623484],[-46.705164,-23.623808],[-46.70704,-23.624392],[-46.708443,-23.624875],[-46.708959,-23.625108],[-46.7097,-23.625521],[-46.71014,-23.62581],[-46.710961,-23.626444],[-46.712262,-23.62766],[-46.713823,-23.629399],[-46.716332,-23.632038],[-46.716588,-23.63235],[-46.719424,-23.635388],[-46.71993,-23.635894],[-46.721842,-23.63799],[-46.723492,-23.639741],[-46.724086,-23.640456],[-46.72435,-23.640837],[-46.724855,-23.641713],[-46.725192,-23.64239],[-46.725732,-23.643609],[-46.726017,-23.644443],[-46.726074,-23.644724],[-46.726085,-23.645219],[-46.726016,-23.645725],[-46.725734,-23.647339],[-46.725462,-23.648397],[-46.725221,-23.649015],[-46.724861,-23.649665],[-46.724596,-23.650055],[-46.722824,-23.65217],[-46.720935,-23.654345],[-46.720643,-23.654699],[-46.720614,-23.654793],[-46.721529,-23.655455],[-46.722477,-23.656219],[-46.722854,-23.657015],[-46.723144,-23.65787],[-46.723335,-23.657867],[-46.723925,-23.657725]]}},{"type":"Feature","properties":{"nome":"LT 345 kV Xavantes - Bandeirantes C1","tensao_kv":345.0,"concessionaria":"CTEEP - Companhia de Transmissão de Energia Elétrica Paulista","extensao_total_km":8.40956676,"ano_operacao":0,"fonte":"EPE/SIN — linhas de transmissão existentes"},"geometry":{"type":"LineString","coordinates":[[-46.692341,-23.599978],[-46.693252,-23.59973],[-46.69334,-23.599789],[-46.693484,-23.600048],[-46.694364,-23.59953],[-46.694704,-23.599297],[-46.694884,-23.599232],[-46.694955,-23.599251],[-46.695032,-23.59936],[-46.695698,-23.601165],[-46.697793,-23.607274],[-46.699891,-23.616759],[-46.700411,-23.618093],[-46.700632,-23.619416],[-46.700734,-23.619839],[-46.700915,-23.62033],[-46.701094,-23.6207],[-46.701587,-23.62139],[-46.70204,-23.621902],[-46.702919,-23.622644],[-46.703339,-23.622923],[-46.704317,-23.623466],[-46.705171,-23.623789],[-46.707046,-23.624373],[-46.708451,-23.624856],[-46.708968,-23.62509],[-46.709711,-23.625504],[-46.710151,-23.625794],[-46.710974,-23.626429],[-46.712276,-23.627646],[-46.713838,-23.629386],[-46.716346,-23.632025],[-46.716604,-23.632337],[-46.719439,-23.635374],[-46.719944,-23.63588],[-46.721856,-23.637976],[-46.723507,-23.639727],[-46.724102,-23.640444],[-46.724367,-23.640827],[-46.724872,-23.641704],[-46.72521,-23.642382],[-46.725751,-23.643601],[-46.726036,-23.644438],[-46.726094,-23.644722],[-46.726105,-23.645221],[-46.726036,-23.645728],[-46.725753,-23.647343],[-46.725481,-23.648403],[-46.725238,-23.649024],[-46.724878,-23.649676],[-46.724612,-23.650067],[-46.722839,-23.652183],[-46.720951,-23.654358],[-46.72066,-23.65471],[-46.720635,-23.654788],[-46.721541,-23.655439],[-46.722493,-23.656208],[-46.722872,-23.657007],[-46.72316,-23.657854],[-46.723331,-23.657848],[-46.723921,-23.657705]]}},{"type":"Feature","properties":{"nome":"LT 345 kV Xavantes - Bandeirantes C2","tensao_kv":345.0,"concessionaria":"CTEEP - Companhia de Transmissão de Energia Elétrica Paulista","extensao_total_km":8.40939325,"ano_operacao":0,"fonte":"EPE/SIN — linhas de transmissão existentes"},"geometry":{"type":"LineString","coordinates":[[-46.692335,-23.599959],[-46.693253,-23.599709],[-46.693356,-23.599777],[-46.693488,-23.600026],[-46.694695,-23.599279],[-46.694883,-23.599211],[-46.694967,-23.599233],[-46.69505,-23.59935],[-46.695717,-23.601159],[-46.697812,-23.607269],[-46.69991,-23.616753],[-46.700431,-23.618088],[-46.700651,-23.619412],[-46.700753,-23.619832],[-46.700934,-23.620323],[-46.701111,-23.620689],[-46.701603,-23.621378],[-46.702054,-23.621887],[-46.702931,-23.622628],[-46.70335,-23.622906],[-46.704325,-23.623448],[-46.705177,-23.62377],[-46.707052,-23.624354],[-46.708458,-23.624838],[-46.708977,-23.625072],[-46.709722,-23.625487],[-46.710163,-23.625778],[-46.710987,-23.626414],[-46.712291,-23.627633],[-46.713853,-23.629372],[-46.716361,-23.632012],[-46.716619,-23.632324],[-46.719453,-23.63536],[-46.719958,-23.635866],[-46.721871,-23.637963],[-46.723522,-23.639714],[-46.724118,-23.640432],[-46.724383,-23.640816],[-46.72489,-23.641694],[-46.725228,-23.642373],[-46.72577,-23.643594],[-46.726056,-23.644433],[-46.726114,-23.644719],[-46.726125,-23.645222],[-46.726055,-23.645731],[-46.725773,-23.647348],[-46.7255,-23.648409],[-46.725256,-23.649033],[-46.724895,-23.649686],[-46.724628,-23.650079],[-46.722854,-23.652195],[-46.721697,-23.653505],[-46.720677,-23.654721],[-46.720656,-23.654783],[-46.721553,-23.655423],[-46.72251,-23.656196],[-46.722891,-23.657],[-46.723176,-23.657839],[-46.723327,-23.657828],[-46.723916,-23.657686]]}},{"type":"Feature","properties":{"nome":"LT 345 kV Xavantes - Milton Fornasaro C2","tensao_kv":345.0,"concessionaria":"CTEEP - Companhia de Transmissão de Energia Elétrica Paulista","extensao_total_km":16.39272209,"ano_operacao":0,"fonte":"EPE/SIN — linhas de transmissão existentes"},"geometry":{"type":"LineString","coordinates":[[-46.752387,-23.528337],[-46.752482,-23.52834],[-46.75344,-23.527754],[-46.755058,-23.527581],[-46.757882,-23.528117],[-46.758288,-23.528224],[-46.759109,-23.528654],[-46.758286,-23.531139],[-46.755374,-23.543319],[-46.755419,-23.546794],[-46.755154,-23.549203],[-46.754977,-23.551354],[-46.754705,-23.556664],[-46.754688,-23.558906],[-46.754556,-23.562303],[-46.754415,-23.564959],[-46.753565,-23.587141],[-46.753058,-23.598286],[-46.753027,-23.600099],[-46.75289,-23.60384],[-46.752475,-23.606216],[-46.751727,-23.609827],[-46.750508,-23.616043],[-46.749604,-23.61798],[-46.748197,-23.620662],[-46.745509,-23.626022],[-46.743455,-23.630307],[-46.741503,-23.634277],[-46.736145,-23.6449],[-46.73433,-23.648665],[-46.732893,-23.651435],[-46.730603,-23.653587],[-46.726937,-23.655036],[-46.724729,-23.655956],[-46.724067,-23.656891],[-46.724521,-23.657542],[-46.724878,-23.659136],[-46.724554,-23.659761],[-46.724441,-23.6593]]}},{"type":"Feature","properties":{"nome":"LT 345 kV Xavantes - Milton Fornasaro C1","tensao_kv":345.0,"concessionaria":"CTEEP - Companhia de Transmissão de Energia Elétrica Paulista","extensao_total_km":16.36070533,"ano_operacao":0,"fonte":"EPE/SIN — linhas de transmissão existentes"},"geometry":{"type":"LineString","coordinates":[[-46.72459,-23.659264],[-46.72457,-23.65965],[-46.724803,-23.659161],[-46.724489,-23.657611],[-46.723966,-23.656897],[-46.724549,-23.655897],[-46.726886,-23.654916],[-46.730519,-23.653471],[-46.732781,-23.651353],[-46.73876,-23.639426],[-46.740051,-23.636766],[-46.741443,-23.634084],[-46.745619,-23.625518],[-46.74821,-23.620341],[-46.749538,-23.617833],[-46.750357,-23.616027],[-46.752375,-23.606126],[-46.752779,-23.603863],[-46.752922,-23.60018],[-46.752945,-23.598286],[-46.75345,-23.587064],[-46.753678,-23.580521],[-46.753992,-23.573558],[-46.754302,-23.564926],[-46.75448,-23.561831],[-46.754583,-23.558901],[-46.754597,-23.556693],[-46.754768,-23.553752],[-46.754873,-23.551282],[-46.75502,-23.549107],[-46.755287,-23.546794],[-46.755234,-23.543292],[-46.75817,-23.531083],[-46.758999,-23.528688],[-46.757866,-23.528206],[-46.755031,-23.527663],[-46.753452,-23.527827],[-46.75244,-23.528516],[-46.752363,-23.528504]]}},{"type":"Feature","properties":{"nome":"LT 345 kV Leste - Ramom Reberte Filho C1","tensao_kv":345.0,"concessionaria":"CTEEP - Companhia de Transmissão de Energia Elétrica Paulista","extensao_total_km":5.9035222,"ano_operacao":0,"fonte":"EPE/SIN — linhas de transmissão existentes"},"geometry":{"type":"LineString","coordinates":[[-46.523447,-23.579436],[-46.522299,-23.579744],[-46.508289,-23.583994],[-46.502495,-23.585676],[-46.492606,-23.588701],[-46.490635,-23.589212],[-46.487295,-23.590247],[-46.480451,-23.592291],[-46.470451,-23.595337],[-46.469261,-23.59444],[-46.468794,-23.594642]]}},{"type":"Feature","properties":{"nome":"LT 345 kV Leste - Ramom Reberte Filho C2","tensao_kv":345.0,"concessionaria":"CTEEP - Companhia de Transmissão de Energia Elétrica Paulista","extensao_total_km":5.90246929,"ano_operacao":0,"fonte":"EPE/SIN — linhas de transmissão existentes"},"geometry":{"type":"LineString","coordinates":[[-46.52339,-23.579289],[-46.522273,-23.579704],[-46.514049,-23.582167],[-46.508284,-23.58393],[-46.50248,-23.58561],[-46.492589,-23.588632],[-46.490609,-23.589145],[-46.476478,-23.593431],[-46.473092,-23.594485],[-46.470467,-23.595251],[-46.469273,-23.594359],[-46.468725,-23.59443]]}},{"type":"Feature","properties":{"nome":"LT 345 kV Guarulhos - Ibiúna C2","tensao_kv":345.0,"concessionaria":"FURNAS - Furnas Centrais Elétricas S.A.","extensao_total_km":75.41420868,"ano_operacao":0,"fonte":"EPE/SIN — linhas de transmissão existentes"},"geometry":{"type":"LineString","coordinates":[[-46.584172,-23.443286],[-46.583622,-23.443965],[-46.58243,-23.444735],[-46.58011,-23.444014],[-46.579082,-23.440874],[-46.580383,-23.4375],[-46.584422,-23.436662],[-46.587402,-23.437622],[-46.588379,-23.437683],[-46.59491,-23.437622],[-46.603027,-23.43512],[-46.608215,-23.43042],[-46.612925,-23.426011],[-46.621277,-23.421021],[-46.625488,-23.418579],[-46.626526,-23.416626],[-46.630107,-23.410257],[-46.638545,-23.402433],[-46.645098,-23.400106],[-46.651611,-23.39801],[-46.65979,-23.395996],[-46.665607,-23.394638],[-46.678711,-23.396729],[-46.683105,-23.3974],[-46.69043,-23.398621],[-46.69361,-23.399078],[-46.698486,-23.399902],[-46.712449,-23.402034],[-46.722685,-23.400463],[-46.738281,-23.400208],[-46.747009,-23.398193],[-46.752708,-23.396739],[-46.759418,-23.396281],[-46.766699,-23.397483],[-46.769226,-23.396423],[-46.77843,-23.394318],[-46.785889,-23.391479],[-46.792786,-23.388794],[-46.806885,-23.383423],[-46.812805,-23.381104],[-46.818604,-23.381409],[-46.825198,-23.381511],[-46.82938,-23.38163],[-46.83217,-23.38276],[-46.840141,-23.385883],[-46.849609,-23.387512],[-46.851878,-23.387971],[-46.859219,-23.389256],[-46.861694,-23.389526],[-46.88519,-23.393575],[-46.895618,-23.39533],[-46.900942,-23.396686],[-46.914612,-23.411377],[-46.918396,-23.415537],[-46.924374,-23.421974],[-46.926697,-23.423706],[-46.928284,-23.424988],[-46.931982,-23.427678],[-46.94269,-23.435697],[-46.950114,-23.441194],[-46.952868,-23.443305],[-46.960964,-23.449355],[-46.975717,-23.456119],[-46.980755,-23.458367],[-46.984192,-23.463379],[-46.987561,-23.467933],[-46.988281,-23.472412],[-46.991743,-23.492144],[-46.993777,-23.498777],[-46.995178,-23.503784],[-46.996299,-23.506914],[-46.996942,-23.509002],[-47.000596,-23.517311],[-47.011712,-23.527562],[-47.012384,-23.528871],[-47.015192,-23.534659],[-47.017399,-23.539126],[-47.02242,-23.547437],[-47.02478,-23.551514],[-47.02612,-23.553587],[-47.029885,-23.559911],[-47.034234,-23.567121],[-47.039433,-23.571255],[-47.045637,-23.576276],[-47.05,-23.579702]]}},{"type":"Feature","properties":{"nome":"LT 345 kV Guarulhos - Ibiúna C1","tensao_kv":345.0,"concessionaria":"FURNAS - Furnas Centrais Elétricas S.A.","extensao_total_km":75.46653613,"ano_operacao":0,"fonte":"EPE/SIN — linhas de transmissão existentes"},"geometry":{"type":"LineString","coordinates":[[-46.584351,-23.443412],[-46.583701,-23.444043],[-46.582423,-23.44485],[-46.579996,-23.444129],[-46.578947,-23.440874],[-46.580267,-23.437411],[-46.58445,-23.436519],[-46.587448,-23.43729],[-46.593201,-23.4375],[-46.59491,-23.4375],[-46.602905,-23.434998],[-46.608093,-23.430298],[-46.612825,-23.425897],[-46.621216,-23.420898],[-46.625339,-23.41848],[-46.626404,-23.416504],[-46.63,-23.41015],[-46.638452,-23.402299],[-46.645069,-23.399964],[-46.651611,-23.397888],[-46.65979,-23.395813],[-46.665621,-23.394496],[-46.672913,-23.395691],[-46.683105,-23.397278],[-46.69043,-23.398499],[-46.693604,-23.398926],[-46.698486,-23.39978],[-46.709778,-23.401489],[-46.71247,-23.401869],[-46.722717,-23.40033],[-46.730371,-23.400231],[-46.738281,-23.400085],[-46.747009,-23.39801],[-46.752672,-23.396614],[-46.75943,-23.396156],[-46.761597,-23.396484],[-46.766681,-23.397322],[-46.769226,-23.396301],[-46.778406,-23.394175],[-46.785818,-23.39135],[-46.792683,-23.388667],[-46.806885,-23.383301],[-46.812805,-23.380981],[-46.818604,-23.381104],[-46.829398,-23.381493],[-46.840183,-23.38577],[-46.849609,-23.38739],[-46.859192,-23.389099],[-46.861658,-23.389391],[-46.874823,-23.391602],[-46.885303,-23.393438],[-46.895684,-23.395199],[-46.901055,-23.396567],[-46.911222,-23.407548],[-46.914743,-23.411308],[-46.918533,-23.415478],[-46.921513,-23.418654],[-46.924481,-23.421884],[-46.926867,-23.423663],[-46.928406,-23.424927],[-46.932066,-23.427565],[-46.940334,-23.433722],[-46.94281,-23.435608],[-46.947657,-23.439177],[-46.950233,-23.441098],[-46.952981,-23.443222],[-46.960999,-23.449219],[-46.97229,-23.454407],[-46.980868,-23.458284],[-46.984314,-23.463318],[-46.987686,-23.46785],[-46.988403,-23.47229],[-46.989685,-23.479309],[-46.990112,-23.482178],[-46.990821,-23.486046],[-46.991879,-23.492126],[-46.99231,-23.493591],[-46.995508,-23.503708],[-46.996448,-23.506879],[-46.99712,-23.50902],[-47.000751,-23.517221],[-47.004568,-23.520799],[-47.011801,-23.527449],[-47.012527,-23.528823],[-47.015317,-23.534593],[-47.017554,-23.539085],[-47.022533,-23.547353],[-47.024902,-23.551392],[-47.026263,-23.553546],[-47.030016,-23.559857],[-47.034359,-23.567025],[-47.039516,-23.571112],[-47.045768,-23.576175],[-47.05,-23.579516]]}},{"type":"Feature","properties":{"nome":"LT 345 kV Norte - Miguel Reale C2","tensao_kv":345.0,"concessionaria":"CTEEP - Companhia de Transmissão de Energia Elétrica Paulista","extensao_total_km":14.41004658,"ano_operacao":0,"fonte":"EPE/SIN — linhas de transmissão existentes"},"geometry":{"type":"LineString","coordinates":[[-46.558972,-23.482647],[-46.559307,-23.482663],[-46.55943,-23.482719],[-46.559453,-23.482767],[-46.559338,-23.484574],[-46.559255,-23.484648],[-46.558669,-23.484818],[-46.558517,-23.484906],[-46.558272,-23.486077],[-46.558254,-23.486953],[-46.55828,-23.487009],[-46.558335,-23.48703],[-46.558775,-23.48703],[-46.558849,-23.487079],[-46.558865,-23.487905],[-46.558936,-23.488786],[-46.559116,-23.488958],[-46.559228,-23.489009],[-46.559765,-23.489074],[-46.561652,-23.489109],[-46.562186,-23.489158],[-46.564535,-23.489259],[-46.575962,-23.489508],[-46.57608,-23.489583],[-46.577831,-23.491299],[-46.581415,-23.494671],[-46.581484,-23.49468],[-46.581703,-23.49451],[-46.582916,-23.493441],[-46.583104,-23.493577],[-46.58429,-23.494749],[-46.584392,-23.494793],[-46.584584,-23.494715],[-46.585576,-23.493894],[-46.587084,-23.49538],[-46.589531,-23.497666],[-46.592467,-23.499214],[-46.596475,-23.497245],[-46.596508,-23.497185],[-46.596525,-23.497003],[-46.596811,-23.496825],[-46.596858,-23.496828],[-46.596807,-23.498102],[-46.597082,-23.500322],[-46.597188,-23.500931],[-46.597142,-23.501053],[-46.597949,-23.504797],[-46.59801,-23.505188],[-46.598002,-23.505583],[-46.59811,-23.505816],[-46.598298,-23.50602],[-46.599354,-23.507386],[-46.599471,-23.507645],[-46.600063,-23.508683],[-46.600243,-23.508848],[-46.600809,-23.509849],[-46.600885,-23.510118],[-46.60156,-23.511307],[-46.602818,-23.513351],[-46.60295,-23.513363],[-46.606228,-23.512317],[-46.606377,-23.512362],[-46.606563,-23.512514],[-46.606881,-23.513277],[-46.608324,-23.516047],[-46.608537,-23.516259],[-46.608834,-23.516435],[-46.609054,-23.516703],[-46.609115,-23.516871],[-46.609137,-23.517423],[-46.609186,-23.517615],[-46.610034,-23.519583],[-46.610293,-23.520113],[-46.610521,-23.520392],[-46.610756,-23.520804],[-46.610974,-23.521612],[-46.611519,-23.524612],[-46.611714,-23.525871],[-46.611896,-23.52667],[-46.61197,-23.526789],[-46.613018,-23.527938],[-46.61533,-23.530381],[-46.616164,-23.531309],[-46.616276,-23.531389],[-46.618537,-23.532257],[-46.618607,-23.532312],[-46.618897,-23.532695],[-46.62031,-23.535098],[-46.620394,-23.535599],[-46.620393,-23.53619],[-46.620466,-23.537831],[-46.620421,-23.540247],[-46.620482,-23.540372],[-46.620577,-23.540453],[-46.621829,-23.541268],[-46.621914,-23.541395],[-46.621646,-23.543011],[-46.621486,-23.543401],[-46.621402,-23.54372],[-46.621412,-23.543884],[-46.621499,-23.544],[-46.62162,-23.544067],[-46.623657,-23.544491],[-46.623754,-23.544542],[-46.623802,-23.544619],[-46.622366,-23.549241],[-46.622169,-23.550157],[-46.622135,-23.550489],[-46.622153,-23.550717],[-46.622582,-23.553516],[-46.622126,-23.55693],[-46.622001,-23.558216],[-46.622012,-23.558264],[-46.622102,-23.558335],[-46.622594,-23.558426],[-46.62387,-23.558576],[-46.624197,-23.558629],[-46.624277,-23.558673],[-46.624907,-23.560536],[-46.625276,-23.561797],[-46.62527,-23.562],[-46.625433,-23.562555]]}},{"type":"Feature","properties":{"nome":"LT 230 kV Centro CTT - Centro CTR C1","tensao_kv":230.0,"concessionaria":"CTEEP - Companhia de Transmissão de Energia Elétrica Paulista","extensao_total_km":9.73470316,"ano_operacao":0,"fonte":"EPE/SIN — linhas de transmissão existentes"},"geometry":{"type":"LineString","coordinates":[[-46.721159,-23.513101],[-46.721171,-23.512925],[-46.721095,-23.512806],[-46.721114,-23.512599],[-46.721186,-23.512488],[-46.721261,-23.512453],[-46.721616,-23.512483],[-46.721634,-23.512455],[-46.720138,-23.510287],[-46.719522,-23.509759],[-46.719127,-23.509525],[-46.718523,-23.50929],[-46.717871,-23.509121],[-46.717265,-23.509039],[-46.716734,-23.509043],[-46.715019,-23.509139],[-46.711635,-23.509416],[-46.711377,-23.509355],[-46.708065,-23.509592],[-46.706873,-23.509609],[-46.704988,-23.509494],[-46.701911,-23.509233],[-46.700669,-23.509065],[-46.699282,-23.509018],[-46.696795,-23.508811],[-46.695684,-23.50883],[-46.69457,-23.508968],[-46.691425,-23.509579],[-46.690487,-23.509634],[-46.690142,-23.509684],[-46.689238,-23.50987],[-46.688454,-23.510141],[-46.686578,-23.510503],[-46.686363,-23.510492],[-46.685818,-23.510602],[-46.685034,-23.510767],[-46.68425,-23.511004],[-46.683628,-23.511238],[-46.683257,-23.511416],[-46.682698,-23.511743],[-46.680562,-23.513358],[-46.679652,-23.513924],[-46.679309,-23.514029],[-46.678762,-23.514259],[-46.678321,-23.514496],[-46.677441,-23.514729],[-46.676119,-23.51493],[-46.670001,-23.515684],[-46.668436,-23.515761],[-46.666686,-23.515951],[-46.666564,-23.515925],[-46.666165,-23.515976],[-46.664381,-23.516267],[-46.66381,-23.516408],[-46.659604,-23.516939],[-46.659173,-23.517047],[-46.657582,-23.517248],[-46.657151,-23.517354],[-46.656623,-23.517549],[-46.656432,-23.517672],[-46.656272,-23.517803],[-46.65576,-23.518364],[-46.655552,-23.518522],[-46.654518,-23.518876],[-46.653952,-23.518931],[-46.653295,-23.518921],[-46.653208,-23.518955],[-46.653042,-23.51921],[-46.652943,-23.51978],[-46.652807,-23.524872],[-46.652843,-23.525849],[-46.652799,-23.527886],[-46.652904,-23.528277],[-46.652992,-23.528386],[-46.654165,-23.52912],[-46.654173,-23.529166],[-46.651926,-23.532153],[-46.651786,-23.532386],[-46.650892,-23.533543],[-46.648912,-23.536277],[-46.648843,-23.536324],[-46.648664,-23.536313],[-46.64861,-23.536381]]}},{"type":"Feature","properties":{"nome":"LT 345 kV Norte - Miguel Reale C1","tensao_kv":345.0,"concessionaria":"CTEEP - Companhia de Transmissão de Energia Elétrica Paulista","extensao_total_km":14.41590557,"ano_operacao":0,"fonte":"EPE/SIN — linhas de transmissão existentes"},"geometry":{"type":"LineString","coordinates":[[-46.558974,-23.482607],[-46.559346,-23.482632],[-46.559458,-23.48269],[-46.559493,-23.482762],[-46.559378,-23.484582],[-46.559358,-23.48464],[-46.55927,-23.484685],[-46.558682,-23.484856],[-46.558554,-23.484927],[-46.558312,-23.486082],[-46.558294,-23.486945],[-46.558343,-23.48699],[-46.558787,-23.48699],[-46.558885,-23.487055],[-46.558905,-23.487904],[-46.558974,-23.488767],[-46.559139,-23.488924],[-46.55924,-23.48897],[-46.559767,-23.489034],[-46.561654,-23.489069],[-46.562189,-23.489118],[-46.564536,-23.489219],[-46.575976,-23.48947],[-46.576106,-23.489552],[-46.577858,-23.49127],[-46.581437,-23.494637],[-46.581499,-23.494625],[-46.581677,-23.494479],[-46.58291,-23.493397],[-46.582984,-23.493418],[-46.583132,-23.493548],[-46.584315,-23.494718],[-46.584396,-23.494753],[-46.58456,-23.494682],[-46.585516,-23.493886],[-46.585591,-23.493854],[-46.587112,-23.495351],[-46.589555,-23.497633],[-46.592471,-23.499172],[-46.59645,-23.497213],[-46.596493,-23.496975],[-46.596796,-23.496788],[-46.59685,-23.496774],[-46.596889,-23.496801],[-46.596911,-23.496848],[-46.596848,-23.498099],[-46.597121,-23.500316],[-46.597229,-23.500934],[-46.597183,-23.501056],[-46.597988,-23.504789],[-46.59805,-23.505186],[-46.598043,-23.505577],[-46.598143,-23.505793],[-46.598328,-23.505994],[-46.599389,-23.507366],[-46.599506,-23.507625],[-46.600095,-23.508658],[-46.600274,-23.508823],[-46.600846,-23.509834],[-46.600922,-23.510103],[-46.601595,-23.511287],[-46.60284,-23.513317],[-46.602943,-23.513323],[-46.606223,-23.512277],[-46.606396,-23.512328],[-46.606598,-23.512494],[-46.606917,-23.513261],[-46.608358,-23.516026],[-46.608559,-23.516226],[-46.608859,-23.516404],[-46.60909,-23.516684],[-46.609155,-23.516862],[-46.609177,-23.517419],[-46.609223,-23.517601],[-46.610071,-23.519566],[-46.610327,-23.520091],[-46.610553,-23.520369],[-46.610793,-23.520789],[-46.611013,-23.521604],[-46.611558,-23.524606],[-46.611753,-23.525863],[-46.611934,-23.526655],[-46.612002,-23.526764],[-46.613047,-23.527911],[-46.615359,-23.530353],[-46.616191,-23.531279],[-46.616295,-23.531354],[-46.618557,-23.532222],[-46.618634,-23.532282],[-46.618931,-23.532674],[-46.620348,-23.535083],[-46.620434,-23.535596],[-46.620433,-23.53619],[-46.620506,-23.53783],[-46.620461,-23.540237],[-46.620515,-23.540347],[-46.620601,-23.54042],[-46.621854,-23.541236],[-46.621912,-23.541287],[-46.621954,-23.541393],[-46.621685,-23.543022],[-46.621524,-23.543414],[-46.621442,-23.543726],[-46.62145,-23.543868],[-46.621526,-23.543969],[-46.621634,-23.544029],[-46.62367,-23.544453],[-46.623783,-23.544513],[-46.623843,-23.544609],[-46.623839,-23.544698],[-46.622404,-23.549252],[-46.622209,-23.550163],[-46.622175,-23.550489],[-46.622193,-23.550713],[-46.622622,-23.553518],[-46.622166,-23.556935],[-46.622041,-23.558211],[-46.622115,-23.558296],[-46.6226,-23.558386],[-46.624205,-23.558589],[-46.624312,-23.558654],[-46.624945,-23.560524],[-46.625317,-23.561792],[-46.62531,-23.561993],[-46.625471,-23.562544]]}},{"type":"Feature","properties":{"nome":"LT 230 kV Centro CTT - Centro CTR C2","tensao_kv":230.0,"concessionaria":"CTEEP - Companhia de Transmissão de Energia Elétrica Paulista","extensao_total_km":9.74580386,"ano_operacao":0,"fonte":"EPE/SIN — linhas de transmissão existentes"},"geometry":{"type":"LineString","coordinates":[[-46.721199,-23.513106],[-46.721213,-23.512912],[-46.721135,-23.512799],[-46.721152,-23.512613],[-46.721215,-23.512516],[-46.721262,-23.512494],[-46.721619,-23.512523],[-46.72167,-23.51249],[-46.721675,-23.51245],[-46.720168,-23.51026],[-46.719545,-23.509726],[-46.719146,-23.509489],[-46.718535,-23.509252],[-46.717879,-23.509081],[-46.717268,-23.508999],[-46.716733,-23.509003],[-46.715016,-23.509099],[-46.711638,-23.509375],[-46.711381,-23.509314],[-46.708063,-23.509552],[-46.706874,-23.509569],[-46.704992,-23.509454],[-46.701915,-23.509194],[-46.700672,-23.509025],[-46.699281,-23.508977],[-46.696797,-23.508771],[-46.695682,-23.50879],[-46.694563,-23.508929],[-46.691419,-23.50954],[-46.690483,-23.509595],[-46.690135,-23.509645],[-46.689228,-23.509832],[-46.688444,-23.510102],[-46.686574,-23.510464],[-46.686357,-23.510452],[-46.68581,-23.510562],[-46.685024,-23.510728],[-46.684238,-23.510966],[-46.683612,-23.511202],[-46.683239,-23.511381],[-46.682676,-23.511709],[-46.680539,-23.513326],[-46.679635,-23.513888],[-46.679296,-23.513991],[-46.678745,-23.514223],[-46.678307,-23.514458],[-46.677432,-23.51469],[-46.676114,-23.514891],[-46.669997,-23.515644],[-46.668433,-23.515721],[-46.666688,-23.51591],[-46.666566,-23.515884],[-46.66616,-23.515936],[-46.664373,-23.516227],[-46.663802,-23.516369],[-46.659597,-23.5169],[-46.659165,-23.517007],[-46.657576,-23.517208],[-46.657139,-23.517316],[-46.656604,-23.517514],[-46.656408,-23.517639],[-46.656244,-23.517775],[-46.655733,-23.518334],[-46.655533,-23.518486],[-46.654509,-23.518837],[-46.653951,-23.518891],[-46.653288,-23.518881],[-46.653181,-23.518924],[-46.653004,-23.519194],[-46.652903,-23.519777],[-46.652767,-23.524872],[-46.652803,-23.525848],[-46.652759,-23.527892],[-46.652868,-23.528297],[-46.652964,-23.528416],[-46.654131,-23.52916],[-46.651893,-23.532131],[-46.651753,-23.532363],[-46.65086,-23.533519],[-46.648881,-23.536251],[-46.648834,-23.536285],[-46.64864,-23.536279],[-46.648579,-23.536356]]}},{"type":"Feature","properties":{"nome":"LT 440 kV Gerdau SP - Jandira C1","tensao_kv":440.0,"concessionaria":"CTEEP - Companhia de Transmissão de Energia Elétrica Paulista","extensao_total_km":29.94421575,"ano_operacao":2012,"fonte":"EPE/SIN — linhas de transmissão existentes"},"geometry":{"type":"LineString","coordinates":[[-46.907086,-23.562838],[-46.907432,-23.562732],[-46.907947,-23.562681],[-46.908671,-23.562967],[-46.923613,-23.568291],[-46.927,-23.573028],[-46.932504,-23.580903],[-46.941291,-23.584448],[-46.944278,-23.587859],[-46.962332,-23.602431],[-46.966041,-23.603221],[-46.970691,-23.597977],[-46.978258,-23.58922],[-46.986765,-23.579512],[-47.001553,-23.563951],[-47.018352,-23.546009],[-47.033937,-23.529508],[-47.037447,-23.522143],[-47.045204,-23.506332],[-47.05,-23.496312]]}},{"type":"Feature","properties":{"nome":"LT 345 kV Milton Fornasaro - Anhanguera C1","tensao_kv":345.0,"concessionaria":"CTEEP - Companhia de Transmissão de Energia Elétrica Paulista","extensao_total_km":4.74590935,"ano_operacao":2007,"fonte":"EPE/SIN — linhas de transmissão existentes"},"geometry":{"type":"LineString","coordinates":[[-46.752426,-23.528114],[-46.752521,-23.528117],[-46.753407,-23.527644],[-46.755067,-23.527445],[-46.757851,-23.527977],[-46.758324,-23.528138],[-46.759325,-23.528027],[-46.760721,-23.522181],[-46.761499,-23.519136],[-46.762902,-23.513229],[-46.76368,-23.510199],[-46.764108,-23.508371],[-46.7648,-23.505077],[-46.766303,-23.499084],[-46.767493,-23.496109],[-46.768018,-23.494881],[-46.768855,-23.493499],[-46.768744,-23.493213]]}},{"type":"Feature","properties":{"nome":"LT 345 kV Milton Fornasaro - Anhanguera C2","tensao_kv":345.0,"concessionaria":"CTEEP - Companhia de Transmissão de Energia Elétrica Paulista","extensao_total_km":4.70533109,"ano_operacao":2007,"fonte":"EPE/SIN — linhas de transmissão existentes"},"geometry":{"type":"LineString","coordinates":[[-46.752452,-23.527954],[-46.752518,-23.527963],[-46.753413,-23.527555],[-46.755067,-23.527352],[-46.757893,-23.527884],[-46.759229,-23.527967],[-46.762827,-23.513174],[-46.76361,-23.510135],[-46.764729,-23.505091],[-46.766214,-23.499097],[-46.767064,-23.49693],[-46.767947,-23.4948],[-46.768701,-23.493521],[-46.768594,-23.493324]]}},{"type":"Feature","properties":{"nome":"LT 230 kV Anhanguera - Centro - CTT C1","tensao_kv":230.0,"concessionaria":"CTEEP - Companhia de Transmissão de Energia Elétrica Paulista","extensao_total_km":6.13489228,"ano_operacao":0,"fonte":"EPE/SIN — linhas de transmissão existentes"},"geometry":{"type":"LineString","coordinates":[[-46.768225,-23.493475],[-46.767904,-23.493619],[-46.766575,-23.493461],[-46.751179,-23.493105],[-46.736076,-23.497488],[-46.734522,-23.497613],[-46.727309,-23.498428],[-46.726006,-23.500373],[-46.724984,-23.501039],[-46.723794,-23.503276],[-46.724688,-23.506501],[-46.723383,-23.511216],[-46.721867,-23.51312],[-46.721553,-23.513123]]}},{"type":"Feature","properties":{"nome":"LT 230 kV Anhanguera - Centro - CTT C2","tensao_kv":230.0,"concessionaria":"CTEEP - Companhia de Transmissão de Energia Elétrica Paulista","extensao_total_km":6.1218936,"ano_operacao":0,"fonte":"EPE/SIN — linhas de transmissão existentes"},"geometry":{"type":"LineString","coordinates":[[-46.721578,-23.512989],[-46.721828,-23.513],[-46.72328,-23.511177],[-46.724594,-23.506506],[-46.723712,-23.503267],[-46.724919,-23.500972],[-46.725936,-23.500313],[-46.72725,-23.498345],[-46.734495,-23.497541],[-46.736052,-23.497414],[-46.751148,-23.493026],[-46.766592,-23.493388],[-46.767892,-23.493529],[-46.768173,-23.493416]]}},{"type":"Feature","properties":{"nome":"LT 230 kV Edgard Souza - Pirituba C1","tensao_kv":230.0,"concessionaria":"CTEEP - Companhia de Transmissão de Energia Elétrica Paulista","extensao_total_km":21.23438753,"ano_operacao":0,"fonte":"EPE/SIN — linhas de transmissão existentes"},"geometry":{"type":"LineString","coordinates":[[-46.709886,-23.50071],[-46.709992,-23.500294],[-46.713419,-23.499948],[-46.722347,-23.498946],[-46.726124,-23.498362],[-46.736166,-23.497261],[-46.740636,-23.495997],[-46.751182,-23.492921],[-46.766635,-23.493273],[-46.767449,-23.492969],[-46.767528,-23.493141],[-46.768699,-23.492531],[-46.76909,-23.492645],[-46.769814,-23.492632],[-46.770746,-23.491736],[-46.772602,-23.492576],[-46.774199,-23.493442],[-46.792501,-23.493807],[-46.846619,-23.473849],[-46.870086,-23.465279],[-46.87945,-23.461914],[-46.886886,-23.459176],[-46.89546,-23.456014],[-46.90526,-23.452233],[-46.905714,-23.452591],[-46.906144,-23.452338]]}},{"type":"Feature","properties":{"nome":"LT 230 kV Edgard Souza - Pirituba C2","tensao_kv":230.0,"concessionaria":"CTEEP - Companhia de Transmissão de Energia Elétrica Paulista","extensao_total_km":21.22819031,"ano_operacao":0,"fonte":"EPE/SIN — linhas de transmissão existentes"},"geometry":{"type":"LineString","coordinates":[[-46.709612,-23.500486],[-46.709958,-23.500221],[-46.713416,-23.499877],[-46.722309,-23.498886],[-46.726106,-23.498284],[-46.73615,-23.497182],[-46.740624,-23.495923],[-46.751178,-23.492847],[-46.766622,-23.493206],[-46.767426,-23.492885],[-46.767622,-23.493034],[-46.768759,-23.492446],[-46.769082,-23.492545],[-46.769755,-23.492543],[-46.770713,-23.491611],[-46.772719,-23.492528],[-46.774199,-23.493365],[-46.792484,-23.493747],[-46.83189,-23.47921],[-46.840888,-23.47586],[-46.870068,-23.465197],[-46.881755,-23.460986],[-46.887732,-23.458787],[-46.895428,-23.455946],[-46.905276,-23.452162],[-46.9057,-23.452526],[-46.906056,-23.452263]]}},{"type":"Feature","properties":{"nome":"LT 230 kV Anhanguera - Edgard Souza C2","tensao_kv":230.0,"concessionaria":"CTEEP - Companhia de Transmissão de Energia Elétrica Paulista","extensao_total_km":15.12508189,"ano_operacao":0,"fonte":"EPE/SIN — linhas de transmissão existentes"},"geometry":{"type":"LineString","coordinates":[[-46.907461,-23.453283],[-46.907095,-23.453561],[-46.90635,-23.453669],[-46.905271,-23.452431],[-46.895485,-23.45619],[-46.887907,-23.459009],[-46.880373,-23.461786],[-46.864938,-23.467335],[-46.849602,-23.472958],[-46.805864,-23.489077],[-46.79254,-23.494015],[-46.769587,-23.493511],[-46.769036,-23.493275]]}},{"type":"Feature","properties":{"nome":"LT 230 kV Anhanguera - Edgard Souza C1","tensao_kv":230.0,"concessionaria":"CTEEP - Companhia de Transmissão de Energia Elétrica Paulista","extensao_total_km":15.10938107,"ano_operacao":0,"fonte":"EPE/SIN — linhas de transmissão existentes"},"geometry":{"type":"LineString","coordinates":[[-46.907253,-23.453141],[-46.907062,-23.453503],[-46.906374,-23.453606],[-46.905294,-23.452369],[-46.895438,-23.456112],[-46.88184,-23.461162],[-46.87016,-23.465379],[-46.840952,-23.476047],[-46.792531,-23.493937],[-46.769584,-23.493456],[-46.769128,-23.493204]]}},{"type":"Feature","properties":{"nome":"LT 345 kV Anhanguera - Guarulhos C2","tensao_kv":345.0,"concessionaria":"CTEEP - Companhia de Transmissão de Energia Elétrica Paulista","extensao_total_km":21.35174901,"ano_operacao":2007,"fonte":"EPE/SIN — linhas de transmissão existentes"},"geometry":{"type":"LineString","coordinates":[[-46.584897,-23.443797],[-46.584755,-23.443986],[-46.584997,-23.444179],[-46.585836,-23.443737],[-46.58752,-23.442427],[-46.59106,-23.439788],[-46.593347,-23.437968],[-46.618944,-23.438059],[-46.623701,-23.440034],[-46.627168,-23.443236],[-46.630184,-23.445646],[-46.631608,-23.446059],[-46.634946,-23.446748],[-46.640772,-23.448804],[-46.644672,-23.448179],[-46.65363,-23.446386],[-46.655543,-23.445943],[-46.659288,-23.445456],[-46.662012,-23.447392],[-46.664705,-23.449186],[-46.667093,-23.450376],[-46.66816,-23.450814],[-46.66963,-23.451007],[-46.673196,-23.451816],[-46.680056,-23.453466],[-46.696673,-23.452554],[-46.70119,-23.453754],[-46.703849,-23.454404],[-46.736187,-23.462765],[-46.739517,-23.465216],[-46.756066,-23.477147],[-46.762244,-23.482942],[-46.764268,-23.488997],[-46.767986,-23.492194],[-46.768423,-23.492591],[-46.768638,-23.492932]]}},{"type":"Feature","properties":{"nome":"LT 345 kV Anhanguera - Guarulhos C1","tensao_kv":345.0,"concessionaria":"CTEEP - Companhia de Transmissão de Energia Elétrica Paulista","extensao_total_km":21.32499099,"ano_operacao":2007,"fonte":"EPE/SIN — linhas de transmissão existentes"},"geometry":{"type":"LineString","coordinates":[[-46.585083,-23.443908],[-46.58502,-23.444074],[-46.585807,-23.443665],[-46.587381,-23.442395],[-46.591,-23.4397],[-46.59331,-23.437855],[-46.617466,-23.437976],[-46.619012,-23.437955],[-46.623777,-23.439946],[-46.627222,-23.443149],[-46.630258,-23.445557],[-46.631657,-23.445947],[-46.634979,-23.446642],[-46.640785,-23.448712],[-46.644644,-23.448089],[-46.65351,-23.446318],[-46.655523,-23.445852],[-46.659345,-23.445348],[-46.662034,-23.447256],[-46.664789,-23.449098],[-46.667092,-23.450254],[-46.66823,-23.450711],[-46.669662,-23.450906],[-46.673222,-23.451701],[-46.680056,-23.453362],[-46.6854,-23.4531],[-46.696678,-23.452453],[-46.700829,-23.453574],[-46.703774,-23.45428],[-46.732856,-23.46179],[-46.736244,-23.462689],[-46.739604,-23.465164],[-46.744377,-23.468542],[-46.74788,-23.471117],[-46.756132,-23.47707],[-46.762342,-23.482891],[-46.764369,-23.488958],[-46.768096,-23.492138],[-46.7688,-23.492827]]}},{"type":"Feature","properties":{"nome":"LT 345 kV Guarulhos - Norte C1","tensao_kv":345.0,"concessionaria":"CTEEP - Companhia de Transmissão de Energia Elétrica Paulista","extensao_total_km":5.10535607,"ano_operacao":0,"fonte":"EPE/SIN — linhas de transmissão existentes"},"geometry":{"type":"LineString","coordinates":[[-46.558628,-23.481705],[-46.558643,-23.481318],[-46.559053,-23.480354],[-46.559523,-23.479646],[-46.560142,-23.476071],[-46.560564,-23.473924],[-46.566941,-23.465911],[-46.569255,-23.462883],[-46.570796,-23.459308],[-46.57816,-23.452181],[-46.583431,-23.445584],[-46.584728,-23.443645]]}},{"type":"Feature","properties":{"nome":"LT 345 kV Guarulhos - Norte C2","tensao_kv":345.0,"concessionaria":"CTEEP - Companhia de Transmissão de Energia Elétrica Paulista","extensao_total_km":5.11699692,"ano_operacao":1999,"fonte":"EPE/SIN — linhas de transmissão existentes"},"geometry":{"type":"LineString","coordinates":[[-46.558399,-23.481699],[-46.558429,-23.481294],[-46.558946,-23.480301],[-46.55944,-23.479587],[-46.560469,-23.473882],[-46.566834,-23.465869],[-46.569166,-23.462835],[-46.570671,-23.459272],[-46.575365,-23.454757],[-46.578095,-23.452086],[-46.583366,-23.445513],[-46.58452,-23.443526]]}},{"type":"Feature","properties":{"nome":"LT 345 kV Itapeti - Santo Ângelo, C1","tensao_kv":345.0,"concessionaria":"CTEEP - Companhia de Transmissão de Energia Elétrica Paulista","extensao_total_km":13.29916798,"ano_operacao":0,"fonte":"EPE/SIN — linhas de transmissão existentes"},"geometry":{"type":"LineString","coordinates":[[-46.253882,-23.588341],[-46.253991,-23.589298],[-46.253597,-23.590402],[-46.251384,-23.591444],[-46.244199,-23.594955],[-46.235629,-23.5992],[-46.22158,-23.600451],[-46.206411,-23.601894],[-46.196341,-23.602784],[-46.192545,-23.603713],[-46.191966,-23.603502],[-46.189869,-23.597149],[-46.185235,-23.582819],[-46.1843,-23.580024],[-46.176917,-23.55729],[-46.175052,-23.551422],[-46.176451,-23.548724],[-46.176883,-23.548024]]}},{"type":"Feature","properties":{"nome":"LT 230 kV Itapeti - Mogi C1","tensao_kv":230.0,"concessionaria":"CTEEP - Companhia de Transmissão de Energia Elétrica Paulista","extensao_total_km":1.21331009,"ano_operacao":0,"fonte":"EPE/SIN — linhas de transmissão existentes"},"geometry":{"type":"LineString","coordinates":[[-46.181275,-23.548673],[-46.180411,-23.548665],[-46.180141,-23.548261],[-46.17958,-23.547622],[-46.175502,-23.544856],[-46.173994,-23.543896],[-46.173395,-23.544643],[-46.173683,-23.545643],[-46.174175,-23.545865]]}},{"type":"Feature","properties":{"nome":"LT 230 kV Mogi - Mogi das Cruzes C1","tensao_kv":230.0,"concessionaria":"CTEEP - Companhia de Transmissão de Energia Elétrica Paulista","extensao_total_km":5.69133236,"ano_operacao":0,"fonte":"EPE/SIN — linhas de transmissão existentes"},"geometry":{"type":"LineString","coordinates":[[-46.168727,-23.505258],[-46.168078,-23.505728],[-46.166463,-23.508083],[-46.162804,-23.518949],[-46.161658,-23.52163],[-46.162124,-23.523892],[-46.162971,-23.526964],[-46.169758,-23.535882],[-46.173916,-23.542784],[-46.174078,-23.543813],[-46.175584,-23.544781],[-46.17685,-23.545689],[-46.179642,-23.547567],[-46.180245,-23.548204],[-46.181088,-23.54812]]}},{"type":"Feature","properties":{"nome":"LT 345 kV Itapeti - Mogi das Cruzes C2","tensao_kv":345.0,"concessionaria":"CTEEP - Companhia de Transmissão de Energia Elétrica Paulista","extensao_total_km":5.32825804,"ano_operacao":1999,"fonte":"EPE/SIN — linhas de transmissão existentes"},"geometry":{"type":"LineString","coordinates":[[-46.175472,-23.546652],[-46.175867,-23.545724],[-46.17441,-23.543005],[-46.170121,-23.535831],[-46.163137,-23.526664],[-46.162357,-23.523424],[-46.162988,-23.519222],[-46.166557,-23.508818],[-46.169062,-23.50701],[-46.17018,-23.505392],[-46.170466,-23.504363]]}},{"type":"Feature","properties":{"nome":"LT 230 kV Itapeti - Mogi das Cruzes C3","tensao_kv":230.0,"concessionaria":"CTEEP - Companhia de Transmissão de Energia Elétrica Paulista","extensao_total_km":5.10706829,"ano_operacao":2012,"fonte":"EPE/SIN — linhas de transmissão existentes"},"geometry":{"type":"LineString","coordinates":[[-46.168353,-23.505026],[-46.168024,-23.505676],[-46.166368,-23.508028],[-46.162718,-23.518897],[-46.161545,-23.521627],[-46.162025,-23.523958],[-46.162882,-23.527014],[-46.169673,-23.535921],[-46.173802,-23.542795],[-46.173971,-23.543782],[-46.173292,-23.544617],[-46.173594,-23.545712],[-46.174103,-23.545976]]}},{"type":"Feature","properties":{"nome":"LT 345 kV Itapeti - Mogi das Cruzes C1","tensao_kv":345.0,"concessionaria":"CTEEP - Companhia de Transmissão de Energia Elétrica Paulista","extensao_total_km":5.33564854,"ano_operacao":0,"fonte":"EPE/SIN — linhas de transmissão existentes"},"geometry":{"type":"LineString","coordinates":[[-46.175258,-23.546556],[-46.175748,-23.545747],[-46.174303,-23.543053],[-46.170031,-23.535914],[-46.163042,-23.5267],[-46.162254,-23.523431],[-46.162875,-23.519187],[-46.166456,-23.508741],[-46.168985,-23.506926],[-46.170091,-23.505338],[-46.170073,-23.504612],[-46.17024,-23.50425]]}},{"type":"Feature","properties":{"nome":"LT 345 kV Nordeste - Itapeti C1","tensao_kv":345.0,"concessionaria":"FURNAS - Furnas Centrais Elétricas S.A.","extensao_total_km":29.36246431,"ano_operacao":2014,"fonte":"EPE/SIN — linhas de transmissão existentes"},"geometry":{"type":"LineString","coordinates":[[-46.380725,-23.45409],[-46.380034,-23.453519],[-46.379128,-23.452538],[-46.373812,-23.450813],[-46.365565,-23.446415],[-46.363692,-23.446071],[-46.361383,-23.446589],[-46.358615,-23.446688],[-46.354979,-23.446464],[-46.348323,-23.44682],[-46.343554,-23.445179],[-46.334099,-23.449168],[-46.330048,-23.45045],[-46.326708,-23.45224],[-46.320238,-23.453902],[-46.316526,-23.453022],[-46.301676,-23.453361],[-46.297092,-23.453346],[-46.291876,-23.454231],[-46.288432,-23.4566],[-46.283936,-23.45642],[-46.279939,-23.456198],[-46.277582,-23.455891],[-46.275416,-23.455497],[-46.271354,-23.456054],[-46.266512,-23.455112],[-46.261359,-23.457751],[-46.256098,-23.460393],[-46.246401,-23.46321],[-46.239414,-23.465199],[-46.23491,-23.466536],[-46.228361,-23.468542],[-46.20965,-23.473843],[-46.205605,-23.475087],[-46.195949,-23.477918],[-46.194022,-23.478807],[-46.19173,-23.48097],[-46.187172,-23.485409],[-46.184889,-23.487507],[-46.181448,-23.490829],[-46.176106,-23.495914],[-46.172769,-23.50388],[-46.169701,-23.506761],[-46.166866,-23.508819],[-46.16556,-23.51247],[-46.163232,-23.519223],[-46.162255,-23.521132],[-46.161425,-23.522657],[-46.162937,-23.528178],[-46.164588,-23.533837],[-46.168201,-23.537455],[-46.169064,-23.539943],[-46.172185,-23.542184],[-46.172834,-23.543031],[-46.175143,-23.545485],[-46.175225,-23.54617],[-46.175043,-23.546449]]}},{"type":"Feature","properties":{"nome":"LT 440 kV Água Azul - Santo Ângelo, C1","tensao_kv":440.0,"concessionaria":"CTEEP - Companhia de Transmissão de Energia Elétrica Paulista","extensao_total_km":33.47776525,"ano_operacao":2019,"fonte":"EPE/SIN — linhas de transmissão existentes"},"geometry":{"type":"LineString","coordinates":[[-46.400403,-23.373782],[-46.398386,-23.371666],[-46.390021,-23.373718],[-46.378814,-23.376371],[-46.366512,-23.379381],[-46.341409,-23.381523],[-46.330582,-23.382498],[-46.320196,-23.383355],[-46.311059,-23.384211],[-46.300375,-23.393313],[-46.293606,-23.406935],[-46.287931,-23.418571],[-46.286753,-23.424567],[-46.284695,-23.433942],[-46.28285,-23.442068],[-46.281827,-23.447077],[-46.280459,-23.453144],[-46.270049,-23.46967],[-46.257236,-23.511346],[-46.254582,-23.518651],[-46.251798,-23.526194],[-46.248991,-23.534046],[-46.244434,-23.546419],[-46.246992,-23.557472],[-46.250978,-23.575294],[-46.254761,-23.580374],[-46.254666,-23.583682],[-46.254559,-23.58499]]}},{"type":"Feature","properties":{"nome":"LT 345 kV Nordeste - Mogi das Cruzes C1","tensao_kv":345.0,"concessionaria":"FURNAS - Furnas Centrais Elétricas S.A.","extensao_total_km":25.25227897,"ano_operacao":1999,"fonte":"EPE/SIN — linhas de transmissão existentes"},"geometry":{"type":"LineString","coordinates":[[-46.38088,-23.45389],[-46.3801,-23.452567],[-46.37388,-23.450588],[-46.363168,-23.444862],[-46.357043,-23.441626],[-46.352555,-23.438409],[-46.349305,-23.436144],[-46.339211,-23.428958],[-46.337832,-23.430873],[-46.332468,-23.43814],[-46.319243,-23.442094],[-46.304016,-23.439392],[-46.300902,-23.438877],[-46.294189,-23.442383],[-46.28753,-23.445978],[-46.283691,-23.447998],[-46.280029,-23.450012],[-46.273682,-23.453613],[-46.268494,-23.456604],[-46.263473,-23.459602],[-46.261232,-23.460844],[-46.256104,-23.460693],[-46.251099,-23.462219],[-46.246521,-23.463501],[-46.224774,-23.469886],[-46.210999,-23.473816],[-46.195445,-23.478414],[-46.186422,-23.487061],[-46.18201,-23.491354],[-46.179626,-23.493591],[-46.176575,-23.496582],[-46.173096,-23.499878],[-46.171783,-23.501172],[-46.170774,-23.502518],[-46.170308,-23.503242]]}},{"type":"Feature","properties":{"nome":"LT 500 kV Tijuco Preto - Taubaté C1","tensao_kv":500.0,"concessionaria":"FURNAS - Furnas Centrais Elétricas S.A.","extensao_total_km":106.23186458,"ano_operacao":0,"fonte":"EPE/SIN — linhas de transmissão existentes"},"geometry":{"type":"LineString","coordinates":[[-46.271009,-23.708235],[-46.268175,-23.703158],[-46.266632,-23.700561],[-46.261715,-23.694916],[-46.257134,-23.689721],[-46.253213,-23.685332],[-46.24453,-23.675364],[-46.240384,-23.670535],[-46.239185,-23.669227],[-46.235227,-23.655297],[-46.234469,-23.652373],[-46.23678,-23.642405],[-46.238004,-23.636732],[-46.239273,-23.621412],[-46.239813,-23.614453],[-46.241311,-23.605895],[-46.241814,-23.602694],[-46.239684,-23.601126],[-46.238238,-23.601593],[-46.237791,-23.601365],[-46.23506,-23.602024],[-46.232529,-23.602476],[-46.220223,-23.604806],[-46.205345,-23.607659],[-46.190418,-23.61039],[-46.187274,-23.608076],[-46.154548,-23.574234],[-46.15,-23.561691]]}},{"type":"Feature","properties":{"nome":"LT 345 kV Guarulhos - Nordeste C1","tensao_kv":345.0,"concessionaria":"FURNAS - Furnas Centrais Elétricas S.A.","extensao_total_km":34.82698336,"ano_operacao":0,"fonte":"EPE/SIN — linhas de transmissão existentes"},"geometry":{"type":"LineString","coordinates":[[-46.585007,-23.441526],[-46.582024,-23.439515],[-46.576659,-23.439164],[-46.573975,-23.435303],[-46.571317,-23.431365],[-46.568115,-23.428223],[-46.563599,-23.427429],[-46.549545,-23.424798],[-46.543846,-23.423816],[-46.5401,-23.422424],[-46.523499,-23.416382],[-46.514282,-23.413086],[-46.510617,-23.411455],[-46.495178,-23.404785],[-46.489285,-23.402199],[-46.46698,-23.392517],[-46.460815,-23.389893],[-46.457397,-23.388489],[-46.450623,-23.38562],[-46.442688,-23.383118],[-46.43219,-23.3797],[-46.421509,-23.376282],[-46.414307,-23.374023],[-46.408386,-23.37561],[-46.397583,-23.378784],[-46.384705,-23.382324],[-46.375958,-23.384813],[-46.371277,-23.387878],[-46.368177,-23.389846],[-46.357605,-23.402527],[-46.354452,-23.406147],[-46.353516,-23.407898],[-46.35199,-23.410889],[-46.350281,-23.413879],[-46.345398,-23.420593],[-46.342896,-23.423889],[-46.341187,-23.426208],[-46.339292,-23.428858],[-46.357105,-23.441541],[-46.363253,-23.444782],[-46.373918,-23.450497],[-46.380147,-23.452482],[-46.381304,-23.453628]]}},{"type":"Feature","properties":{"nome":"LT 230 kV Edgard Souza - Toyota C1","tensao_kv":230.0,"concessionaria":"CTEEP - Companhia de Transmissão de Energia Elétrica Paulista","extensao_total_km":66.62157434,"ano_operacao":2012,"fonte":"EPE/SIN — linhas de transmissão existentes"},"geometry":{"type":"LineString","coordinates":[[-46.907656,-23.453438],[-46.907444,-23.453845],[-46.90768,-23.454146],[-46.910337,-23.456388],[-46.921138,-23.454601],[-46.927533,-23.45183],[-46.933939,-23.444318],[-46.951148,-23.423956],[-46.961608,-23.41573],[-46.9637,-23.414028],[-47.000498,-23.408848],[-47.007823,-23.407614],[-47.017586,-23.406498],[-47.032082,-23.404928],[-47.045409,-23.397479],[-47.05,-23.395681]]}},{"type":"Feature","properties":{"nome":"LT 230 kV Cabreúva - Edgard Souza C5","tensao_kv":230.0,"concessionaria":"CTEEP - Companhia de Transmissão de Energia Elétrica Paulista","extensao_total_km":32.67128737,"ano_operacao":0,"fonte":"EPE/SIN — linhas de transmissão existentes"},"geometry":{"type":"LineString","coordinates":[[-47.05,-23.391677],[-47.031802,-23.40315],[-46.991671,-23.409556],[-46.956648,-23.412665],[-46.92343,-23.426228],[-46.905123,-23.43366],[-46.903398,-23.438582],[-46.908003,-23.449606],[-46.90749,-23.451013],[-46.906918,-23.452164]]}},{"type":"Feature","properties":{"nome":"LT 230 kV Cabreúva - Edgard Souza C4","tensao_kv":230.0,"concessionaria":"CTEEP - Companhia de Transmissão de Energia Elétrica Paulista","extensao_total_km":32.673737,"ano_operacao":0,"fonte":"EPE/SIN — linhas de transmissão existentes"},"geometry":{"type":"LineString","coordinates":[[-47.05,-23.391571],[-47.031772,-23.403074],[-46.99164,-23.409476],[-46.956635,-23.412594],[-46.905052,-23.433603],[-46.903281,-23.438585],[-46.907899,-23.449598],[-46.907395,-23.45099],[-46.906827,-23.45209]]}},{"type":"Feature","properties":{"nome":"LT 230 kV Cabreúva - Edgard Souza C3","tensao_kv":230.0,"concessionaria":"CTEEP - Companhia de Transmissão de Energia Elétrica Paulista","extensao_total_km":32.69933525,"ano_operacao":0,"fonte":"EPE/SIN — linhas de transmissão existentes"},"geometry":{"type":"LineString","coordinates":[[-47.05,-23.3911],[-47.031619,-23.402729],[-46.991288,-23.409154],[-46.95656,-23.412211],[-46.9047,-23.433356],[-46.902887,-23.438604],[-46.90749,-23.449627],[-46.907185,-23.451117],[-46.906746,-23.452046]]}},{"type":"Feature","properties":{"nome":"LT 230 kV Cabreúva - Edgard Souza C2","tensao_kv":230.0,"concessionaria":"CTEEP - Companhia de Transmissão de Energia Elétrica Paulista","extensao_total_km":32.69956353,"ano_operacao":0,"fonte":"EPE/SIN — linhas de transmissão existentes"},"geometry":{"type":"LineString","coordinates":[[-47.05,-23.390981],[-47.031574,-23.402626],[-46.991298,-23.40907],[-46.956515,-23.412129],[-46.904639,-23.433281],[-46.902782,-23.438603],[-46.907387,-23.449615],[-46.907099,-23.451084],[-46.906645,-23.451952]]}},{"type":"Feature","properties":{"nome":"LT 500 kV Itatiba - Ibiúna C1","tensao_kv":500.0,"concessionaria":"FURNAS - Furnas Centrais Elétricas S.A.","extensao_total_km":87.24094839,"ano_operacao":2012,"fonte":"EPE/SIN — linhas de transmissão existentes"},"geometry":{"type":"LineString","coordinates":[[-46.916126,-23.05],[-46.918638,-23.053758],[-46.923353,-23.060539],[-46.926459,-23.064866],[-46.929909,-23.069827],[-46.928993,-23.079773],[-46.93081,-23.082753],[-46.93354,-23.085805],[-46.938551,-23.087098],[-46.940133,-23.088369],[-46.945701,-23.092978],[-46.949295,-23.095869],[-46.950878,-23.097081],[-46.95496,-23.099184],[-46.958624,-23.100965],[-46.961424,-23.102811],[-46.972212,-23.114864],[-46.975522,-23.118598],[-46.977663,-23.121087],[-46.984234,-23.129053],[-46.986514,-23.131596],[-46.988649,-23.134316],[-46.991154,-23.137325],[-46.994603,-23.141365],[-46.99663,-23.143614],[-46.999628,-23.147219],[-47.003827,-23.152169],[-47.007274,-23.156406],[-47.022933,-23.173986],[-47.024469,-23.175618],[-47.026093,-23.1778],[-47.031672,-23.184897],[-47.03457,-23.189502],[-47.04107,-23.200223],[-47.043231,-23.203303],[-47.045571,-23.206505],[-47.047915,-23.209841],[-47.05,-23.212678]]}},{"type":"Feature","properties":{"nome":"LT 230 kV Itapeti - São José dos Campos C1","tensao_kv":230.0,"concessionaria":"CTEEP - Companhia de Transmissão de Energia Elétrica Paulista","extensao_total_km":50.18609419,"ano_operacao":2012,"fonte":"EPE/SIN — linhas de transmissão existentes"},"geometry":{"type":"LineString","coordinates":[[-46.15,-23.529025],[-46.166436,-23.538358],[-46.171931,-23.54234],[-46.172816,-23.544274],[-46.173539,-23.545971],[-46.174021,-23.546131]]}},{"type":"Feature","properties":{"nome":"LT 230 kV São José dos Campos - Mogi Cruzes C2","tensao_kv":230.0,"concessionaria":"CTEEP - Companhia de Transmissão de Energia Elétrica Paulista","extensao_total_km":50.09637375,"ano_operacao":0,"fonte":"EPE/SIN — linhas de transmissão existentes"},"geometry":{"type":"LineString","coordinates":[[-46.15,-23.445162],[-46.152634,-23.4519],[-46.159837,-23.469863],[-46.165123,-23.493036],[-46.16896,-23.503824],[-46.168539,-23.504457]]}},{"type":"Feature","properties":{"nome":"LT 500 kV Tijuco Preto - Lorena, C1","tensao_kv":500.0,"concessionaria":"CPTE - Cachoeira Paulista Transmissora de Energia S/A.","extensao_total_km":164.37435608,"ano_operacao":2021,"fonte":"EPE/SIN — linhas de transmissão existentes"},"geometry":{"type":"LineString","coordinates":[[-46.15,-23.563721],[-46.151622,-23.56818],[-46.154149,-23.574948],[-46.158808,-23.579588],[-46.163551,-23.584504],[-46.167261,-23.588277],[-46.173502,-23.594806],[-46.17747,-23.598907],[-46.182376,-23.604326],[-46.187486,-23.609647],[-46.194407,-23.616998],[-46.196385,-23.618992],[-46.199304,-23.622358],[-46.205094,-23.62954],[-46.208795,-23.634003],[-46.212001,-23.638343],[-46.218924,-23.647497],[-46.223847,-23.654095],[-46.232171,-23.665084],[-46.236047,-23.670071],[-46.238736,-23.67378],[-46.240866,-23.676869],[-46.246069,-23.684232],[-46.249221,-23.689279],[-46.253886,-23.696463],[-46.257283,-23.701873],[-46.258895,-23.704567],[-46.26231,-23.705167],[-46.266915,-23.706174],[-46.269571,-23.707913],[-46.270128,-23.708716]]}},{"type":"Feature","properties":{"nome":"LT 500 kV Cachoeira Paulista - Tijuco Preto C1","tensao_kv":500.0,"concessionaria":"FURNAS - Furnas Centrais Elétricas S.A.","extensao_total_km":181.90861659,"ano_operacao":0,"fonte":"EPE/SIN — linhas de transmissão existentes"},"geometry":{"type":"LineString","coordinates":[[-46.270443,-23.708592],[-46.270081,-23.707703],[-46.267395,-23.703125],[-46.265991,-23.7005],[-46.263489,-23.697693],[-46.258301,-23.691711],[-46.256592,-23.689819],[-46.248108,-23.680115],[-46.245402,-23.67706],[-46.244202,-23.675598],[-46.240417,-23.671326],[-46.238794,-23.669412],[-46.235596,-23.667786],[-46.233398,-23.664917],[-46.230713,-23.661316],[-46.227905,-23.657715],[-46.223999,-23.652527],[-46.222595,-23.650513],[-46.21991,-23.647095],[-46.217712,-23.644104],[-46.21521,-23.640808],[-46.211792,-23.636108],[-46.209778,-23.633484],[-46.208248,-23.631584],[-46.20282,-23.624512],[-46.19989,-23.620789],[-46.197205,-23.617981],[-46.19458,-23.616699],[-46.191101,-23.613098],[-46.188277,-23.610057],[-46.187317,-23.608582],[-46.182136,-23.603569],[-46.177624,-23.598511],[-46.173889,-23.594727],[-46.171997,-23.592712],[-46.15918,-23.57959],[-46.154297,-23.574707],[-46.151978,-23.568298],[-46.150696,-23.56488],[-46.15,-23.562836]]}},{"type":"Feature","properties":{"nome":"LT 440 kV Fernão Dias - Taubaté, C1","tensao_kv":440.0,"concessionaria":"CTEEP - Companhia de Transmissão de Energia Elétrica Paulista","extensao_total_km":98.42792851,"ano_operacao":2020,"fonte":"EPE/SIN — linhas de transmissão existentes"},"geometry":{"type":"LineString","coordinates":[[-46.15,-23.097311],[-46.154507,-23.097281],[-46.17052,-23.097269],[-46.184547,-23.097174],[-46.207949,-23.097138],[-46.224046,-23.093736],[-46.249257,-23.088513],[-46.260405,-23.086252],[-46.272718,-23.083647],[-46.294157,-23.07928],[-46.304425,-23.079066],[-46.315275,-23.078769],[-46.328707,-23.078495],[-46.367016,-23.077484],[-46.380877,-23.077246],[-46.398639,-23.076044],[-46.422767,-23.074236],[-46.437032,-23.073308],[-46.461755,-23.071488],[-46.477721,-23.070441],[-46.493651,-23.069334],[-46.5038,-23.067062],[-46.509582,-23.065723],[-46.511655,-23.065285],[-46.511563,-23.064685],[-46.509963,-23.063702],[-46.509615,-23.060553],[-46.510354,-23.059344],[-46.511414,-23.059058]]}},{"type":"Feature","properties":{"nome":"LT 765 kV Itaberá - Tijuco Preto C2","tensao_kv":765.0,"concessionaria":"Furnas Centrais Elétricas S.A.","extensao_total_km":303.97494226,"ano_operacao":1989,"fonte":"EPE/SIN — linhas de transmissão existentes"},"geometry":{"type":"LineString","coordinates":[[-47.05,-23.877742],[-47.033978,-23.880957],[-47.021012,-23.882824],[-47.017273,-23.883425],[-47.008975,-23.884599],[-47.004544,-23.885286],[-47.000574,-23.885817],[-46.993541,-23.88689],[-46.987404,-23.887727],[-46.981579,-23.888617],[-46.97765,-23.889158],[-46.97237,-23.889969],[-46.929694,-23.896165],[-46.923176,-23.896986],[-46.918268,-23.897458],[-46.913129,-23.898456],[-46.910114,-23.898949],[-46.894578,-23.901277],[-46.889396,-23.902018],[-46.881167,-23.903257],[-46.87105,-23.904609],[-46.862521,-23.905928],[-46.859152,-23.906331],[-46.852103,-23.907457],[-46.846106,-23.908342],[-46.840784,-23.90905],[-46.828178,-23.910917],[-46.825265,-23.911405],[-46.821773,-23.911813],[-46.817411,-23.912408],[-46.806017,-23.914206],[-46.801393,-23.914806],[-46.784313,-23.917247],[-46.769357,-23.917467],[-46.762646,-23.917488],[-46.746542,-23.917628],[-46.741773,-23.917703],[-46.729853,-23.9178],[-46.725052,-23.917869],[-46.713154,-23.917955],[-46.708428,-23.918073],[-46.705236,-23.918073],[-46.698965,-23.918159],[-46.69389,-23.9181],[-46.691868,-23.918202],[-46.681622,-23.918368],[-46.678875,-23.91788],[-46.676837,-23.917676],[-46.671665,-23.916877],[-46.664541,-23.915879],[-46.661103,-23.915343],[-46.656012,-23.914678],[-46.649934,-23.913739],[-46.645305,-23.912618],[-46.642317,-23.911947],[-46.638991,-23.911116],[-46.624523,-23.908321],[-46.62007,-23.907409],[-46.610511,-23.90558],[-46.594155,-23.905129],[-46.581393,-23.904845],[-46.57863,-23.904737],[-46.574108,-23.9047],[-46.565831,-23.90441],[-46.562306,-23.903246],[-46.559249,-23.902178],[-46.55279,-23.900038],[-46.550102,-23.897651],[-46.542125,-23.890178],[-46.5366,-23.885093],[-46.533623,-23.882271],[-46.530361,-23.879331],[-46.528269,-23.877363],[-46.525034,-23.874439],[-46.519514,-23.869203],[-46.51363,-23.863823],[-46.498631,-23.853775],[-46.495702,-23.849934],[-46.493932,-23.84752],[-46.491947,-23.844624],[-46.489656,-23.843728],[-46.48485,-23.841555],[-46.482259,-23.840455],[-46.479651,-23.839254],[-46.468338,-23.834367],[-46.459851,-23.83059],[-46.449766,-23.824668],[-46.446011,-23.822163],[-46.443871,-23.820849],[-46.439181,-23.819226],[-46.434541,-23.816549],[-46.426439,-23.811517],[-46.411841,-23.802523],[-46.410643,-23.800261],[-46.397125,-23.791881],[-46.392442,-23.789048],[-46.38336,-23.784945],[-46.36754,-23.777922],[-46.355041,-23.772301],[-46.349398,-23.76729],[-46.346051,-23.764259],[-46.33986,-23.758798],[-46.328171,-23.748381],[-46.325655,-23.746058],[-46.319314,-23.7405],[-46.316525,-23.737915],[-46.310539,-23.732639],[-46.305066,-23.730072],[-46.289359,-23.722567],[-46.284354,-23.720153],[-46.277102,-23.71657],[-46.274454,-23.712973]]}},{"type":"Feature","properties":{"nome":"LT 765 kV Itaberá - Tijuco Preto C3","tensao_kv":765.0,"concessionaria":"Furnas Centrais Elétricas S.A.","extensao_total_km":312.64085708,"ano_operacao":2001,"fonte":"EPE/SIN — linhas de transmissão existentes"},"geometry":{"type":"LineString","coordinates":[[-47.05,-23.857397],[-47.042111,-23.862058],[-47.037953,-23.864451],[-47.027938,-23.870303],[-47.021297,-23.87423],[-47.018014,-23.876113],[-47.014634,-23.878114],[-47.012156,-23.879498],[-47.007478,-23.880345],[-47.000724,-23.881129],[-46.990489,-23.882593],[-46.986911,-23.884733],[-46.981069,-23.888054],[-46.96658,-23.890205],[-46.954901,-23.891857],[-46.950835,-23.892496],[-46.941351,-23.892292],[-46.927092,-23.892174],[-46.923965,-23.893274],[-46.912646,-23.897399],[-46.90929,-23.898501],[-46.881967,-23.902538],[-46.865938,-23.904775],[-46.862547,-23.905327],[-46.848681,-23.905784],[-46.839985,-23.908131],[-46.834551,-23.909363],[-46.82622,-23.910542],[-46.816231,-23.91206],[-46.809901,-23.912907],[-46.801581,-23.914107],[-46.79833,-23.913648],[-46.786437,-23.911738],[-46.784163,-23.911416],[-46.776009,-23.905134],[-46.769904,-23.900344],[-46.766165,-23.899013],[-46.761879,-23.897088],[-46.758446,-23.895698],[-46.753913,-23.894041],[-46.749584,-23.892179],[-46.743779,-23.890216],[-46.739842,-23.888998],[-46.732873,-23.888649],[-46.727568,-23.888499],[-46.72222,-23.88829],[-46.718647,-23.888338],[-46.710488,-23.888558],[-46.704222,-23.888472],[-46.70206,-23.888478],[-46.697018,-23.888515],[-46.69426,-23.888607],[-46.691471,-23.888649],[-46.687732,-23.888531],[-46.681171,-23.888258],[-46.672711,-23.887995],[-46.666773,-23.888295],[-46.662004,-23.888451],[-46.657766,-23.888671],[-46.645519,-23.889143],[-46.641222,-23.889277],[-46.634597,-23.889658],[-46.630064,-23.889819],[-46.625145,-23.890039],[-46.620982,-23.888644],[-46.612061,-23.88461],[-46.608022,-23.882706],[-46.602792,-23.880372],[-46.601204,-23.879111],[-46.597127,-23.876118],[-46.594053,-23.873758],[-46.590684,-23.871285],[-46.584113,-23.86636],[-46.580309,-23.864392],[-46.576243,-23.862096],[-46.57281,-23.859902],[-46.569559,-23.857552],[-46.564146,-23.852504],[-46.557516,-23.846507],[-46.555558,-23.844667],[-46.551996,-23.841443],[-46.548911,-23.839914],[-46.546562,-23.838846],[-46.54367,-23.838202],[-46.538172,-23.83677],[-46.534159,-23.836416],[-46.531075,-23.834345],[-46.526772,-23.830767],[-46.525608,-23.829668],[-46.524573,-23.827066],[-46.524063,-23.825349],[-46.522556,-23.823558],[-46.520807,-23.821594],[-46.517546,-23.818107],[-46.512283,-23.81197],[-46.5112,-23.810817],[-46.507552,-23.810088],[-46.505036,-23.809519],[-46.500176,-23.811171],[-46.495986,-23.811243],[-46.488787,-23.809776],[-46.485563,-23.809192],[-46.478788,-23.811702],[-46.475762,-23.81278],[-46.47087,-23.813038],[-46.46336,-23.815715],[-46.456735,-23.815892],[-46.455227,-23.816342],[-46.449718,-23.817533],[-46.446499,-23.817415],[-46.444134,-23.817415],[-46.4415,-23.816616],[-46.43915,-23.815967],[-46.434767,-23.814433],[-46.429081,-23.810822],[-46.425004,-23.808376],[-46.419119,-23.80461],[-46.413245,-23.801059],[-46.410129,-23.799214],[-46.406561,-23.796939],[-46.402946,-23.794761],[-46.399824,-23.792836],[-46.396101,-23.790518],[-46.392812,-23.788421],[-46.388912,-23.786747],[-46.383972,-23.784569],[-46.380748,-23.783131],[-46.377754,-23.78172],[-46.376306,-23.779022],[-46.371596,-23.776447],[-46.367224,-23.774827],[-46.358566,-23.771684],[-46.355755,-23.76979],[-46.351088,-23.766453],[-46.345541,-23.761416],[-46.341882,-23.757983],[-46.34015,-23.756315],[-46.337682,-23.754212],[-46.331154,-23.748284],[-46.326867,-23.746305],[-46.31719,-23.737362],[-46.315302,-23.735527],[-46.312024,-23.732625],[-46.306332,-23.72997],[-46.303323,-23.728505],[-46.299568,-23.726773],[-46.292873,-23.723586],[-46.280363,-23.717557],[-46.277568,-23.716135],[-46.275423,-23.713549],[-46.274934,-23.712767]]}},{"type":"Feature","properties":{"nome":"LT 345 kV Atibaia II - Mogi das Cruzes C1","tensao_kv":345.0,"concessionaria":"FURNAS - Furnas Centrais Elétricas S.A.","extensao_total_km":66.19957179,"ano_operacao":2013,"fonte":"EPE/SIN — linhas de transmissão existentes"},"geometry":{"type":"LineString","coordinates":[[-46.53469,-23.05],[-46.529907,-23.053711],[-46.523315,-23.059082],[-46.515076,-23.065613],[-46.511597,-23.068298],[-46.496277,-23.080505],[-46.489865,-23.085503],[-46.489075,-23.086914],[-46.486511,-23.091309],[-46.484941,-23.094181],[-46.479126,-23.101501],[-46.473816,-23.108276],[-46.463013,-23.121826],[-46.454529,-23.13269],[-46.452393,-23.135315],[-46.441406,-23.149109],[-46.432295,-23.16089],[-46.424316,-23.170776],[-46.414001,-23.183777],[-46.40831,-23.191144],[-46.398602,-23.203339],[-46.395325,-23.207275],[-46.387329,-23.217407],[-46.372986,-23.235413],[-46.367676,-23.242004],[-46.359985,-23.251892],[-46.356323,-23.256409],[-46.352478,-23.261292],[-46.347717,-23.267212],[-46.344604,-23.271179],[-46.341125,-23.275513],[-46.336304,-23.281616],[-46.331116,-23.288086],[-46.323608,-23.295593],[-46.308228,-23.310608],[-46.302612,-23.316223],[-46.293213,-23.3255],[-46.291382,-23.327209],[-46.287903,-23.330688],[-46.276123,-23.342285],[-46.265198,-23.348328],[-46.264282,-23.349182],[-46.260376,-23.353394],[-46.251646,-23.363394],[-46.250977,-23.365295],[-46.249084,-23.371216],[-46.248108,-23.374084],[-46.244401,-23.381489],[-46.239523,-23.39096],[-46.235002,-23.39999],[-46.216187,-23.436829],[-46.215467,-23.438359],[-46.209106,-23.450684],[-46.206591,-23.455705],[-46.202026,-23.4646],[-46.200655,-23.4674],[-46.19514,-23.478143],[-46.194141,-23.479071],[-46.176208,-23.496277],[-46.170227,-23.502075],[-46.169661,-23.502875]]}},{"type":"Feature","properties":{"nome":"LT 440 kV Água Azul - Bom Jardim, C1","tensao_kv":440.0,"concessionaria":"CTEEP - Companhia de Transmissão de Energia Elétrica Paulista","extensao_total_km":86.71093332,"ano_operacao":2019,"fonte":"EPE/SIN — linhas de transmissão existentes"},"geometry":{"type":"LineString","coordinates":[[-46.991508,-23.151241],[-46.993816,-23.151217],[-46.99629,-23.155512],[-47.005499,-23.172073],[-47.008997,-23.178474],[-47.014588,-23.197569],[-47.017337,-23.206802],[-47.018181,-23.20999],[-47.023583,-23.222387],[-47.027616,-23.231857],[-47.031649,-23.241173],[-47.036242,-23.251666],[-47.04037,-23.261398],[-47.044748,-23.270202],[-47.049459,-23.279518],[-47.049662,-23.281243],[-47.029448,-23.284325],[-47.017242,-23.287644],[-47.006831,-23.290547],[-46.965155,-23.288524],[-46.9502,-23.289785],[-46.921552,-23.292272],[-46.917078,-23.292605],[-46.90662,-23.293021],[-46.8594,-23.294342],[-46.844707,-23.294866],[-46.829288,-23.295365],[-46.778486,-23.29684],[-46.764555,-23.297304],[-46.740736,-23.297995],[-46.674885,-23.280613],[-46.660013,-23.276615],[-46.647925,-23.27345],[-46.63698,-23.270512],[-46.622965,-23.266847],[-46.611478,-23.268266],[-46.605125,-23.269004],[-46.575703,-23.273037],[-46.561676,-23.280955],[-46.549433,-23.287986],[-46.536894,-23.295112],[-46.508162,-23.311376],[-46.492695,-23.320192],[-46.489519,-23.321953],[-46.478061,-23.330043],[-46.467556,-23.337538],[-46.430222,-23.364045],[-46.403263,-23.37047],[-46.398797,-23.371566],[-46.40063,-23.373581]]}},{"type":"Feature","properties":{"nome":"LT 440 kV Cabreúva - Bom Jardim C1","tensao_kv":440.0,"concessionaria":"CTEEP - Companhia de Transmissão de Energia Elétrica Paulista","extensao_total_km":23.80592891,"ano_operacao":0,"fonte":"EPE/SIN — linhas de transmissão existentes"},"geometry":{"type":"LineString","coordinates":[[-47.05,-23.281171],[-47.049912,-23.281184],[-47.049662,-23.279459],[-47.044927,-23.270095],[-47.040572,-23.261244],[-47.036432,-23.251559],[-47.031875,-23.241125],[-47.020144,-23.213845],[-47.018419,-23.209907],[-47.017563,-23.206861],[-47.011995,-23.188016],[-47.009258,-23.17845],[-47.005713,-23.172038],[-46.996516,-23.155572],[-46.993911,-23.151039],[-46.991531,-23.151051]]}},{"type":"Feature","properties":{"nome":"LT 440 kV Replan - Santo Ângelo C1","tensao_kv":440.0,"concessionaria":"CTEEP - Companhia de Transmissão de Energia Elétrica Paulista","extensao_total_km":140.37498264,"ano_operacao":2016,"fonte":"EPE/SIN — linhas de transmissão existentes"},"geometry":{"type":"LineString","coordinates":[[-46.254321,-23.585002],[-46.25427,-23.583628],[-46.254285,-23.580541],[-46.252704,-23.578425],[-46.250573,-23.575461],[-46.246504,-23.55746],[-46.244041,-23.546407],[-46.246171,-23.540233],[-46.256795,-23.511132],[-46.259639,-23.50209],[-46.262625,-23.492144],[-46.266396,-23.48008],[-46.269644,-23.469491],[-46.271476,-23.466515],[-46.280055,-23.453097],[-46.280676,-23.450044],[-46.287609,-23.418464],[-46.300018,-23.393146],[-46.310857,-23.383724],[-46.315463,-23.383262],[-46.366381,-23.378929],[-46.377363,-23.376264],[-46.39039,-23.373218],[-46.403132,-23.370077],[-46.413661,-23.367627],[-46.430032,-23.363665],[-46.48915,-23.321751],[-46.537227,-23.294529],[-46.545947,-23.289461],[-46.560855,-23.28105],[-46.575536,-23.27268],[-46.605731,-23.268576],[-46.620306,-23.253894],[-46.638318,-23.235656],[-46.649192,-23.224829],[-46.659198,-23.214657],[-46.687573,-23.186127],[-46.697959,-23.175598],[-46.708096,-23.165402],[-46.731867,-23.14137],[-46.744823,-23.128318],[-46.753889,-23.119609],[-46.76462,-23.109366],[-46.771282,-23.10306],[-46.780467,-23.094161],[-46.789319,-23.085833],[-46.800562,-23.075006],[-46.80845,-23.067511],[-46.818074,-23.058231],[-46.826672,-23.05]]}},{"type":"Feature","properties":{"nome":"LT 345 kV Campinas - Guarulhos C1","tensao_kv":345.0,"concessionaria":"FURNAS - Furnas Centrais Elétricas S.A.","extensao_total_km":88.49159107,"ano_operacao":0,"fonte":"EPE/SIN — linhas de transmissão existentes"},"geometry":{"type":"LineString","coordinates":[[-46.786815,-23.05],[-46.786405,-23.051086],[-46.764591,-23.09272],[-46.745212,-23.13016],[-46.709872,-23.173133],[-46.676227,-23.214174],[-46.662402,-23.23095],[-46.652206,-23.243477],[-46.643307,-23.25434],[-46.630115,-23.270333],[-46.604465,-23.301576],[-46.604025,-23.308548],[-46.60293,-23.328738],[-46.602276,-23.338125],[-46.601943,-23.343835],[-46.601181,-23.355411],[-46.600931,-23.360027],[-46.600432,-23.370509],[-46.60011,-23.373269],[-46.600872,-23.375256],[-46.604298,-23.384726],[-46.603715,-23.392341],[-46.594316,-23.413684],[-46.59267,-23.417576],[-46.590644,-23.427888],[-46.588997,-23.436514],[-46.587147,-23.441172],[-46.586867,-23.441808]]}},{"type":"Feature","properties":{"nome":"LT 440 kV Bom Jardim - Fernão Dias, C1","tensao_kv":440.0,"concessionaria":"CTEEP - Companhia de Transmissão de Energia Elétrica Paulista","extensao_total_km":57.91683575,"ano_operacao":2020,"fonte":"EPE/SIN — linhas de transmissão existentes"},"geometry":{"type":"MultiLineString","coordinates":[[[-46.990163,-23.150373],[-46.990163,-23.149278],[-46.990318,-23.147827],[-47.00488,-23.128042],[-47.009187,-23.121843],[-47.009009,-23.120522],[-46.970836,-23.121878],[-46.94469,-23.122915],[-46.939182,-23.121844],[-46.934815,-23.121035],[-46.925814,-23.122025],[-46.913307,-23.123538],[-46.906987,-23.124224],[-46.898802,-23.125309],[-46.886724,-23.126689],[-46.87535,-23.128088],[-46.870896,-23.128554],[-46.860455,-23.126099],[-46.840029,-23.121397],[-46.833453,-23.119741],[-46.825772,-23.118151],[-46.814379,-23.115343],[-46.807221,-23.113764],[-46.805308,-23.113211],[-46.796619,-23.111308],[-46.793735,-23.109842],[-46.789176,-23.107672],[-46.786282,-23.106416],[-46.781809,-23.104227],[-46.775625,-23.101383],[-46.765607,-23.096957],[-46.760146,-23.094433],[-46.748496,-23.089322],[-46.742081,-23.086324],[-46.727243,-23.07988],[-46.705476,-23.070096],[-46.69512,-23.065508],[-46.682138,-23.059626],[-46.672772,-23.055533],[-46.660342,-23.05]],[[-46.616749,-23.05],[-46.587164,-23.055307],[-46.573542,-23.054629],[-46.568307,-23.054237],[-46.562465,-23.053999],[-46.534352,-23.060304],[-46.512032,-23.0652],[-46.511697,-23.064604],[-46.510129,-23.06363],[-46.509779,-23.060571],[-46.510428,-23.059468],[-46.511456,-23.059335]]]}},{"type":"Feature","properties":{"nome":"LT 440 kV Sumaré - Bom Jardim C1","tensao_kv":440.0,"concessionaria":"CTEEP - Companhia de Transmissão de Energia Elétrica Paulista","extensao_total_km":46.8462757,"ano_operacao":0,"fonte":"EPE/SIN — linhas de transmissão existentes"},"geometry":{"type":"LineString","coordinates":[[-47.05,-23.108382],[-47.040536,-23.1111],[-47.02557,-23.117191],[-47.021893,-23.118643],[-47.018396,-23.119452],[-47.011067,-23.120427],[-47.009425,-23.120534],[-47.009377,-23.121938],[-47.005023,-23.128232],[-46.997694,-23.138083],[-46.990544,-23.147922],[-46.990794,-23.149207],[-46.990794,-23.150337]]}},{"type":"Feature","properties":{"nome":"LT 440 kV Mogi Mirim III - Santo Ângelo C1","tensao_kv":440.0,"concessionaria":"CTEEP - Companhia de Transmissão de Energia Elétrica Paulista","extensao_total_km":182.04340325,"ano_operacao":0,"fonte":"EPE/SIN — linhas de transmissão existentes"},"geometry":{"type":"LineString","coordinates":[[-46.253976,-23.58499],[-46.253916,-23.583658],[-46.254095,-23.580553],[-46.250371,-23.575532],[-46.246326,-23.557591],[-46.243863,-23.546419],[-46.24604,-23.540137],[-46.251275,-23.525956],[-46.256617,-23.511072],[-46.259532,-23.501888],[-46.262494,-23.492013],[-46.269466,-23.469408],[-46.273368,-23.463233],[-46.279912,-23.453013],[-46.282256,-23.441985],[-46.287407,-23.418392],[-46.299875,-23.392992],[-46.310787,-23.383568],[-46.366259,-23.37872],[-46.377191,-23.37608],[-46.390319,-23.373052],[-46.40318,-23.369863],[-46.413685,-23.367424],[-46.429984,-23.363462],[-46.467199,-23.337039],[-46.477776,-23.329638],[-46.489126,-23.321524],[-46.492612,-23.319597],[-46.50765,-23.311067],[-46.522974,-23.302453],[-46.537132,-23.294351],[-46.545983,-23.289223],[-46.575465,-23.272502],[-46.605577,-23.268397],[-46.611049,-23.262936],[-46.63018,-23.243651],[-46.638175,-23.235549],[-46.64899,-23.224722],[-46.668632,-23.204842],[-46.687383,-23.185984],[-46.697757,-23.175455],[-46.718744,-23.154338],[-46.727679,-23.14526],[-46.744668,-23.128187],[-46.753639,-23.119574],[-46.771092,-23.102953],[-46.780348,-23.094018],[-46.808224,-23.067463],[-46.817908,-23.058124],[-46.826395,-23.05]]}},{"type":"Feature","properties":{"nome":"LT 500 kV Campinas - Fernão Dias, C1","tensao_kv":500.0,"concessionaria":"FURNAS - Furnas Centrais Elétricas S.A.","extensao_total_km":64.39204709,"ano_operacao":2020,"fonte":"EPE/SIN — linhas de transmissão existentes"},"geometry":{"type":"LineString","coordinates":[[-46.515293,-23.057624],[-46.516089,-23.05738],[-46.517145,-23.05715],[-46.51985,-23.05]]}},{"type":"Feature","properties":{"nome":"LT 345 kV Guarulhos - Poços de Caldas C2","tensao_kv":345.0,"concessionaria":"FURNAS - Furnas Centrais Elétricas S.A.","extensao_total_km":184.82003575,"ano_operacao":0,"fonte":"EPE/SIN — linhas de transmissão existentes"},"geometry":{"type":"LineString","coordinates":[[-46.586462,-23.441558],[-46.58717,-23.439732],[-46.588628,-23.436455],[-46.589038,-23.43439],[-46.589478,-23.431824],[-46.590335,-23.427674],[-46.592292,-23.417519],[-46.593506,-23.414612],[-46.598623,-23.402929],[-46.603311,-23.392376],[-46.603918,-23.384786],[-46.602478,-23.380676],[-46.599765,-23.373293],[-46.600098,-23.370483],[-46.600525,-23.362976],[-46.600586,-23.359924],[-46.600824,-23.355435],[-46.601807,-23.340088],[-46.60205,-23.335638],[-46.6026,-23.328979],[-46.60321,-23.315613],[-46.604917,-23.289929],[-46.605408,-23.280212],[-46.605821,-23.277543],[-46.607178,-23.267578],[-46.607727,-23.263306],[-46.608215,-23.26001],[-46.609057,-23.253832],[-46.610107,-23.246521],[-46.61064,-23.242518],[-46.612,-23.233093],[-46.612793,-23.22699],[-46.61499,-23.211304],[-46.615417,-23.207886],[-46.616394,-23.200684],[-46.617187,-23.195496],[-46.619202,-23.180481],[-46.620178,-23.173401],[-46.620789,-23.169312],[-46.621094,-23.16571],[-46.62149,-23.160307],[-46.62212,-23.150337],[-46.622739,-23.141759],[-46.623291,-23.132812],[-46.623524,-23.129565],[-46.630758,-23.11436],[-46.63031,-23.109802],[-46.629854,-23.104604],[-46.62439,-23.098511],[-46.621954,-23.095883],[-46.62218,-23.084165],[-46.622498,-23.075195],[-46.622498,-23.072388],[-46.62262,-23.068604],[-46.622986,-23.051575],[-46.62293,-23.05]]}},{"type":"Feature","properties":{"nome":"LT 345 kV Guarulhos - Poços de Caldas C1","tensao_kv":345.0,"concessionaria":"FURNAS - Furnas Centrais Elétricas S.A.","extensao_total_km":184.77606992,"ano_operacao":0,"fonte":"EPE/SIN — linhas de transmissão existentes"},"geometry":{"type":"LineString","coordinates":[[-46.622445,-23.05],[-46.622498,-23.051575],[-46.622192,-23.068176],[-46.621582,-23.096008],[-46.624084,-23.098694],[-46.629497,-23.104759],[-46.630341,-23.114086],[-46.627502,-23.120178],[-46.625488,-23.12439],[-46.623144,-23.129481],[-46.622681,-23.136597],[-46.622251,-23.142021],[-46.621704,-23.150085],[-46.621094,-23.15979],[-46.620422,-23.169312],[-46.619812,-23.173401],[-46.61731,-23.192017],[-46.616089,-23.200378],[-46.615112,-23.207703],[-46.613892,-23.216492],[-46.613098,-23.221802],[-46.612427,-23.226929],[-46.611511,-23.233093],[-46.610259,-23.242446],[-46.60968,-23.246399],[-46.608704,-23.253784],[-46.605452,-23.277508],[-46.60498,-23.280518],[-46.60481,-23.283908],[-46.604492,-23.288696],[-46.603882,-23.299011],[-46.603699,-23.301392],[-46.603323,-23.308429],[-46.602722,-23.317627],[-46.602112,-23.329102],[-46.601379,-23.339783],[-46.599609,-23.370422],[-46.599397,-23.373341],[-46.599792,-23.374512],[-46.602112,-23.380798],[-46.603516,-23.384827],[-46.602942,-23.392305],[-46.600586,-23.397705],[-46.598231,-23.402953],[-46.593638,-23.413423],[-46.59197,-23.417391],[-46.588336,-23.436217],[-46.587708,-23.4375],[-46.586843,-23.439613],[-46.58604,-23.441326]]}},{"type":"Feature","properties":{"nome":"LT 500 kV Araraquara 2 - Taubaté, C1","tensao_kv":500.0,"concessionaria":"COPEL-GT - COPEL GERAÇÃO E TRANSMISSÃO S.A","extensao_total_km":334.74280047,"ano_operacao":2018,"fonte":"EPE/SIN — linhas de transmissão existentes"},"geometry":{"type":"LineString","coordinates":[[-46.15,-23.094678],[-46.16135,-23.093819],[-46.215083,-23.091728],[-46.218053,-23.091688],[-46.237821,-23.090389],[-46.265008,-23.081849],[-46.273904,-23.078809],[-46.277735,-23.077879],[-46.282193,-23.076455],[-46.298963,-23.075134],[-46.303888,-23.074665],[-46.328173,-23.072645],[-46.371228,-23.071221],[-46.393959,-23.062917],[-46.396861,-23.061884],[-46.422768,-23.05]]}},{"type":"Feature","properties":{"nome":"LT 500 kV Araraquara II - Fernão Dias, C1","tensao_kv":500.0,"concessionaria":"MSGT - MATA DE SANTA GENEBRA TRANSMISSAO S.A.","extensao_total_km":249.02746969,"ano_operacao":2020,"fonte":"EPE/SIN — linhas de transmissão existentes"},"geometry":{"type":"LineString","coordinates":[[-46.533878,-23.05],[-46.528097,-23.05459],[-46.522744,-23.057238],[-46.516408,-23.058517]]}},{"type":"Feature","properties":{"nome":"LT 500 kV Fernão Dias - Estreito, C1","tensao_kv":500.0,"concessionaria":"CANTAREIRA TRANSMISS - CANTAREIRA TRANSMISSORA DE ENERGIA S.A.","extensao_total_km":343.96083426,"ano_operacao":2018,"fonte":"EPE/SIN — linhas de transmissão existentes"},"geometry":{"type":"LineString","coordinates":[[-46.533239,-23.05],[-46.527864,-23.054285],[-46.522703,-23.056863],[-46.516493,-23.058064]]}},{"type":"Feature","properties":{"nome":"LT 500 kV Fernão Dias - Estreito, C2","tensao_kv":500.0,"concessionaria":"CANTAREIRA TRANSMISS - CANTAREIRA TRANSMISSORA DE ENERGIA S.A.","extensao_total_km":343.90606704,"ano_operacao":2018,"fonte":"EPE/SIN — linhas de transmissão existentes"},"geometry":{"type":"LineString","coordinates":[[-46.532792,-23.05],[-46.52769,-23.054067],[-46.522596,-23.056611],[-46.51643,-23.057804]]}},{"type":"Feature","properties":{"nome":"LT 500 kV Cachoeira Paulista - Fernão Dias, C1","tensao_kv":500.0,"concessionaria":"FURNAS - Furnas Centrais Elétricas S.A.","extensao_total_km":167.67080254,"ano_operacao":2020,"fonte":"EPE/SIN — linhas de transmissão existentes"},"geometry":{"type":"LineString","coordinates":[[-46.515251,-23.057391],[-46.516077,-23.057275],[-46.517062,-23.05705],[-46.519721,-23.05]]}},{"type":"Feature","properties":{"nome":"LT 500 kV Fernão Dias - Terminal Rio, C1","tensao_kv":500.0,"concessionaria":"TSM - TSM - TRANSMISSORA SERRA DA MANTIQUEIRA S.A.","extensao_total_km":301.15095215,"ano_operacao":2021,"fonte":"EPE/SIN — linhas de transmissão existentes"},"geometry":{"type":"MultiLineString","coordinates":[[[-46.512699,-23.056313],[-46.511748,-23.056349],[-46.510724,-23.056622],[-46.509808,-23.057979],[-46.508102,-23.05824],[-46.501516,-23.054992],[-46.495901,-23.054846],[-46.482131,-23.054924],[-46.474594,-23.05]],[[-46.42405,-23.05],[-46.397106,-23.062347],[-46.371414,-23.071751],[-46.349119,-23.074892],[-46.320659,-23.076301],[-46.313881,-23.075376],[-46.308414,-23.074747],[-46.304934,-23.074155],[-46.297549,-23.073148],[-46.26626,-23.073502],[-46.259826,-23.073605],[-46.25317,-23.071535],[-46.236325,-23.066728],[-46.15,-23.081582]]]}}]}